# https://github.com/mikedh/trimesh
mtllib sombrero.mtl

o mexican_hat_0
usemtl mexican_hat_cc9000
v -0.45905718 0.10436467 0.16682805
v -0.48279189 0.10436463 -0.08212129
v -0.46093432 0.10436467 0.16997444
v -0.47959310 0.10436463 -0.08390759
v -0.45591089 0.10436467 0.16870513
v -0.47780690 0.10436463 -0.08070882
v -0.45905718 0.10436467 0.16682805
v -0.47959310 0.10436463 -0.08390759
v -0.48100577 0.10436463 -0.07892246
v -0.46093432 0.10436467 0.16997444
v -0.48279189 0.10436463 -0.08212129
v -0.45778803 0.10436467 0.17185162
v -0.45591089 0.10436467 0.16870513
v -0.48100577 0.10436463 -0.07892246
v -0.47780690 0.10436463 -0.08070882
v -0.45778803 0.10436467 0.17185162
v -0.47780690 0.10436463 -0.08070882
v -0.37206196 0.10436459 -0.30765575
v -0.47959310 0.10436463 -0.08390759
v -0.37200950 0.10436459 -0.31131908
v -0.37572548 0.10436459 -0.30770817
v -0.48100577 0.10436463 -0.07892246
v -0.48279189 0.10436463 -0.08212129
v -0.37567285 0.10436459 -0.31137150
v -0.48100577 0.10436463 -0.07892246
v -0.37572548 0.10436459 -0.30770817
v -0.47780690 0.10436463 -0.08070882
v -0.37206196 0.10436459 -0.30765575
v -0.47959310 0.10436463 -0.08390759
v -0.37567285 0.10436459 -0.31137150
v -0.48279189 0.10436463 -0.08212129
v -0.37200950 0.10436459 -0.31131908
v -0.47780690 0.10436463 -0.08070882
v -0.48100577 0.02786075 -0.07892245
v -0.47780690 0.02786075 -0.08070881
v -0.48100577 0.10436463 -0.07892246
v -0.48100577 0.10436463 -0.07892246
v -0.48279189 0.02786075 -0.08212128
v -0.48100577 0.02786075 -0.07892245
v -0.48279189 0.10436463 -0.08212129
v -0.48279189 0.10436463 -0.08212129
v -0.47959310 0.02786075 -0.08390758
v -0.48279189 0.02786075 -0.08212128
v -0.47959310 0.10436463 -0.08390759
v -0.47959310 0.10436463 -0.08390759
v -0.47780690 0.02786075 -0.08070881
v -0.47959310 0.02786075 -0.08390758
v -0.47780690 0.10436463 -0.08070882
v -0.37206196 0.10436459 -0.30765575
v -0.16701071 0.10436457 -0.45132506
v -0.37200950 0.10436459 -0.31131908
v -0.16513360 0.10436457 -0.45447139
v -0.17015716 0.10436457 -0.45320221
v -0.37572548 0.10436459 -0.30770817
v -0.37567285 0.10436459 -0.31137150
v -0.16827995 0.10436457 -0.45634845
v -0.37572548 0.10436459 -0.30770817
v -0.17015716 0.10436457 -0.45320221
v -0.37206196 0.10436459 -0.30765575
v -0.16701071 0.10436457 -0.45132506
v -0.37200950 0.10436459 -0.31131908
v -0.16827995 0.10436457 -0.45634845
v -0.37567285 0.10436459 -0.31137150
v -0.16513360 0.10436457 -0.45447139
v -0.37206196 0.10436459 -0.30765575
v -0.37572548 0.02786073 -0.30770816
v -0.37206196 0.02786073 -0.30765574
v -0.37572548 0.10436459 -0.30770817
v -0.37572548 0.10436459 -0.30770817
v -0.37567285 0.02786073 -0.31137149
v -0.37572548 0.02786073 -0.30770816
v -0.37567285 0.10436459 -0.31137150
v -0.37567285 0.10436459 -0.31137150
v -0.37200950 0.02786073 -0.31131907
v -0.37567285 0.02786073 -0.31137149
v -0.37200950 0.10436459 -0.31131908
v -0.37200950 0.10436459 -0.31131908
v -0.37206196 0.02786073 -0.30765574
v -0.37200950 0.02786073 -0.31131907
v -0.37206196 0.10436459 -0.30765575
v 0.08560232 0.10436456 -0.47500698
v -0.16513360 0.10436457 -0.45447139
v 0.08240351 0.10436457 -0.47322073
v -0.16701071 0.10436457 -0.45132506
v 0.08061719 0.10436456 -0.47641960
v -0.16827995 0.10436457 -0.45634845
v 0.08381601 0.10436456 -0.47820573
v -0.17015716 0.10436457 -0.45320221
v -0.17015716 0.10436457 -0.45320221
v 0.08061719 0.10436456 -0.47641960
v -0.16701071 0.10436457 -0.45132506
v 0.08240351 0.10436457 -0.47322073
v 0.08381601 0.10436456 -0.47820573
v -0.16513360 0.10436457 -0.45447139
v 0.08560232 0.10436456 -0.47500698
v -0.16827995 0.10436457 -0.45634845
v -0.16701071 0.10436457 -0.45132506
v -0.17015716 0.02786071 -0.45320220
v -0.16701071 0.02786071 -0.45132505
v -0.17015716 0.10436457 -0.45320221
v -0.17015716 0.10436457 -0.45320221
v -0.16827995 0.02786071 -0.45634844
v -0.17015716 0.02786071 -0.45320220
v -0.16827995 0.10436457 -0.45634845
v -0.16827995 0.10436457 -0.45634845
v -0.16513360 0.02786071 -0.45447138
v -0.16827995 0.02786071 -0.45634844
v -0.16513360 0.10436457 -0.45447139
v -0.16513360 0.10436457 -0.45447139
v -0.16701071 0.02786071 -0.45132505
v -0.16513360 0.02786071 -0.45447138
v -0.16701071 0.10436457 -0.45132506
v 0.08240351 0.10436457 -0.47322073
v 0.30935038 0.10436458 -0.36747583
v 0.08560232 0.10436456 -0.47500698
v 0.31301373 0.10436458 -0.36742333
v 0.30940284 0.10436458 -0.37113931
v 0.08381601 0.10436456 -0.47820573
v 0.31306617 0.10436458 -0.37108672
v 0.08061719 0.10436456 -0.47641960
v 0.08061719 0.10436456 -0.47641960
v 0.30940284 0.10436458 -0.37113931
v 0.08240351 0.10436457 -0.47322073
v 0.30935038 0.10436458 -0.36747583
v 0.08560232 0.10436456 -0.47500698
v 0.31306617 0.10436458 -0.37108672
v 0.08381601 0.10436456 -0.47820573
v 0.31301373 0.10436458 -0.36742333
v 0.08240351 0.10436457 -0.47322073
v 0.08061719 0.02786072 -0.47641959
v 0.08240351 0.02786073 -0.47322072
v 0.08061719 0.10436456 -0.47641960
v 0.08061719 0.10436456 -0.47641960
v 0.08381601 0.02786072 -0.47820571
v 0.08061719 0.02786072 -0.47641959
v 0.08381601 0.10436456 -0.47820573
v 0.08381601 0.10436456 -0.47820573
v 0.08560232 0.02786072 -0.47500697
v 0.08381601 0.02786072 -0.47820571
v 0.08560232 0.10436456 -0.47500698
v 0.08560232 0.10436456 -0.47500698
v 0.08240351 0.02786073 -0.47322072
v 0.08560232 0.02786072 -0.47500697
v 0.08240351 0.10436457 -0.47322073
v 0.45489686 0.10436462 -0.16557105
v 0.30940284 0.10436458 -0.37113931
v 0.31306617 0.10436458 -0.37108672
v 0.45804310 0.10436462 -0.16369385
v 0.30940284 0.10436458 -0.37113931
v 0.45489686 0.10436462 -0.16557105
v 0.30935038 0.10436458 -0.36747583
v 0.45301967 0.10436462 -0.16242458
v 0.31301373 0.10436458 -0.36742333
v 0.45804310 0.10436462 -0.16369385
v 0.31306617 0.10436458 -0.37108672
v 0.45616600 0.10436462 -0.16054748
v 0.30935038 0.10436458 -0.36747583
v 0.45301967 0.10436462 -0.16242458
v 0.31301373 0.10436458 -0.36742333
v 0.45616600 0.10436462 -0.16054748
v 0.30935038 0.10436458 -0.36747583
v 0.30940284 0.02786074 -0.37113930
v 0.30935038 0.02786074 -0.36747582
v 0.30940284 0.10436458 -0.37113931
v 0.30940284 0.10436458 -0.37113931
v 0.31306617 0.02786074 -0.37108671
v 0.30940284 0.02786074 -0.37113930
v 0.31306617 0.10436458 -0.37108672
v 0.31306617 0.10436458 -0.37108672
v 0.31301373 0.02786074 -0.36742332
v 0.31306617 0.02786074 -0.37108671
v 0.31301373 0.10436458 -0.36742333
v 0.31301373 0.10436458 -0.36742333
v 0.30935038 0.02786074 -0.36747582
v 0.31301373 0.02786074 -0.36742332
v 0.30935038 0.10436458 -0.36747583
v 0.45489686 0.10436462 -0.16557105
v 0.47811421 0.10436466 0.08520327
v 0.45301967 0.10436462 -0.16242458
v 0.47491534 0.10436466 0.08698961
v 0.45616600 0.10436462 -0.16054748
v 0.47990038 0.10436466 0.08840209
v 0.45804310 0.10436462 -0.16369385
v 0.47670154 0.10436466 0.09018839
v 0.45301967 0.10436462 -0.16242458
v 0.47491534 0.10436466 0.08698961
v 0.45616600 0.10436462 -0.16054748
v 0.47670154 0.10436466 0.09018839
v 0.47811421 0.10436466 0.08520327
v 0.45489686 0.10436462 -0.16557105
v 0.45804310 0.10436462 -0.16369385
v 0.47990038 0.10436466 0.08840209
v 0.45301967 0.10436462 -0.16242458
v 0.45489686 0.02786080 -0.16557103
v 0.45301967 0.02786080 -0.16242456
v 0.45489686 0.10436462 -0.16557105
v 0.45489686 0.10436462 -0.16557105
v 0.45804310 0.02786080 -0.16369384
v 0.45489686 0.02786080 -0.16557103
v 0.45804310 0.10436462 -0.16369385
v 0.45804310 0.10436462 -0.16369385
v 0.45616600 0.02786080 -0.16054746
v 0.45804310 0.02786080 -0.16369384
v 0.45616600 0.10436462 -0.16054748
v 0.45616600 0.10436462 -0.16054748
v 0.45301967 0.02786080 -0.16242456
v 0.45616600 0.02786080 -0.16054746
v 0.45301967 0.10436462 -0.16242458
v 0.37278133 0.10436470 0.31765219
v 0.47670154 0.10436466 0.09018839
v 0.36911794 0.10436470 0.31759975
v 0.47990038 0.10436466 0.08840209
v 0.36911794 0.10436470 0.31759975
v 0.47670154 0.10436466 0.09018839
v 0.36917039 0.10436470 0.31393642
v 0.47491534 0.10436466 0.08698961
v 0.37283387 0.10436470 0.31398886
v 0.47990038 0.10436466 0.08840209
v 0.37278133 0.10436470 0.31765219
v 0.47811421 0.10436466 0.08520327
v 0.47811421 0.10436466 0.08520327
v 0.37283387 0.10436470 0.31398886
v 0.47491534 0.10436466 0.08698961
v 0.36917039 0.10436470 0.31393642
v 0.47491534 0.10436466 0.08698961
v 0.47811421 0.02786086 0.08520328
v 0.47491534 0.02786086 0.08698962
v 0.47811421 0.10436466 0.08520327
v 0.47811421 0.10436466 0.08520327
v 0.47990038 0.02786086 0.08840211
v 0.47811421 0.02786086 0.08520328
v 0.47990038 0.10436466 0.08840209
v 0.47990038 0.10436466 0.08840209
v 0.47670154 0.02786086 0.09018840
v 0.47990038 0.02786086 0.08840211
v 0.47670154 0.10436466 0.09018839
v 0.47670154 0.10436466 0.09018839
v 0.47491534 0.02786086 0.08698962
v 0.47670154 0.02786086 0.09018840
v 0.47491534 0.10436466 0.08698961
v 0.36917039 0.10436470 0.31393642
v 0.16411917 0.10436472 0.45760567
v 0.36911794 0.10436470 0.31759975
v 0.16224208 0.10436472 0.46075196
v 0.16726562 0.10436472 0.45948281
v 0.37278133 0.10436470 0.31765219
v 0.16538846 0.10436472 0.46262906
v 0.37283387 0.10436470 0.31398886
v 0.37283387 0.10436470 0.31398886
v 0.16726562 0.10436472 0.45948281
v 0.36917039 0.10436470 0.31393642
v 0.16411917 0.10436472 0.45760567
v 0.36911794 0.10436470 0.31759975
v 0.16538846 0.10436472 0.46262906
v 0.37278133 0.10436470 0.31765219
v 0.16224208 0.10436472 0.46075196
v 0.36917039 0.10436470 0.31393642
v 0.37283387 0.02786090 0.31398887
v 0.36917039 0.02786090 0.31393644
v 0.37283387 0.10436470 0.31398886
v 0.37283387 0.10436470 0.31398886
v 0.37278133 0.02786090 0.31765220
v 0.37283387 0.02786090 0.31398887
v 0.37278133 0.10436470 0.31765219
v 0.37278133 0.10436470 0.31765219
v 0.36911794 0.02786090 0.31759977
v 0.37278133 0.02786090 0.31765220
v 0.36911794 0.10436470 0.31759975
v 0.36911794 0.10436470 0.31759975
v 0.36917039 0.02786090 0.31393644
v 0.36911794 0.02786090 0.31759977
v 0.36917039 0.10436470 0.31393642
v 0.16411917 0.10436472 0.45760567
v -0.28541408 0.10436471 0.39467731
v 0.16224208 0.10436472 0.46075196
v -0.28861279 0.10436471 0.39646352
v 0.16538846 0.10436472 0.46262906
v -0.28362771 0.10436471 0.39787619
v 0.16726562 0.10436472 0.45948281
v -0.28682654 0.10436471 0.39966235
v 0.16726562 0.10436472 0.45948281
v -0.28362771 0.10436471 0.39787619
v 0.16411917 0.10436472 0.45760567
v -0.28541408 0.10436471 0.39467731
v 0.16224208 0.10436472 0.46075196
v -0.28682654 0.10436471 0.39966235
v 0.16538846 0.10436472 0.46262906
v -0.28861279 0.10436471 0.39646352
v 0.16411917 0.10436472 0.45760567
v 0.16726562 0.02786095 0.45948283
v 0.16411917 0.02786095 0.45760568
v 0.16726562 0.10436472 0.45948281
v 0.16726562 0.10436472 0.45948281
v 0.16538846 0.02786095 0.46262907
v 0.16726562 0.02786095 0.45948283
v 0.16538846 0.10436472 0.46262906
v 0.16538846 0.10436472 0.46262906
v 0.16224208 0.02786095 0.46075197
v 0.16538846 0.02786095 0.46262907
v 0.16224208 0.10436472 0.46075196
v 0.16224208 0.10436472 0.46075196
v 0.16411917 0.02786095 0.45760568
v 0.16224208 0.02786095 0.46075197
v 0.16411917 0.10436472 0.45760567
v -0.31229412 0.10436471 0.37741983
v -0.28682654 0.10436471 0.39966235
v -0.31595750 0.10436471 0.37736728
v -0.28362771 0.10436471 0.39787619
v -0.28362771 0.10436471 0.39787619
v -0.31229412 0.10436471 0.37741983
v -0.28541408 0.10436471 0.39467731
v -0.31224173 0.10436471 0.37375635
v -0.28861279 0.10436471 0.39646352
v -0.31595750 0.10436471 0.37736728
v -0.28682654 0.10436471 0.39966235
v -0.31590502 0.10436471 0.37370385
v -0.31590502 0.10436471 0.37370385
v -0.28861279 0.10436471 0.39646352
v -0.31224173 0.10436471 0.37375635
v -0.28541408 0.10436471 0.39467731
v -0.28541408 0.10436471 0.39467731
v -0.28362771 0.02786096 0.39787620
v -0.28541408 0.02786096 0.39467733
v -0.28362771 0.10436471 0.39787619
v -0.28362771 0.10436471 0.39787619
v -0.28682654 0.02786096 0.39966237
v -0.28362771 0.02786096 0.39787620
v -0.28682654 0.10436471 0.39966235
v -0.28682654 0.10436471 0.39966235
v -0.28861279 0.02786096 0.39646353
v -0.28682654 0.02786096 0.39966237
v -0.28861279 0.10436471 0.39646352
v -0.28861279 0.10436471 0.39646352
v -0.28541408 0.02786096 0.39467733
v -0.28861279 0.02786096 0.39646353
v -0.28541408 0.10436471 0.39467731
v -0.31229412 0.10436471 0.37741983
v -0.45778803 0.10436467 0.17185162
v -0.31224173 0.10436471 0.37375635
v -0.45591089 0.10436467 0.16870513
v -0.45905718 0.10436467 0.16682805
v -0.31590502 0.10436471 0.37370385
v -0.45591089 0.10436467 0.16870513
v -0.31224173 0.10436471 0.37375635
v -0.46093432 0.10436467 0.16997444
v -0.31590502 0.10436471 0.37370385
v -0.45905718 0.10436467 0.16682805
v -0.31595750 0.10436471 0.37736728
v -0.45778803 0.10436467 0.17185162
v -0.31595750 0.10436471 0.37736728
v -0.46093432 0.10436467 0.16997444
v -0.31229412 0.10436471 0.37741983
v -0.45905718 0.10436467 0.16682805
v -0.48900537 0.10436464 -0.03219977
v -0.46093432 0.10436467 0.16997444
v -0.48600701 0.10436464 -0.03430536
v -0.48689988 0.10436464 -0.02920146
v -0.46093432 0.10436467 0.16997444
v -0.48900537 0.10436464 -0.03219977
v -0.45778803 0.10436467 0.17185162
v -0.45591089 0.10436467 0.16870513
v -0.48689988 0.10436464 -0.02920146
v -0.48390152 0.10436464 -0.03130715
v -0.45778803 0.10436467 0.17185162
v -0.45591089 0.10436467 0.16870513
v -0.48390152 0.10436464 -0.03130715
v -0.45905718 0.10436467 0.16682805
v -0.48600701 0.10436464 -0.03430536
v -0.48689988 0.10436464 -0.02920146
v -0.43137459 0.10436461 -0.22461585
v -0.48390152 0.10436464 -0.03130715
v -0.42777776 0.10436461 -0.22531359
v -0.48390152 0.10436464 -0.03130715
v -0.42777776 0.10436461 -0.22531359
v -0.48600701 0.10436464 -0.03430536
v -0.42847537 0.10436461 -0.22891022
v -0.43137459 0.10436461 -0.22461585
v -0.48689988 0.10436464 -0.02920146
v -0.48900537 0.10436464 -0.03219977
v -0.43207216 0.10436461 -0.22821254
v -0.48600701 0.10436464 -0.03430536
v -0.43207216 0.10436461 -0.22821254
v -0.48900537 0.10436464 -0.03219977
v -0.42847537 0.10436461 -0.22891022
v -0.43137459 0.10436461 -0.22461585
v -0.30089272 0.10436458 -0.38032173
v -0.42777776 0.10436461 -0.22531359
v -0.29732454 0.10436458 -0.37948988
v -0.42847537 0.10436461 -0.22891022
v -0.30006084 0.10436458 -0.38388974
v -0.43207216 0.10436461 -0.22821254
v -0.29649266 0.10436458 -0.38305789
v -0.30089272 0.10436458 -0.38032173
v -0.43137459 0.10436461 -0.22461585
v -0.43207216 0.10436461 -0.22821254
v -0.30006084 0.10436458 -0.38388974
v -0.42777776 0.10436461 -0.22531359
v -0.29732454 0.10436458 -0.37948988
v -0.42847537 0.10436461 -0.22891022
v -0.29649266 0.10436458 -0.38305789
v -0.11820342 0.10436457 -0.46917238
v -0.30006084 0.10436458 -0.38388974
v -0.11598703 0.10436457 -0.47208964
v -0.30089272 0.10436458 -0.38032173
v -0.11306961 0.10436457 -0.46987324
v -0.29649266 0.10436458 -0.38305789
v -0.11528594 0.10436457 -0.46695594
v -0.29732454 0.10436458 -0.37948988
v -0.29649266 0.10436458 -0.38305789
v -0.11598703 0.10436457 -0.47208964
v -0.30006084 0.10436458 -0.38388974
v -0.11306961 0.10436457 -0.46987324
v -0.30089272 0.10436458 -0.38032173
v -0.11820342 0.10436457 -0.46917238
v -0.29732454 0.10436458 -0.37948988
v -0.11528594 0.10436457 -0.46695594
v 0.08981466 0.10436456 -0.47422040
v -0.11306961 0.10436457 -0.46987324
v 0.08660026 0.10436457 -0.47246249
v -0.11528594 0.10436457 -0.46695594
v -0.11820342 0.10436457 -0.46917238
v 0.08484217 0.10436456 -0.47567702
v -0.11528594 0.10436457 -0.46695594
v 0.08660026 0.10436457 -0.47246249
v 0.08805660 0.10436456 -0.47743488
v -0.11306961 0.10436457 -0.46987324
v 0.08981466 0.10436456 -0.47422040
v -0.11598703 0.10436457 -0.47208964
v 0.08484217 0.10436456 -0.47567702
v -0.11598703 0.10436457 -0.47208964
v 0.08805660 0.10436456 -0.47743488
v -0.11820342 0.10436457 -0.46917238
v 0.08660026 0.10436457 -0.47246249
v 0.27313595 0.10436458 -0.39504936
v 0.08981466 0.10436456 -0.47422040
v 0.27678797 0.10436458 -0.39534145
v 0.08484217 0.10436456 -0.47567702
v 0.27284377 0.10436458 -0.39870159
v 0.08660026 0.10436457 -0.47246249
v 0.27313595 0.10436458 -0.39504936
v 0.08981466 0.10436456 -0.47422040
v 0.27649579 0.10436458 -0.39899364
v 0.08805660 0.10436456 -0.47743488
v 0.27678797 0.10436458 -0.39534145
v 0.27284377 0.10436458 -0.39870159
v 0.08805660 0.10436456 -0.47743488
v 0.27649579 0.10436458 -0.39899364
v 0.08484217 0.10436456 -0.47567702
v 0.41302397 0.10436460 -0.25166647
v 0.27284377 0.10436458 -0.39870159
v 0.27649579 0.10436458 -0.39899364
v 0.41647689 0.10436460 -0.25044175
v 0.27313595 0.10436458 -0.39504936
v 0.41179929 0.10436460 -0.24821328
v 0.27678797 0.10436458 -0.39534145
v 0.41525225 0.10436460 -0.24698862
v 0.27678797 0.10436458 -0.39534145
v 0.41647689 0.10436460 -0.25044175
v 0.27649579 0.10436458 -0.39899364
v 0.41525225 0.10436460 -0.24698862
v 0.27284377 0.10436458 -0.39870159
v 0.41302397 0.10436460 -0.25166647
v 0.27313595 0.10436458 -0.39504936
v 0.41179929 0.10436460 -0.24821328
v 0.48094288 0.10436463 -0.06020673
v 0.41302397 0.10436460 -0.25166647
v 0.41647689 0.10436460 -0.25044175
v 0.48359468 0.10436464 -0.05767880
v 0.41302397 0.10436460 -0.25166647
v 0.48094288 0.10436463 -0.06020673
v 0.41179929 0.10436460 -0.24821328
v 0.47841486 0.10436464 -0.05755467
v 0.41525225 0.10436460 -0.24698862
v 0.48359468 0.10436464 -0.05767880
v 0.41647689 0.10436460 -0.25044175
v 0.48106670 0.10436464 -0.05502676
v 0.41179929 0.10436460 -0.24821328
v 0.47841486 0.10436464 -0.05755467
v 0.41525225 0.10436460 -0.24698862
v 0.48106670 0.10436464 -0.05502676
v 0.48106670 0.10436464 -0.05502676
v 0.46614745 0.10436467 0.14568770
v 0.48359468 0.10436464 -0.05767880
v 0.46275691 0.10436467 0.14707629
v 0.46275691 0.10436467 0.14707629
v 0.48106670 0.10436464 -0.05502676
v 0.46136849 0.10436467 0.14368586
v 0.47841486 0.10436464 -0.05755467
v 0.48094288 0.10436463 -0.06020673
v 0.46475907 0.10436467 0.14229729
v 0.47841486 0.10436464 -0.05755467
v 0.46136849 0.10436467 0.14368586
v 0.46475907 0.10436467 0.14229729
v 0.48359468 0.10436464 -0.05767880
v 0.46614745 0.10436467 0.14568770
v 0.48094288 0.10436463 -0.06020673
v 0.36729415 0.10436470 0.32053975
v 0.46614745 0.10436467 0.14568770
v 0.36717705 0.10436470 0.32420156
v 0.46475907 0.10436467 0.14229729
v 0.36351511 0.10436470 0.32408459
v 0.46275691 0.10436467 0.14707629
v 0.36363217 0.10436470 0.32042276
v 0.46136849 0.10436467 0.14368586
v 0.46475907 0.10436467 0.14229729
v 0.36729415 0.10436470 0.32053975
v 0.46136849 0.10436467 0.14368586
v 0.36363217 0.10436470 0.32042276
v 0.36717705 0.10436470 0.32420156
v 0.46275691 0.10436467 0.14707629
v 0.36351511 0.10436470 0.32408459
v 0.46614745 0.10436467 0.14568770
v 0.36729415 0.10436470 0.32053975
v 0.20554084 0.10436472 0.44344479
v 0.36363217 0.10436470 0.32042276
v 0.20224587 0.10436472 0.44184264
v 0.36351511 0.10436470 0.32408459
v 0.20393864 0.10436472 0.44673956
v 0.36717705 0.10436470 0.32420156
v 0.20064368 0.10436472 0.44513745
v 0.36363217 0.10436470 0.32042276
v 0.20224587 0.10436472 0.44184264
v 0.36351511 0.10436470 0.32408459
v 0.20064368 0.10436472 0.44513745
v 0.20554084 0.10436472 0.44344479
v 0.36717705 0.10436470 0.32420156
v 0.20393864 0.10436472 0.44673956
v 0.36729415 0.10436470 0.32053975
v 0.00770019 0.10436473 0.48958428
v 0.20554084 0.10436472 0.44344479
v 0.20393864 0.10436472 0.44673956
v 0.00489228 0.10436473 0.49193762
v 0.20554084 0.10436472 0.44344479
v 0.00770019 0.10436473 0.48958428
v 0.20224587 0.10436472 0.44184264
v 0.00534671 0.10436473 0.48677630
v 0.20224587 0.10436472 0.44184264
v 0.00534671 0.10436473 0.48677630
v 0.20064368 0.10436472 0.44513745
v 0.00253876 0.10436473 0.48912964
v 0.20064368 0.10436472 0.44513745
v 0.00489228 0.10436473 0.49193762
v 0.20393864 0.10436472 0.44673956
v 0.00253876 0.10436473 0.48912964
v 0.00770019 0.10436473 0.48958428
v -0.02057697 0.10436473 0.48929394
v 0.00534671 0.10436473 0.48677630
v 0.00489228 0.10436473 0.49193762
v 0.00534671 0.10436473 0.48677630
v -0.02276334 0.10436473 0.48635394
v 0.00253876 0.10436473 0.48912964
v -0.02351687 0.10436473 0.49148019
v 0.00489228 0.10436473 0.49193762
v -0.02276334 0.10436473 0.48635394
v -0.05080138 0.10436473 0.48429915
v -0.04878950 0.10436473 0.48736113
v -0.02570327 0.10436473 0.48854019
v -0.05185145 0.10436473 0.48937299
v -0.05386336 0.10436473 0.48631093
v -0.02351687 0.10436473 0.49148019
v -0.05185145 0.10436473 0.48937299
v -0.05080138 0.10436473 0.48429915
v -0.10955773 0.10436473 0.47696856
v -0.13545377 0.10436472 0.47325168
v -0.10791460 0.10436473 0.48024332
v -0.13690387 0.10436472 0.46988701
v -0.10628304 0.10436472 0.47532550
v -0.13353925 0.10436472 0.46843698
v -0.10955773 0.10436473 0.47696856
v -0.13690387 0.10436472 0.46988701
v -0.10520360 0.10436473 0.47860021
v -0.13208919 0.10436472 0.47180161
v -0.10628304 0.10436472 0.47532550
v -0.13353925 0.10436472 0.46843698
v -0.10791460 0.10436473 0.48024332
v -0.13208919 0.10436472 0.47180161
v -0.10520360 0.10436473 0.47860021
v -0.13545377 0.10436472 0.47325168
v -0.15909708 0.10436472 0.46341974
v -0.13545377 0.10436472 0.47325168
v -0.16254022 0.10436472 0.46467191
v -0.13208919 0.10436472 0.47180161
v -0.13353925 0.10436472 0.46843698
v -0.16034920 0.10436472 0.45997653
v -0.13690387 0.10436472 0.46988701
v -0.16379237 0.10436472 0.46122862
v -0.13690387 0.10436472 0.46988701
v -0.16254022 0.10436472 0.46467191
v -0.13545377 0.10436472 0.47325168
v -0.16379237 0.10436472 0.46122862
v -0.13208919 0.10436472 0.47180161
v -0.15909708 0.10436472 0.46341974
v -0.13353925 0.10436472 0.46843698
v -0.16034920 0.10436472 0.45997653
v -0.15909708 0.10436472 0.46341974
v -0.18557236 0.10436472 0.45348289
v -0.16034920 0.10436472 0.45997653
v -0.18662233 0.10436472 0.44997277
v -0.18557236 0.10436472 0.45348289
v -0.16254022 0.10436472 0.46467191
v -0.18908246 0.10436472 0.45453288
v -0.15909708 0.10436472 0.46341974
v -0.16379237 0.10436472 0.46122862
v -0.18908246 0.10436472 0.45453288
v -0.16254022 0.10436472 0.46467191
v -0.19013245 0.10436472 0.45102271
v -0.16034920 0.10436472 0.45997653
v -0.18662233 0.10436472 0.44997277
v -0.16379237 0.10436472 0.46122862
v -0.19013245 0.10436472 0.45102271
v -0.19013245 0.10436472 0.45102271
v -0.21499077 0.10436472 0.44286894
v -0.18908246 0.10436472 0.45453288
v -0.21583505 0.10436472 0.43930367
v -0.18662233 0.10436472 0.44997277
v -0.21226986 0.10436472 0.43845945
v -0.19013245 0.10436472 0.45102271
v -0.21583505 0.10436472 0.43930367
v -0.18557236 0.10436472 0.45348289
v -0.21142563 0.10436472 0.44202468
v -0.18662233 0.10436472 0.44997277
v -0.21226986 0.10436472 0.43845945
v -0.21142563 0.10436472 0.44202468
v -0.18908246 0.10436472 0.45453288
v -0.21499077 0.10436472 0.44286894
v -0.23656946 0.10436472 0.42908374
v -0.21499077 0.10436472 0.44286894
v -0.24017766 0.10436472 0.42971944
v -0.21142563 0.10436472 0.44202468
v -0.24081336 0.10436472 0.42611116
v -0.21583505 0.10436472 0.43930367
v -0.23720514 0.10436472 0.42547550
v -0.21226986 0.10436472 0.43845945
v -0.21583505 0.10436472 0.43930367
v -0.24017766 0.10436472 0.42971944
v -0.21499077 0.10436472 0.44286894
v -0.21142563 0.10436472 0.44202468
v -0.23656946 0.10436472 0.42908374
v -0.21226986 0.10436472 0.43845945
v -0.23720514 0.10436472 0.42547550
v -0.23656946 0.10436472 0.42908374
v -0.26091899 0.10436471 0.41470387
v -0.23720514 0.10436472 0.42547550
v -0.26134399 0.10436471 0.41106476
v -0.24081336 0.10436472 0.42611116
v -0.26455804 0.10436471 0.41512885
v -0.26498303 0.10436471 0.41148974
v -0.24081336 0.10436472 0.42611116
v -0.26134399 0.10436471 0.41106476
v -0.23720514 0.10436472 0.42547550
v -0.26091899 0.10436471 0.41470387
v -0.24017766 0.10436472 0.42971944
v -0.26455804 0.10436471 0.41512885
v -0.23656946 0.10436472 0.42908374
v -0.45591089 0.10436467 0.16870513
v -0.45778803 0.02786094 0.17185163
v -0.45591089 0.02786094 0.16870514
v -0.45778803 0.10436467 0.17185162
v -0.45778803 0.10436467 0.17185162
v -0.46093432 0.02786094 0.16997446
v -0.45778803 0.02786094 0.17185163
v -0.46093432 0.10436467 0.16997444
v -0.46093432 0.10436467 0.16997444
v -0.45905718 0.02786094 0.16682806
v -0.46093432 0.02786094 0.16997446
v -0.45905718 0.10436467 0.16682805
v -0.45905718 0.10436467 0.16682805
v -0.45591089 0.02786094 0.16870514
v -0.45905718 0.02786094 0.16682806
v -0.45591089 0.10436467 0.16870513
v -0.31057280 0.10436471 0.37816237
v -0.28826240 0.10436471 0.39548882
v -0.30690900 0.10436471 0.37816237
v -0.28460478 0.10436471 0.39527595
v -0.31057280 0.10436471 0.38182619
v -0.28826240 0.10436471 0.39548882
v -0.31057280 0.10436471 0.37816237
v -0.28804955 0.10436471 0.39914644
v -0.28439193 0.10436471 0.39893357
v -0.30690900 0.10436471 0.38182619
v -0.28460478 0.10436471 0.39527595
v -0.30690900 0.10436471 0.37816237
v -0.30690900 0.10436471 0.38182619
v -0.28804955 0.10436471 0.39914644
v -0.31057280 0.10436471 0.38182619
v -0.28439193 0.10436471 0.39893357
v -0.28439193 0.10436471 0.39893357
v -0.26455804 0.10436471 0.41512885
v -0.28804955 0.10436471 0.39914644
v -0.26091899 0.10436471 0.41470387
v -0.26091899 0.10436471 0.41470387
v -0.28439193 0.10436471 0.39893357
v -0.26134399 0.10436471 0.41106476
v -0.28460478 0.10436471 0.39527595
v -0.26498303 0.10436471 0.41148974
v -0.28804955 0.10436471 0.39914644
v -0.28826240 0.10436471 0.39548882
v -0.28826240 0.10436471 0.39548882
v -0.26498303 0.10436471 0.41148974
v -0.28460478 0.10436471 0.39527595
v -0.26134399 0.10436471 0.41106476
v 0.00176553 0.48874213 -0.00298525
v 0.00117684 0.48774490 -0.00568798
v 0.00117685 0.48874213 -0.00304323
v 0.00228149 0.48774490 -0.00557919
v 0.00334370 0.48774490 -0.00525697
v 0.00176553 0.48874213 -0.00298525
v 0.00233160 0.48874213 -0.00281354
v 0.00228149 0.48774490 -0.00557919
v 0.00233160 0.48874213 -0.00281354
v 0.00432264 0.48774490 -0.00473372
v 0.00334370 0.48774490 -0.00525697
v 0.00285329 0.48874211 -0.00253469
v 0.00285329 0.48874211 -0.00253469
v 0.00518069 0.48774490 -0.00402953
v 0.00432264 0.48774490 -0.00473372
v 0.00331057 0.48874213 -0.00215940
v 0.00518069 0.48774490 -0.00402953
v 0.00368584 0.48874211 -0.00170214
v 0.00588487 0.48774490 -0.00317149
v 0.00331057 0.48874213 -0.00215940
v 0.00588487 0.48774490 -0.00317149
v 0.00396470 0.48874213 -0.00118045
v 0.00640813 0.48774490 -0.00219255
v 0.00368584 0.48874211 -0.00170214
v 0.00640813 0.48774490 -0.00219255
v 0.00413641 0.48874213 -0.00061437
v 0.00673035 0.48774490 -0.00113034
v 0.00396470 0.48874213 -0.00118045
v 0.00673035 0.48774490 -0.00113034
v 0.00413641 0.48874213 -0.00061437
v 0.00683915 0.48774490 -0.00002568
v 0.00419439 0.48874211 -0.00002568
v 0.00683915 0.48774490 -0.00002568
v 0.00413641 0.48874213 0.00056303
v 0.00673035 0.48774490 0.00107899
v 0.00419439 0.48874211 -0.00002568
v 0.00396470 0.48874211 0.00112910
v 0.00673035 0.48774490 0.00107899
v 0.00413641 0.48874213 0.00056303
v 0.00640813 0.48774490 0.00214120
v 0.00588488 0.48774490 0.00312013
v 0.00396470 0.48874211 0.00112910
v 0.00368585 0.48874211 0.00165079
v 0.00640813 0.48774490 0.00214120
v 0.00331057 0.48874211 0.00210807
v 0.00588488 0.48774490 0.00312013
v 0.00368585 0.48874211 0.00165079
v 0.00518069 0.48774490 0.00397819
v 0.00518069 0.48774490 0.00397819
v 0.00285330 0.48874211 0.00248334
v 0.00432265 0.48774490 0.00468237
v 0.00331057 0.48874211 0.00210807
v 0.00285330 0.48874211 0.00248334
v 0.00334371 0.48774490 0.00520562
v 0.00432265 0.48774490 0.00468237
v 0.00233161 0.48874211 0.00276219
v 0.00233161 0.48874211 0.00276219
v 0.00228149 0.48774490 0.00552784
v 0.00334371 0.48774490 0.00520562
v 0.00176553 0.48874211 0.00293391
v 0.00228149 0.48774490 0.00552784
v 0.00117683 0.48874211 0.00299189
v 0.00117683 0.48774490 0.00563665
v 0.00176553 0.48874211 0.00293391
v 0.00117683 0.48874211 0.00299189
v 0.00007217 0.48774490 0.00552785
v 0.00117683 0.48774490 0.00563665
v 0.00058813 0.48874211 0.00293391
v 0.00007217 0.48774490 0.00552785
v 0.00002206 0.48874211 0.00276220
v -0.00099004 0.48774490 0.00520563
v 0.00058813 0.48874211 0.00293391
v -0.00099004 0.48774490 0.00520563
v -0.00049963 0.48874211 0.00248335
v -0.00196897 0.48774490 0.00468238
v 0.00002206 0.48874211 0.00276220
v -0.00196897 0.48774490 0.00468238
v -0.00049963 0.48874211 0.00248335
v -0.00282702 0.48774490 0.00397819
v -0.00095690 0.48874211 0.00210807
v -0.00353121 0.48774490 0.00312014
v -0.00095690 0.48874211 0.00210807
v -0.00133218 0.48874211 0.00165079
v -0.00282702 0.48774490 0.00397819
v -0.00161103 0.48874211 0.00112909
v -0.00353121 0.48774490 0.00312014
v -0.00133218 0.48874211 0.00165079
v -0.00405447 0.48774490 0.00214120
v -0.00437668 0.48774490 0.00107900
v -0.00161103 0.48874211 0.00112909
v -0.00178275 0.48874211 0.00056303
v -0.00405447 0.48774490 0.00214120
v -0.00178275 0.48874211 0.00056303
v -0.00448548 0.48774490 -0.00002567
v -0.00437668 0.48774490 0.00107900
v -0.00184073 0.48874211 -0.00002567
v -0.00448548 0.48774490 -0.00002567
v -0.00178275 0.48874213 -0.00061438
v -0.00437668 0.48774490 -0.00113034
v -0.00184073 0.48874211 -0.00002567
v -0.00437668 0.48774490 -0.00113034
v -0.00161103 0.48874213 -0.00118044
v -0.00405446 0.48774490 -0.00219255
v -0.00178275 0.48874213 -0.00061438
v -0.00161103 0.48874213 -0.00118044
v -0.00353121 0.48774490 -0.00317148
v -0.00405446 0.48774490 -0.00219255
v -0.00133218 0.48874211 -0.00170213
v -0.00353121 0.48774490 -0.00317148
v -0.00095691 0.48874213 -0.00215941
v -0.00282703 0.48774490 -0.00402953
v -0.00133218 0.48874211 -0.00170213
v -0.00282703 0.48774490 -0.00402953
v -0.00095691 0.48874213 -0.00215941
v -0.00196898 0.48774490 -0.00473371
v -0.00049963 0.48874211 -0.00253468
v -0.00196898 0.48774490 -0.00473371
v 0.00002206 0.48874213 -0.00281353
v -0.00099005 0.48774490 -0.00525696
v -0.00049963 0.48874211 -0.00253468
v 0.00058813 0.48874213 -0.00298525
v -0.00099005 0.48774490 -0.00525696
v 0.00002206 0.48874213 -0.00281353
v 0.00007217 0.48774490 -0.00557918
v 0.00117684 0.48774490 -0.00568798
v 0.00058813 0.48874213 -0.00298525
v 0.00117685 0.48874213 -0.00304323
v 0.00007217 0.48774490 -0.00557918
v 0.00543620 0.47137064 -0.02200686
v 0.00117684 0.48774490 -0.00568798
v 0.00228149 0.48774490 -0.00557919
v 0.00105379 0.47137064 -0.02243849
v 0.00965027 0.47137064 -0.02072855
v 0.00228149 0.48774490 -0.00557919
v 0.00334370 0.48774490 -0.00525697
v 0.00543620 0.47137064 -0.02200686
v 0.00334370 0.48774490 -0.00525697
v 0.01353395 0.47137064 -0.01865267
v 0.00965027 0.47137064 -0.02072855
v 0.00432264 0.48774490 -0.00473372
v 0.00432264 0.48774490 -0.00473372
v 0.01693806 0.47137064 -0.01585901
v 0.01353395 0.47137064 -0.01865267
v 0.00518069 0.48774490 -0.00402953
v 0.01693806 0.47137064 -0.01585901
v 0.00518069 0.48774490 -0.00402953
v 0.01411063 0.47648986 -0.00868465
v 0.00588487 0.48774490 -0.00317149
v 0.01411063 0.47648986 -0.00868465
v 0.00588487 0.48774490 -0.00317149
v 0.00822645 0.48249090 -0.00294573
v 0.00640813 0.48774490 -0.00219255
v 0.00822645 0.48249090 -0.00294573
v 0.00673035 0.48774490 -0.00113034
v 0.01644525 0.47648986 -0.00304846
v 0.00640813 0.48774490 -0.00219255
v 0.01644525 0.47648986 -0.00304846
v 0.00683915 0.48774490 -0.00002568
v 0.02351756 0.47137064 0.00002528
v 0.00673035 0.48774490 -0.00113034
v 0.02351756 0.47137064 0.00002528
v 0.00673035 0.48774490 0.00107899
v 0.02308594 0.47137064 0.00440776
v 0.00683915 0.48774490 -0.00002568
v 0.02308594 0.47137064 0.00440776
v 0.00640813 0.48774490 0.00214120
v 0.02180762 0.47137065 0.00862181
v 0.00673035 0.48774490 0.00107899
v 0.00588488 0.48774490 0.00312013
v 0.02180762 0.47137065 0.00862181
v 0.00640813 0.48774490 0.00214120
v 0.01973174 0.47137065 0.01250550
v 0.00518069 0.48774490 0.00397819
v 0.01973174 0.47137065 0.01250550
v 0.00588488 0.48774490 0.00312013
v 0.01693807 0.47137065 0.01590959
v 0.01693807 0.47137065 0.01590959
v 0.00432265 0.48774490 0.00468237
v 0.01353400 0.47137065 0.01870325
v 0.00518069 0.48774490 0.00397819
v 0.01353400 0.47137065 0.01870325
v 0.00334371 0.48774490 0.00520562
v 0.00965030 0.47137065 0.02077914
v 0.00432265 0.48774490 0.00468237
v 0.00965030 0.47137065 0.02077914
v 0.00228149 0.48774490 0.00552784
v 0.00543625 0.47137065 0.02205745
v 0.00334371 0.48774490 0.00520562
v 0.00543625 0.47137065 0.02205745
v 0.00117683 0.48774490 0.00563665
v 0.00105378 0.47137065 0.02248910
v 0.00228149 0.48774490 0.00552784
v 0.00105378 0.47137065 0.02248910
v 0.00007217 0.48774490 0.00552785
v -0.00332869 0.47137065 0.02205746
v 0.00117683 0.48774490 0.00563665
v -0.00332869 0.47137065 0.02205746
v -0.00099004 0.48774490 0.00520563
v -0.00754274 0.47137065 0.02077915
v 0.00007217 0.48774490 0.00552785
v -0.00754274 0.47137065 0.02077915
v -0.00196897 0.48774490 0.00468238
v -0.01142643 0.47137065 0.01870327
v -0.00099004 0.48774490 0.00520563
v -0.01142643 0.47137065 0.01870327
v -0.00282702 0.48774490 0.00397819
v -0.01483052 0.47137065 0.01590960
v -0.00196897 0.48774490 0.00468238
v -0.00353121 0.48774490 0.00312014
v -0.01483052 0.47137065 0.01590960
v -0.00282702 0.48774490 0.00397819
v -0.01762418 0.47137065 0.01250551
v -0.00405447 0.48774490 0.00214120
v -0.01762418 0.47137065 0.01250551
v -0.00353121 0.48774490 0.00312014
v -0.01970007 0.47137065 0.00862181
v -0.02097838 0.47137064 0.00440777
v -0.00405447 0.48774490 0.00214120
v -0.00437668 0.48774490 0.00107900
v -0.01970007 0.47137065 0.00862181
v -0.00437668 0.48774490 0.00107900
v -0.02141001 0.47137064 0.00002531
v -0.02097838 0.47137064 0.00440777
v -0.00448548 0.48774490 -0.00002567
v -0.00448548 0.48774490 -0.00002567
v -0.02097839 0.47137064 -0.00435716
v -0.02141001 0.47137064 0.00002531
v -0.00437668 0.48774490 -0.00113034
v -0.00437668 0.48774490 -0.00113034
v -0.01970007 0.47137064 -0.00857122
v -0.02097839 0.47137064 -0.00435716
v -0.00405446 0.48774490 -0.00219255
v -0.00405446 0.48774490 -0.00219255
v -0.01762419 0.47137064 -0.01245490
v -0.01970007 0.47137064 -0.00857122
v -0.00353121 0.48774490 -0.00317148
v -0.00353121 0.48774490 -0.00317148
v -0.01483053 0.47137064 -0.01585900
v -0.01762419 0.47137064 -0.01245490
v -0.00282703 0.48774490 -0.00402953
v -0.01483053 0.47137064 -0.01585900
v -0.00282703 0.48774490 -0.00402953
v -0.01142644 0.47137064 -0.01865265
v -0.00196898 0.48774490 -0.00473371
v -0.01142644 0.47137064 -0.01865265
v -0.00196898 0.48774490 -0.00473371
v -0.00754276 0.47137064 -0.02072853
v -0.00099005 0.48774490 -0.00525696
v -0.00754276 0.47137064 -0.02072853
v -0.00099005 0.48774490 -0.00525696
v -0.00332870 0.47137064 -0.02200685
v 0.00007217 0.48774490 -0.00557918
v 0.00105379 0.47137064 -0.02243849
v 0.00007217 0.48774490 -0.00557918
v 0.00117684 0.48774490 -0.00568798
v -0.00332870 0.47137064 -0.02200685
v 0.02662451 0.46375948 0.01060145
v 0.01973174 0.47137065 0.01250550
v 0.02406871 0.46375948 0.01538301
v 0.02180762 0.47137065 0.00862181
v -0.02658461 0.46375948 0.00001752
v -0.02097839 0.47137064 -0.00435716
v -0.02605321 0.46375950 -0.00537814
v -0.02141001 0.47137064 0.00002531
v 0.02406871 0.46375948 0.01538301
v 0.01693807 0.47137065 0.01590959
v 0.02062918 0.46375948 0.01957410
v 0.01973174 0.47137065 0.01250550
v -0.02605321 0.46375950 -0.00537814
v -0.01970007 0.47137064 -0.00857122
v -0.02447936 0.46375948 -0.01056645
v -0.02097839 0.47137064 -0.00435716
v 0.01643811 0.46375949 0.02301363
v 0.02062918 0.46375948 0.01957410
v 0.01693807 0.47137065 0.01590959
v 0.01353400 0.47137065 0.01870325
v -0.02447936 0.46375948 -0.01056645
v -0.01762419 0.47137064 -0.01245490
v -0.02192354 0.46375948 -0.01534799
v -0.01970007 0.47137064 -0.00857122
v 0.01165654 0.46375949 0.02556944
v 0.01643811 0.46375949 0.02301363
v 0.01353400 0.47137065 0.01870325
v 0.00965030 0.47137065 0.02077914
v 0.00107260 0.46375948 -0.02763969
v 0.00543620 0.47137064 -0.02200686
v 0.00646819 0.46375948 -0.02710828
v 0.00105379 0.47137064 -0.02243849
v -0.02192354 0.46375948 -0.01534799
v -0.01483053 0.47137064 -0.01585900
v -0.01848403 0.46375948 -0.01953909
v -0.01762419 0.47137064 -0.01245490
v 0.00646824 0.46375949 0.02714328
v 0.01165654 0.46375949 0.02556944
v 0.00965030 0.47137065 0.02077914
v 0.00543625 0.47137065 0.02205745
v 0.00646819 0.46375948 -0.02710828
v 0.00965027 0.47137064 -0.02072855
v 0.01165650 0.46375948 -0.02553443
v 0.00543620 0.47137064 -0.02200686
v -0.01429294 0.46375948 -0.02297861
v -0.01848403 0.46375948 -0.01953909
v -0.01483053 0.47137064 -0.01585900
v -0.01142644 0.47137064 -0.01865265
v 0.00107259 0.46375949 0.02767473
v 0.00646824 0.46375949 0.02714328
v 0.00543625 0.47137065 0.02205745
v 0.00105378 0.47137065 0.02248910
v 0.01165650 0.46375948 -0.02553443
v 0.01353395 0.47137064 -0.01865267
v 0.01643806 0.46375948 -0.02297863
v 0.00965027 0.47137064 -0.02072855
v -0.00951139 0.46375948 -0.02553441
v -0.01429294 0.46375948 -0.02297861
v -0.01142644 0.47137064 -0.01865265
v -0.00754276 0.47137064 -0.02072853
v 0.00107259 0.46375949 0.02767473
v -0.00332869 0.47137065 0.02205746
v -0.00432307 0.46375949 0.02714330
v 0.00105378 0.47137065 0.02248910
v 0.01643806 0.46375948 -0.02297863
v 0.01693806 0.47137064 -0.01585901
v 0.02062916 0.46375948 -0.01953910
v 0.01353395 0.47137064 -0.01865267
v -0.00432308 0.46375948 -0.02710826
v -0.00951139 0.46375948 -0.02553441
v -0.00754276 0.47137064 -0.02072853
v -0.00332870 0.47137064 -0.02200685
v -0.00432307 0.46375949 0.02714330
v -0.00754274 0.47137065 0.02077915
v -0.00951136 0.46375949 0.02556945
v -0.00332869 0.47137065 0.02205746
v 0.02167557 0.46716116 -0.01373218
v 0.02062916 0.46375948 -0.01953910
v 0.01693806 0.47137064 -0.01585901
v 0.01411063 0.47648986 -0.00868465
v 0.00107260 0.46375948 -0.02763969
v -0.00432308 0.46375948 -0.02710826
v -0.00332870 0.47137064 -0.02200685
v 0.00105379 0.47137064 -0.02243849
v -0.00951136 0.46375949 0.02556945
v -0.01142643 0.47137065 0.01870327
v -0.01429293 0.46375949 0.02301365
v -0.00754274 0.47137065 0.02077915
v 0.01883329 0.47318641 -0.00733923
v 0.01411063 0.47648986 -0.00868465
v 0.00822645 0.48249090 -0.00294573
v 0.02167557 0.46716116 -0.01373218
v -0.01429293 0.46375949 0.02301365
v -0.01483052 0.47137065 0.01590960
v -0.01848401 0.46375948 0.01957411
v -0.01142643 0.47137065 0.01870327
v 0.01644525 0.47648986 -0.00304846
v 0.01883329 0.47318641 -0.00733923
v 0.00822645 0.48249090 -0.00294573
v 0.02536349 0.46716124 -0.00482854
v -0.02192354 0.46375948 0.01538303
v -0.01848401 0.46375948 0.01957411
v -0.01483052 0.47137065 0.01590960
v -0.01762418 0.47137065 0.01250551
v 0.02351756 0.47137064 0.00002528
v 0.02536349 0.46716124 -0.00482854
v 0.01644525 0.47648986 -0.00304846
v 0.02872978 0.46375948 0.00001749
v -0.02447935 0.46375948 0.01060146
v -0.02192354 0.46375948 0.01538303
v -0.01762418 0.47137065 0.01250551
v -0.01970007 0.47137065 0.00862181
v 0.02872978 0.46375948 0.00001749
v 0.02308594 0.47137064 0.00440776
v 0.02819837 0.46375948 0.00541315
v 0.02351756 0.47137064 0.00002528
v -0.02605319 0.46375948 0.00541316
v -0.02447935 0.46375948 0.01060146
v -0.01970007 0.47137065 0.00862181
v -0.02097838 0.47137064 0.00440777
v 0.02819837 0.46375948 0.00541315
v 0.02180762 0.47137065 0.00862181
v 0.02662451 0.46375948 0.01060145
v 0.02308594 0.47137064 0.00440776
v 0.00396470 0.48874213 -0.00118045
v 0.00419439 0.48874211 -0.00002568
v 0.00413641 0.48874213 -0.00061437
v 0.00331057 0.48874213 -0.00215940
v 0.00413641 0.48874213 0.00056303
v 0.00368585 0.48874211 0.00165079
v 0.00396470 0.48874211 0.00112910
v -0.00049963 0.48874211 0.00248335
v 0.00058813 0.48874211 0.00293391
v -0.00095690 0.48874211 0.00210807
v 0.00002206 0.48874211 0.00276220
v 0.00176553 0.48874211 0.00293391
v 0.00002206 0.48874213 -0.00281353
v -0.00184073 0.48874211 -0.00002567
v 0.00058813 0.48874213 -0.00298525
v -0.00095691 0.48874213 -0.00215941
v -0.00178275 0.48874213 -0.00061438
v 0.00285329 0.48874211 -0.00253469
v 0.00117685 0.48874213 -0.00304323
v 0.00233160 0.48874213 -0.00281354
v 0.00176553 0.48874213 -0.00298525
v 0.00331057 0.48874211 0.00210807
v -0.00133218 0.48874211 0.00165079
v 0.00233161 0.48874211 0.00276219
v 0.00285330 0.48874211 0.00248334
v -0.00049963 0.48874211 -0.00253468
v -0.00133218 0.48874211 -0.00170213
v -0.00161103 0.48874213 -0.00118044
v -0.00178275 0.48874211 0.00056303
v -0.00161103 0.48874211 0.00112909
v 0.00117683 0.48874211 0.00299189
v 0.00368584 0.48874211 -0.00170214
v -0.30690898 0.10436474 0.38182615
v -0.31057278 0.10436474 0.37816233
v -0.30690898 0.10436474 0.37816233
v -0.31057278 0.10436474 0.38182615
v -0.09422919 0.09293348 0.47932900
v -0.07173386 0.09293346 0.36623713
v 0.00111531 0.09293348 0.48871959
v 0.27263342 0.09293346 0.40635536
v 0.20857201 0.09293345 0.31048071
v 0.34669230 0.09293343 0.34557670
v 0.40747082 0.09293342 0.27151779
v 0.31159611 0.09293341 0.20745638
v 0.45263335 0.09293341 0.18702449
v 0.26515751 0.09293342 0.26404205
v -0.27040290 0.09293346 0.40635553
v -0.20634144 0.09293345 0.31048086
v -0.18590966 0.09293347 0.45151806
v 0.07396440 0.09293346 0.36623704
v 0.09645982 0.09293348 0.47932891
v 0.00111528 0.09293346 0.37341210
v -0.34446179 0.09293345 0.34557692
v -0.26292703 0.09293344 0.26404220
v -0.45040289 0.09293343 0.18702483
v -0.30936562 0.09293343 0.20745655
v -0.40524032 0.09293342 0.27151802
v -0.34387263 0.09293342 0.14289852
v -0.47821383 0.09293341 0.09534441
v -0.36512192 0.09293341 0.07284903
v 0.34610302 0.09293340 0.14289832
v -0.37229697 0.09293338 -0.00000000
v -0.48760442 0.09293340 -0.00000004
v 0.36735229 0.09293339 0.07284878
v 0.48044420 0.09293339 0.09534403
v 0.37452722 0.09293340 -0.00000038
v 0.48983475 0.09293340 -0.00000048
v 0.14401392 0.09293343 0.34498775
v -0.14178339 0.09293345 0.34498782
v 0.18814025 0.09293345 0.45151793
v 0.00107877 0.46127998 -0.02974329
v 0.00111528 0.23995330 -0.17484235
v -0.00472680 0.46127998 -0.02917149
v -0.03299493 0.23995330 -0.17148277
v 0.04845433 0.17158983 -0.23799208
v 0.00111527 0.15304192 -0.28465821
v 0.00111529 0.17158985 -0.24265450
v 0.05664878 0.15304194 -0.27918868
v 0.04061265 0.20340160 -0.19856903
v 0.00111529 0.17158985 -0.24265450
v 0.00111529 0.20340162 -0.20245910
v 0.04845433 0.17158983 -0.23799208
v 0.00111529 0.20340162 -0.20245910
v 0.03522492 0.23995330 -0.17148288
v 0.04061265 0.20340160 -0.19856903
v 0.00111528 0.23995330 -0.17484235
v 0.09397473 0.17158985 -0.22418373
v 0.05664878 0.15304194 -0.27918868
v 0.04845433 0.17158983 -0.23799208
v 0.11004878 0.15304192 -0.26299008
v 0.07859267 0.20340162 -0.18704802
v 0.04845433 0.17158983 -0.23799208
v 0.04061265 0.20340160 -0.19856903
v 0.09397473 0.17158985 -0.22418373
v 0.04061265 0.20340160 -0.19856903
v 0.06802420 0.23995330 -0.16153339
v 0.07859267 0.20340162 -0.18704802
v 0.03522492 0.23995330 -0.17148288
v 0.09397473 0.17158985 -0.22418373
v 0.15926245 0.15304194 -0.23668490
v 0.11004878 0.15304192 -0.26299008
v 0.13592650 0.17158984 -0.20176010
v 0.07859267 0.20340162 -0.18704802
v 0.13592650 0.17158984 -0.20176010
v 0.09397473 0.17158985 -0.22418373
v 0.11359518 0.20340161 -0.16833880
v 0.07859267 0.20340162 -0.18704802
v 0.09825213 0.23995330 -0.14537625
v 0.11359518 0.20340161 -0.16833880
v 0.06802420 0.23995330 -0.16153339
v 0.13592650 0.17158984 -0.20176010
v 0.20239867 0.15304193 -0.20128397
v 0.15926245 0.15304194 -0.23668490
v 0.17269763 0.17158986 -0.17158284
v 0.11359518 0.20340161 -0.16833880
v 0.17269763 0.17158986 -0.17158284
v 0.13592650 0.17158984 -0.20176010
v 0.14427523 0.20340163 -0.14316038
v 0.11359518 0.20340161 -0.16833880
v 0.12474723 0.23995330 -0.12363234
v 0.14427523 0.20340163 -0.14316038
v 0.09825213 0.23995330 -0.14537625
v 0.20239867 0.15304193 -0.20128397
v 0.20287491 0.17158987 -0.13481196
v 0.23779966 0.15304194 -0.15814800
v 0.17269763 0.17158986 -0.17158284
v 0.17269763 0.17158986 -0.17158284
v 0.16945367 0.20340163 -0.11248056
v 0.20287491 0.17158987 -0.13481196
v 0.14427523 0.20340163 -0.14316038
v 0.12474723 0.23995330 -0.12363234
v 0.16945367 0.20340163 -0.11248056
v 0.14427523 0.20340163 -0.14316038
v 0.14649114 0.23995331 -0.09713745
v 0.20287491 0.17158987 -0.13481196
v 0.26410492 0.15304195 -0.10893433
v 0.23779966 0.15304194 -0.15814800
v 0.22529858 0.17158987 -0.09286019
v 0.16945367 0.20340163 -0.11248056
v 0.22529858 0.17158987 -0.09286019
v 0.20287491 0.17158987 -0.13481196
v 0.18816291 0.20340164 -0.07747803
v 0.14649114 0.23995331 -0.09713745
v 0.18816291 0.20340164 -0.07747803
v 0.16945367 0.20340163 -0.11248056
v 0.16264831 0.23995331 -0.06690952
v 0.26410492 0.15304195 -0.10893433
v 0.23910711 0.17158988 -0.04733980
v 0.28030369 0.15304196 -0.05553435
v 0.22529858 0.17158987 -0.09286019
v 0.22529858 0.17158987 -0.09286019
v 0.19968407 0.20340164 -0.03949803
v 0.23910711 0.17158988 -0.04733980
v 0.18816291 0.20340164 -0.07747803
v 0.16264831 0.23995331 -0.06690952
v 0.19968407 0.20340164 -0.03949803
v 0.18816291 0.20340164 -0.07747803
v 0.17259790 0.23995332 -0.03411024
v 0.24376970 0.17158989 -0.00000027
v 0.28030369 0.15304196 -0.05553435
v 0.23910711 0.17158988 -0.04733980
v 0.28577341 0.15304197 -0.00000031
v 0.19968407 0.20340164 -0.03949803
v 0.20357429 0.20340165 -0.00000024
v 0.24376970 0.17158989 -0.00000027
v 0.23910711 0.17158988 -0.04733980
v 0.17259790 0.23995332 -0.03411024
v 0.20357429 0.20340165 -0.00000024
v 0.19968407 0.20340164 -0.03949803
v 0.17595751 0.23995332 -0.00000023
v 0.24376970 0.17158989 -0.00000027
v 0.23910717 0.17158988 0.04733935
v 0.28030376 0.15304199 0.05553382
v 0.28577341 0.15304197 -0.00000031
v 0.20357429 0.20340165 -0.00000024
v 0.19968411 0.20340164 0.03949764
v 0.23910717 0.17158988 0.04733935
v 0.24376970 0.17158989 -0.00000027
v 0.20357429 0.20340165 -0.00000024
v 0.17259794 0.23995333 0.03410988
v 0.19968411 0.20340164 0.03949764
v 0.17595751 0.23995332 -0.00000023
v 0.22529882 0.17158991 0.09285969
v 0.28030376 0.15304199 0.05553382
v 0.23910717 0.17158988 0.04733935
v 0.26410517 0.15304199 0.10893378
v 0.18816310 0.20340166 0.07747760
v 0.23910717 0.17158988 0.04733935
v 0.19968411 0.20340164 0.03949764
v 0.22529882 0.17158991 0.09285969
v 0.19968411 0.20340164 0.03949764
v 0.16264849 0.23995334 0.06690911
v 0.18816310 0.20340166 0.07747760
v 0.17259794 0.23995333 0.03410988
v 0.23779995 0.15304200 0.15814746
v 0.26410517 0.15304199 0.10893378
v 0.22529882 0.17158991 0.09285969
v 0.20287516 0.17158991 0.13481148
v 0.20287516 0.17158991 0.13481148
v 0.22529882 0.17158991 0.09285969
v 0.18816310 0.20340166 0.07747760
v 0.16945387 0.20340167 0.11248012
v 0.18816310 0.20340166 0.07747760
v 0.14649133 0.23995334 0.09713706
v 0.16945387 0.20340167 0.11248012
v 0.16264849 0.23995334 0.06690911
v 0.20239902 0.15304200 0.20128365
v 0.23779995 0.15304200 0.15814746
v 0.20287516 0.17158991 0.13481148
v 0.17269792 0.17158992 0.17158259
v 0.17269792 0.17158992 0.17158259
v 0.20287516 0.17158991 0.13481148
v 0.16945387 0.20340167 0.11248012
v 0.14427545 0.20340167 0.14316014
v 0.16945387 0.20340167 0.11248012
v 0.12474742 0.23995335 0.12363213
v 0.14427545 0.20340167 0.14316014
v 0.14649133 0.23995334 0.09713706
v 0.13592697 0.17158994 0.20175982
v 0.20239902 0.15304200 0.20128365
v 0.17269792 0.17158992 0.17158259
v 0.15926299 0.15304201 0.23668461
v 0.11359558 0.20340169 0.16833858
v 0.17269792 0.17158992 0.17158259
v 0.14427545 0.20340167 0.14316014
v 0.13592697 0.17158994 0.20175982
v 0.12474742 0.23995335 0.12363213
v 0.11359558 0.20340169 0.16833858
v 0.14427545 0.20340167 0.14316014
v 0.09825250 0.23995334 0.14537604
v 0.13592697 0.17158994 0.20175982
v 0.11004922 0.15304203 0.26298985
v 0.15926299 0.15304201 0.23668461
v 0.09397510 0.17158991 0.22418351
v 0.11359558 0.20340169 0.16833858
v 0.09397510 0.17158991 0.22418351
v 0.13592697 0.17158994 0.20175982
v 0.07859297 0.20340167 0.18704779
v 0.09825250 0.23995334 0.14537604
v 0.07859297 0.20340167 0.18704779
v 0.11359558 0.20340169 0.16833858
v 0.06802447 0.23995335 0.16153319
v 0.11004922 0.15304203 0.26298985
v 0.04845481 0.17158991 0.23799197
v 0.05664935 0.15304202 0.27918860
v 0.09397510 0.17158991 0.22418351
v 0.09397510 0.17158991 0.22418351
v 0.04061306 0.20340167 0.19856893
v 0.04845481 0.17158991 0.23799197
v 0.07859297 0.20340167 0.18704779
v 0.06802447 0.23995335 0.16153319
v 0.04061306 0.20340167 0.19856893
v 0.07859297 0.20340167 0.18704779
v 0.03522528 0.23995333 0.17148277
v 0.05664935 0.15304202 0.27918860
v 0.00111524 0.17158992 0.24265458
v 0.00111526 0.15304202 0.28465828
v 0.04845481 0.17158991 0.23799197
v 0.04845481 0.17158991 0.23799197
v 0.00111523 0.20340167 0.20245918
v 0.00111524 0.17158992 0.24265458
v 0.04061306 0.20340167 0.19856893
v 0.03522528 0.23995333 0.17148277
v 0.00111523 0.20340167 0.20245918
v 0.04061306 0.20340167 0.19856893
v 0.00111522 0.23995333 0.17484237
v 0.00111524 0.17158992 0.24265458
v -0.05441887 0.15304203 0.27918863
v 0.00111526 0.15304202 0.28465828
v -0.04622438 0.17158991 0.23799204
v 0.00111523 0.20340167 0.20245918
v -0.04622438 0.17158991 0.23799204
v 0.00111524 0.17158992 0.24265458
v -0.03838265 0.20340167 0.19856893
v 0.00111523 0.20340167 0.20245918
v -0.03299489 0.23995335 0.17148278
v -0.03838265 0.20340167 0.19856893
v 0.00111522 0.23995333 0.17484237
v -0.05441887 0.15304203 0.27918863
v -0.09174465 0.17158991 0.22418364
v -0.10781877 0.15304201 0.26299000
v -0.04622438 0.17158991 0.23799204
v -0.04622438 0.17158991 0.23799204
v -0.07636255 0.20340167 0.18704792
v -0.09174465 0.17158991 0.22418364
v -0.03838265 0.20340167 0.19856893
v -0.03838265 0.20340167 0.19856893
v -0.06579407 0.23995332 0.16153331
v -0.07636255 0.20340167 0.18704792
v -0.03299489 0.23995335 0.17148278
v -0.13369647 0.17158994 0.20175997
v -0.10781877 0.15304201 0.26299000
v -0.09174465 0.17158991 0.22418364
v -0.15703248 0.15304201 0.23668478
v -0.11136509 0.20340169 0.16833869
v -0.09174465 0.17158991 0.22418364
v -0.07636255 0.20340167 0.18704792
v -0.13369647 0.17158994 0.20175997
v -0.07636255 0.20340167 0.18704792
v -0.09602202 0.23995334 0.14537613
v -0.11136509 0.20340169 0.16833869
v -0.06579407 0.23995332 0.16153331
v -0.13369647 0.17158994 0.20175997
v -0.17046755 0.17158992 0.17158269
v -0.20016862 0.15304200 0.20128376
v -0.15703248 0.15304201 0.23668478
v -0.11136509 0.20340169 0.16833869
v -0.14204510 0.20340167 0.14316023
v -0.17046755 0.17158992 0.17158269
v -0.13369647 0.17158994 0.20175997
v -0.11136509 0.20340169 0.16833869
v -0.12251707 0.23995335 0.12363218
v -0.14204510 0.20340167 0.14316023
v -0.09602202 0.23995334 0.14537613
v -0.23556952 0.15304200 0.15814759
v -0.20016862 0.15304200 0.20128376
v -0.17046755 0.17158992 0.17158269
v -0.20064470 0.17158991 0.13481159
v -0.20064470 0.17158991 0.13481159
v -0.17046755 0.17158992 0.17158269
v -0.14204510 0.20340167 0.14316023
v -0.16722347 0.20340167 0.11248022
v -0.12251707 0.23995335 0.12363218
v -0.16722347 0.20340167 0.11248022
v -0.14204510 0.20340167 0.14316023
v -0.14426095 0.23995334 0.09713714
v -0.22306848 0.17158991 0.09285977
v -0.23556952 0.15304200 0.15814759
v -0.20064470 0.17158991 0.13481159
v -0.26187484 0.15304199 0.10893389
v -0.18593279 0.20340166 0.07747765
v -0.20064470 0.17158991 0.13481159
v -0.16722347 0.20340167 0.11248022
v -0.22306848 0.17158991 0.09285977
v -0.14426095 0.23995334 0.09713714
v -0.18593279 0.20340166 0.07747765
v -0.16722347 0.20340167 0.11248022
v -0.16041817 0.23995334 0.06690915
v -0.27807349 0.15304198 0.05553401
v -0.26187484 0.15304199 0.10893389
v -0.22306848 0.17158991 0.09285977
v -0.23687690 0.17158990 0.04733950
v -0.23687690 0.17158990 0.04733950
v -0.22306848 0.17158991 0.09285977
v -0.18593279 0.20340166 0.07747765
v -0.19745382 0.20340166 0.03949776
v -0.16041817 0.23995334 0.06690915
v -0.19745382 0.20340166 0.03949776
v -0.18593279 0.20340166 0.07747765
v -0.17036768 0.23995333 0.03410999
v -0.23687690 0.17158990 0.04733950
v -0.28354310 0.15304198 0.00000002
v -0.27807349 0.15304198 0.05553401
v -0.24153941 0.17158987 0.00000002
v -0.19745382 0.20340166 0.03949776
v -0.24153941 0.17158987 0.00000002
v -0.23687690 0.17158990 0.04733950
v -0.20134401 0.20340164 0.00000002
v -0.17036768 0.23995333 0.03410999
v -0.20134401 0.20340164 0.00000002
v -0.19745382 0.20340166 0.03949776
v -0.17372721 0.23995332 0.00000001
v -0.24153941 0.17158987 0.00000002
v -0.27807342 0.15304198 -0.05553408
v -0.28354310 0.15304198 0.00000002
v -0.23687684 0.17158987 -0.04733957
v -0.20134401 0.20340164 0.00000002
v -0.23687684 0.17158987 -0.04733957
v -0.24153941 0.17158987 0.00000002
v -0.19745378 0.20340163 -0.03949784
v -0.20134401 0.20340164 0.00000002
v -0.17036765 0.23995332 -0.03411009
v -0.19745378 0.20340163 -0.03949784
v -0.17372721 0.23995332 0.00000001
v -0.27807342 0.15304198 -0.05553408
v -0.22306844 0.17158987 -0.09285990
v -0.26187480 0.15304195 -0.10893402
v -0.23687684 0.17158987 -0.04733957
v -0.23687684 0.17158987 -0.04733957
v -0.18593273 0.20340164 -0.07747780
v -0.22306844 0.17158987 -0.09285990
v -0.19745378 0.20340163 -0.03949784
v -0.19745378 0.20340163 -0.03949784
v -0.16041815 0.23995331 -0.06690932
v -0.18593273 0.20340164 -0.07747780
v -0.17036765 0.23995332 -0.03411009
v -0.26187480 0.15304195 -0.10893402
v -0.20064479 0.17158987 -0.13481163
v -0.23556956 0.15304194 -0.15814764
v -0.22306844 0.17158987 -0.09285990
v -0.18593273 0.20340164 -0.07747780
v -0.20064479 0.17158987 -0.13481163
v -0.22306844 0.17158987 -0.09285990
v -0.16722352 0.20340163 -0.11248028
v -0.18593273 0.20340164 -0.07747780
v -0.14426100 0.23995331 -0.09713721
v -0.16722352 0.20340163 -0.11248028
v -0.16041815 0.23995331 -0.06690932
v -0.20064479 0.17158987 -0.13481163
v -0.17046755 0.17158986 -0.17158269
v -0.20016862 0.15304193 -0.20128377
v -0.23556956 0.15304194 -0.15814764
v -0.16722352 0.20340163 -0.11248028
v -0.17046755 0.17158986 -0.17158269
v -0.20064479 0.17158987 -0.13481163
v -0.14204510 0.20340163 -0.14316026
v -0.16722352 0.20340163 -0.11248028
v -0.12251707 0.23995330 -0.12363224
v -0.14204510 0.20340163 -0.14316026
v -0.14426100 0.23995331 -0.09713721
v -0.20016862 0.15304193 -0.20128377
v -0.13369651 0.17158986 -0.20175992
v -0.15703250 0.15304193 -0.23668473
v -0.17046755 0.17158986 -0.17158269
v -0.17046755 0.17158986 -0.17158269
v -0.11136513 0.20340162 -0.16833867
v -0.13369651 0.17158986 -0.20175992
v -0.14204510 0.20340163 -0.14316026
v -0.12251707 0.23995330 -0.12363224
v -0.11136513 0.20340162 -0.16833867
v -0.14204510 0.20340163 -0.14316026
v -0.09602206 0.23995330 -0.14537615
v -0.13369651 0.17158986 -0.20175992
v -0.09174477 0.17158985 -0.22418353
v -0.10781889 0.15304192 -0.26298988
v -0.15703250 0.15304193 -0.23668473
v -0.11136513 0.20340162 -0.16833867
v -0.07636266 0.20340162 -0.18704783
v -0.09174477 0.17158985 -0.22418353
v -0.13369651 0.17158986 -0.20175992
v -0.09602206 0.23995330 -0.14537615
v -0.07636266 0.20340162 -0.18704783
v -0.11136513 0.20340162 -0.16833867
v -0.06579417 0.23995330 -0.16153324
v -0.09174477 0.17158985 -0.22418353
v -0.04622443 0.17158985 -0.23799197
v -0.05441894 0.15304192 -0.27918856
v -0.10781889 0.15304192 -0.26298988
v -0.07636266 0.20340162 -0.18704783
v -0.03838270 0.20340162 -0.19856890
v -0.04622443 0.17158985 -0.23799197
v -0.09174477 0.17158985 -0.22418353
v -0.06579417 0.23995330 -0.16153324
v -0.03838270 0.20340162 -0.19856890
v -0.07636266 0.20340162 -0.18704783
v -0.03299493 0.23995330 -0.17148277
v 0.00111527 0.15304192 -0.28465821
v -0.05441894 0.15304192 -0.27918856
v -0.04622443 0.17158985 -0.23799197
v 0.00111529 0.17158985 -0.24265450
v 0.00111529 0.17158985 -0.24265450
v -0.04622443 0.17158985 -0.23799197
v -0.03838270 0.20340162 -0.19856890
v 0.00111529 0.20340162 -0.20245910
v -0.03299493 0.23995330 -0.17148277
v 0.00111529 0.20340162 -0.20245910
v -0.03838270 0.20340162 -0.19856890
v 0.00111528 0.23995330 -0.17484235
v -0.02810770 0.46128000 0.00582050
v -0.02641429 0.46128000 0.01140294
v -0.02447935 0.46375948 0.01060146
v -0.02605319 0.46375948 0.00541316
v 0.03026521 0.46127998 0.00582049
v 0.02662451 0.46375948 0.01060145
v 0.02857180 0.46128000 0.01140293
v 0.02819837 0.46375948 0.00541315
v -0.02605319 0.46375948 0.00541316
v -0.02658461 0.46375948 0.00001752
v -0.02867948 0.46128000 0.00001497
v -0.02810770 0.46128000 0.00582050
v 0.02857180 0.46128000 0.01140293
v 0.02406871 0.46375948 0.01538301
v 0.02582184 0.46128000 0.01654773
v 0.02662451 0.46375948 0.01060145
v -0.02867948 0.46128000 0.00001497
v -0.02605321 0.46375950 -0.00537814
v -0.02810771 0.46127998 -0.00579059
v -0.02658461 0.46375948 0.00001752
v 0.02212101 0.46128001 0.02105721
v 0.02582184 0.46128000 0.01654773
v 0.02406871 0.46375948 0.01538301
v 0.02062918 0.46375948 0.01957410
v -0.02810771 0.46127998 -0.00579059
v -0.02447936 0.46375948 -0.01056645
v -0.02641429 0.46127998 -0.01137303
v -0.02605321 0.46375950 -0.00537814
v 0.01761156 0.46128001 0.02475803
v 0.02212101 0.46128001 0.02105721
v 0.02062918 0.46375948 0.01957410
v 0.01643811 0.46375949 0.02301363
v -0.02641429 0.46127998 -0.01137303
v -0.02192354 0.46375948 -0.01534799
v -0.02366433 0.46128000 -0.01651783
v -0.02447936 0.46375948 -0.01056645
v 0.01246675 0.46128001 0.02750799
v 0.01761156 0.46128001 0.02475803
v 0.01643811 0.46375949 0.02301363
v 0.01165654 0.46375949 0.02556944
v 0.00107877 0.46127998 -0.02974329
v 0.00646819 0.46375948 -0.02710828
v 0.00688425 0.46127998 -0.02917151
v 0.00107260 0.46375948 -0.02763969
v -0.02366433 0.46128000 -0.01651783
v -0.01848403 0.46375948 -0.01953909
v -0.01996351 0.46127998 -0.02102730
v -0.02192354 0.46375948 -0.01534799
v 0.00688431 0.46128001 0.02920140
v 0.01246675 0.46128001 0.02750799
v 0.01165654 0.46375949 0.02556944
v 0.00646824 0.46375949 0.02714328
v 0.00688425 0.46127998 -0.02917151
v 0.01165650 0.46375948 -0.02553443
v 0.01246671 0.46127998 -0.02747810
v 0.00646819 0.46375948 -0.02710828
v -0.01996351 0.46127998 -0.02102730
v -0.01429294 0.46375948 -0.02297861
v -0.01545405 0.46128000 -0.02472812
v -0.01848403 0.46375948 -0.01953909
v 0.00646824 0.46375949 0.02714328
v 0.00107259 0.46375949 0.02767473
v 0.00107876 0.46128001 0.02977321
v 0.00688431 0.46128001 0.02920140
v 0.01246671 0.46127998 -0.02747810
v 0.01643806 0.46375948 -0.02297863
v 0.01761150 0.46128000 -0.02472813
v 0.01165650 0.46375948 -0.02553443
v -0.01030925 0.46127998 -0.02747808
v -0.01545405 0.46128000 -0.02472812
v -0.01429294 0.46375948 -0.02297861
v -0.00951139 0.46375948 -0.02553441
v 0.00107876 0.46128001 0.02977321
v -0.00432307 0.46375949 0.02714330
v -0.00472679 0.46128001 0.02920141
v 0.00107259 0.46375949 0.02767473
v 0.01761150 0.46128000 -0.02472813
v 0.02062916 0.46375948 -0.01953910
v 0.02212099 0.46127998 -0.02102732
v 0.01643806 0.46375948 -0.02297863
v -0.00472680 0.46127998 -0.02917149
v -0.01030925 0.46127998 -0.02747808
v -0.00951139 0.46375948 -0.02553441
v -0.00432308 0.46375948 -0.02710826
v -0.00472679 0.46128001 0.02920141
v -0.00951136 0.46375949 0.02556945
v -0.01030923 0.46128001 0.02750801
v -0.00432307 0.46375949 0.02714330
v 0.02640631 0.46196660 -0.01688987
v 0.02212099 0.46127998 -0.02102732
v 0.02062916 0.46375948 -0.01953910
v 0.02167557 0.46716116 -0.01373218
v -0.00432308 0.46375948 -0.02710826
v 0.00107260 0.46375948 -0.02763969
v 0.00107877 0.46127998 -0.02974329
v -0.00472680 0.46127998 -0.02917149
v -0.01030923 0.46128001 0.02750801
v -0.01429293 0.46375949 0.02301365
v -0.01545404 0.46128001 0.02475805
v -0.00951136 0.46375949 0.02556945
v 0.02167557 0.46716116 -0.01373218
v 0.01883329 0.47318641 -0.00733923
v 0.01864140 0.47196992 -0.00725975
v 0.02640631 0.46196660 -0.01688987
v -0.01996350 0.46128001 0.02105722
v -0.01429293 0.46375949 0.02301365
v -0.01848401 0.46375948 0.01957411
v -0.01545404 0.46128001 0.02475805
v 0.03094154 0.46196658 -0.00594087
v 0.01864140 0.47196992 -0.00725975
v 0.02536349 0.46716124 -0.00482854
v 0.01883329 0.47318641 -0.00733923
v -0.02366432 0.46128000 0.01654775
v -0.01848401 0.46375948 0.01957411
v -0.02192354 0.46375948 0.01538303
v -0.01996350 0.46128001 0.02105722
v 0.03094154 0.46196658 -0.00594087
v 0.02872978 0.46375948 0.00001749
v 0.03083699 0.46128000 0.00001493
v 0.02536349 0.46716124 -0.00482854
v -0.02641429 0.46128000 0.01140294
v -0.02366432 0.46128000 0.01654775
v -0.02192354 0.46375948 0.01538303
v -0.02447935 0.46375948 0.01060146
v -0.02658461 0.46375948 0.00001752
v -0.02605319 0.46375948 0.00541316
v -0.02097838 0.47137064 0.00440777
v -0.02141001 0.47137064 0.00002531
v -0.27807349 0.15304198 0.05553401
v -0.49776971 0.10706468 -0.00000004
v -0.48818378 0.10706470 0.09732754
v -0.28354310 0.15304198 0.00000002
v 0.41592293 0.10706473 0.27716527
v 0.26410517 0.15304199 0.10893378
v 0.23779995 0.15304200 0.15814746
v 0.46202480 0.10706471 0.19091458
v -0.28354310 0.15304198 0.00000002
v -0.48818373 0.10706466 -0.09732762
v -0.49776971 0.10706468 -0.00000004
v -0.27807342 0.15304198 -0.05553408
v 0.35388020 0.10706474 0.35276463
v 0.23779995 0.15304200 0.15814746
v 0.20239902 0.15304200 0.20128365
v 0.41592293 0.10706473 0.27716527
v -0.48818373 0.10706466 -0.09732762
v -0.26187480 0.15304195 -0.10893402
v -0.45979438 0.10706465 -0.19091499
v -0.27807342 0.15304198 -0.05553408
v 0.35388020 0.10706474 0.35276463
v 0.15926299 0.15304201 0.23668461
v 0.27828097 0.10706475 0.41480742
v 0.20239902 0.15304200 0.20128365
v -0.45979438 0.10706465 -0.19091499
v -0.23556956 0.15304194 -0.15814764
v -0.41369251 0.10706463 -0.27716557
v -0.26187480 0.15304195 -0.10893402
v 0.15926299 0.15304201 0.23668461
v 0.19203033 0.10706476 0.46090942
v 0.27828097 0.10706475 0.41480742
v 0.11004922 0.15304203 0.26298985
v -0.00472680 0.46127998 -0.02917149
v -0.03299493 0.23995330 -0.17148277
v -0.01030925 0.46127998 -0.02747808
v -0.06579417 0.23995330 -0.16153324
v -0.23556956 0.15304194 -0.15814764
v -0.35164969 0.10706462 -0.35276486
v -0.41369251 0.10706463 -0.27716557
v -0.20016862 0.15304193 -0.20128377
v 0.19203033 0.10706476 0.46090942
v 0.05664935 0.15304202 0.27918860
v 0.09844296 0.10706478 0.48929886
v 0.11004922 0.15304203 0.26298985
v 0.11004878 0.15304192 -0.26299008
v 0.09844201 0.10706460 -0.48929903
v 0.05664878 0.15304194 -0.27918868
v 0.19202945 0.10706459 -0.46090980
v -0.35164969 0.10706462 -0.35276486
v -0.15703250 0.15304193 -0.23668473
v -0.27605040 0.10706461 -0.41480764
v -0.20016862 0.15304193 -0.20128377
v 0.09844296 0.10706478 0.48929886
v 0.00111526 0.15304202 0.28465828
v 0.00111531 0.10706476 0.49888488
v 0.05664935 0.15304202 0.27918860
v 0.11004878 0.15304192 -0.26299008
v 0.27828018 0.10706461 -0.41480798
v 0.19202945 0.10706459 -0.46090980
v 0.15926245 0.15304194 -0.23668490
v -0.27605040 0.10706461 -0.41480764
v -0.15703250 0.15304193 -0.23668473
v -0.18979982 0.10706460 -0.46090950
v -0.10781889 0.15304192 -0.26298988
v 0.00111526 0.15304202 0.28465828
v -0.09621233 0.10706476 0.48929894
v 0.00111531 0.10706476 0.49888488
v -0.05441887 0.15304203 0.27918863
v 0.15926245 0.15304194 -0.23668490
v 0.35387953 0.10706462 -0.35276527
v 0.27828018 0.10706461 -0.41480798
v 0.20239867 0.15304193 -0.20128397
v -0.10781889 0.15304192 -0.26298988
v -0.05441894 0.15304192 -0.27918856
v -0.09621246 0.10706460 -0.48929886
v -0.18979982 0.10706460 -0.46090950
v -0.09621233 0.10706476 0.48929894
v -0.10781877 0.15304201 0.26299000
v -0.18979974 0.10706476 0.46090950
v -0.05441887 0.15304203 0.27918863
v 0.35387953 0.10706462 -0.35276527
v 0.23779966 0.15304194 -0.15814800
v 0.41592242 0.10706463 -0.27716611
v 0.20239867 0.15304193 -0.20128397
v 0.09844201 0.10706460 -0.48929903
v 0.00111527 0.15304192 -0.28465821
v 0.05664878 0.15304194 -0.27918868
v 0.00111515 0.10706457 -0.49888488
v -0.18979974 0.10706476 0.46090950
v -0.15703248 0.15304201 0.23668478
v -0.27605040 0.10706475 0.41480759
v -0.10781877 0.15304201 0.26299000
v 0.23779966 0.15304194 -0.15814800
v 0.46202441 0.10706465 -0.19091548
v 0.41592242 0.10706463 -0.27716611
v 0.26410492 0.15304195 -0.10893433
v -0.15703248 0.15304201 0.23668478
v -0.20016862 0.15304200 0.20128376
v -0.35164969 0.10706474 0.35276482
v -0.27605040 0.10706475 0.41480759
v 0.46202441 0.10706465 -0.19091548
v 0.28030369 0.15304196 -0.05553435
v 0.49041398 0.10706466 -0.09732812
v 0.26410492 0.15304195 -0.10893433
v -0.41369251 0.10706471 0.27716551
v -0.20016862 0.15304200 0.20128376
v -0.23556952 0.15304200 0.15814759
v -0.35164969 0.10706474 0.35276482
v 0.49041398 0.10706466 -0.09732812
v 0.28577341 0.15304197 -0.00000031
v 0.50000000 0.10706470 -0.00000049
v 0.28030369 0.15304196 -0.05553435
v -0.26187484 0.15304199 0.10893389
v -0.41369251 0.10706471 0.27716551
v -0.23556952 0.15304200 0.15814759
v -0.45979438 0.10706471 0.19091490
v 0.50000000 0.10706470 -0.00000049
v 0.28577341 0.15304197 -0.00000031
v 0.49041415 0.10706470 0.09732717
v 0.28030376 0.15304199 0.05553382
v -0.48818378 0.10706470 0.09732754
v -0.26187484 0.15304199 0.10893389
v -0.27807349 0.15304198 0.05553401
v -0.45979438 0.10706471 0.19091490
v 0.03083699 0.46128000 0.00001493
v 0.02819837 0.46375948 0.00541315
v 0.03026521 0.46127998 0.00582049
v 0.02872978 0.46375948 0.00001749
v 0.00111527 0.15304192 -0.28465821
v -0.09621246 0.10706460 -0.48929886
v -0.05441894 0.15304192 -0.27918856
v 0.00111515 0.10706457 -0.49888488
v 0.03522492 0.23995330 -0.17148288
v 0.01246671 0.46127998 -0.02747810
v 0.06802420 0.23995330 -0.16153339
v 0.00688425 0.46127998 -0.02917151
v 0.06802420 0.23995330 -0.16153339
v 0.01761150 0.46128000 -0.02472813
v 0.09825213 0.23995330 -0.14537625
v 0.01246671 0.46127998 -0.02747810
v 0.09825213 0.23995330 -0.14537625
v 0.02212099 0.46127998 -0.02102732
v 0.12474723 0.23995330 -0.12363234
v 0.01761150 0.46128000 -0.02472813
v 0.02640631 0.46196660 -0.01688987
v 0.14649114 0.23995331 -0.09713745
v 0.02212099 0.46127998 -0.02102732
v 0.12474723 0.23995330 -0.12363234
v 0.01864140 0.47196992 -0.00725975
v 0.16264831 0.23995331 -0.06690952
v 0.02640631 0.46196660 -0.01688987
v 0.14649114 0.23995331 -0.09713745
v 0.03094154 0.46196658 -0.00594087
v 0.16264831 0.23995331 -0.06690952
v 0.01864140 0.47196992 -0.00725975
v 0.17259790 0.23995332 -0.03411024
v 0.03083699 0.46128000 0.00001493
v 0.17595751 0.23995332 -0.00000023
v 0.03094154 0.46196658 -0.00594087
v 0.17259790 0.23995332 -0.03411024
v 0.17259794 0.23995333 0.03410988
v 0.02857180 0.46128000 0.01140293
v 0.16264849 0.23995334 0.06690911
v 0.03026521 0.46127998 0.00582049
v 0.26410517 0.15304199 0.10893378
v 0.49041415 0.10706470 0.09732717
v 0.28030376 0.15304199 0.05553382
v 0.46202480 0.10706471 0.19091458
v 0.16264849 0.23995334 0.06690911
v 0.02582184 0.46128000 0.01654773
v 0.14649133 0.23995334 0.09713706
v 0.02857180 0.46128000 0.01140293
v 0.14649133 0.23995334 0.09713706
v 0.02212101 0.46128001 0.02105721
v 0.12474742 0.23995335 0.12363213
v 0.02582184 0.46128000 0.01654773
v 0.01761156 0.46128001 0.02475803
v 0.09825250 0.23995334 0.14537604
v 0.02212101 0.46128001 0.02105721
v 0.12474742 0.23995335 0.12363213
v 0.01246675 0.46128001 0.02750799
v 0.06802447 0.23995335 0.16153319
v 0.01761156 0.46128001 0.02475803
v 0.09825250 0.23995334 0.14537604
v 0.00688431 0.46128001 0.02920140
v 0.03522528 0.23995333 0.17148277
v 0.01246675 0.46128001 0.02750799
v 0.06802447 0.23995335 0.16153319
v 0.00107876 0.46128001 0.02977321
v 0.00111522 0.23995333 0.17484237
v 0.00688431 0.46128001 0.02920140
v 0.03522528 0.23995333 0.17148277
v 0.00111522 0.23995333 0.17484237
v -0.00472679 0.46128001 0.02920141
v -0.03299489 0.23995335 0.17148278
v 0.00107876 0.46128001 0.02977321
v -0.03299489 0.23995335 0.17148278
v -0.01030923 0.46128001 0.02750801
v -0.06579407 0.23995332 0.16153331
v -0.00472679 0.46128001 0.02920141
v -0.06579407 0.23995332 0.16153331
v -0.01545404 0.46128001 0.02475805
v -0.09602202 0.23995334 0.14537613
v -0.01030923 0.46128001 0.02750801
v -0.09602202 0.23995334 0.14537613
v -0.01996350 0.46128001 0.02105722
v -0.12251707 0.23995335 0.12363218
v -0.01545404 0.46128001 0.02475805
v -0.02366432 0.46128000 0.01654775
v -0.14426095 0.23995334 0.09713714
v -0.01996350 0.46128001 0.02105722
v -0.12251707 0.23995335 0.12363218
v -0.02641429 0.46128000 0.01140294
v -0.16041817 0.23995334 0.06690915
v -0.02366432 0.46128000 0.01654775
v -0.14426095 0.23995334 0.09713714
v -0.02810770 0.46128000 0.00582050
v -0.17036768 0.23995333 0.03410999
v -0.02641429 0.46128000 0.01140294
v -0.16041817 0.23995334 0.06690915
v -0.02867948 0.46128000 0.00001497
v -0.17372721 0.23995332 0.00000001
v -0.02810770 0.46128000 0.00582050
v -0.17036768 0.23995333 0.03410999
v -0.17372721 0.23995332 0.00000001
v -0.02810771 0.46127998 -0.00579059
v -0.17036765 0.23995332 -0.03411009
v -0.02867948 0.46128000 0.00001497
v -0.17036765 0.23995332 -0.03411009
v -0.02641429 0.46127998 -0.01137303
v -0.16041815 0.23995331 -0.06690932
v -0.02810771 0.46127998 -0.00579059
v -0.16041815 0.23995331 -0.06690932
v -0.02366433 0.46128000 -0.01651783
v -0.14426100 0.23995331 -0.09713721
v -0.02641429 0.46127998 -0.01137303
v -0.14426100 0.23995331 -0.09713721
v -0.01996351 0.46127998 -0.02102730
v -0.12251707 0.23995330 -0.12363224
v -0.02366433 0.46128000 -0.01651783
v -0.01545405 0.46128000 -0.02472812
v -0.09602206 0.23995330 -0.14537615
v -0.01996351 0.46127998 -0.02102730
v -0.12251707 0.23995330 -0.12363224
v -0.01030925 0.46127998 -0.02747808
v -0.06579417 0.23995330 -0.16153324
v -0.01545405 0.46128000 -0.02472812
v -0.09602206 0.23995330 -0.14537615
v 0.00111528 0.23995330 -0.17484235
v 0.00688425 0.46127998 -0.02917151
v 0.03522492 0.23995330 -0.17148288
v 0.00107877 0.46127998 -0.02974329
v -0.40524032 0.09293342 0.27151802
v -0.45979438 0.10706471 0.19091490
v -0.45040289 0.09293343 0.18702483
v -0.41369251 0.10706471 0.27716551
v 0.50000000 0.10706470 -0.00000049
v 0.48044420 0.09293339 0.09534403
v 0.48983475 0.09293340 -0.00000048
v 0.49041415 0.10706470 0.09732717
v -0.45040289 0.09293343 0.18702483
v -0.48818378 0.10706470 0.09732754
v -0.47821383 0.09293341 0.09534441
v -0.45979438 0.10706471 0.19091490
v 0.49041415 0.10706470 0.09732717
v 0.45263335 0.09293341 0.18702449
v 0.48044420 0.09293339 0.09534403
v 0.46202480 0.10706471 0.19091458
v -0.47821383 0.09293341 0.09534441
v -0.49776971 0.10706468 -0.00000004
v -0.48760442 0.09293340 -0.00000004
v -0.48818378 0.10706470 0.09732754
v 0.40747082 0.09293342 0.27151779
v 0.45263335 0.09293341 0.18702449
v 0.46202480 0.10706471 0.19091458
v 0.41592293 0.10706473 0.27716527
v -0.49776971 0.10706468 -0.00000004
v -0.47821378 0.09293336 -0.09534448
v -0.48760442 0.09293340 -0.00000004
v -0.48818373 0.10706466 -0.09732762
v 0.34669230 0.09293343 0.34557670
v 0.40747082 0.09293342 0.27151779
v 0.41592293 0.10706473 0.27716527
v 0.35388020 0.10706474 0.35276463
v -0.48818373 0.10706466 -0.09732762
v -0.45979438 0.10706465 -0.19091499
v -0.45040289 0.09293336 -0.18702489
v -0.47821378 0.09293336 -0.09534448
v 0.34669230 0.09293343 0.34557670
v 0.27828097 0.10706475 0.41480742
v 0.27263342 0.09293346 0.40635536
v 0.35388020 0.10706474 0.35276463
v -0.40524041 0.09293335 -0.27151804
v -0.45040289 0.09293336 -0.18702489
v -0.45979438 0.10706465 -0.19091499
v -0.41369251 0.10706463 -0.27716557
v 0.27263342 0.09293346 0.40635536
v 0.19203033 0.10706476 0.46090942
v 0.18814025 0.09293345 0.45151793
v 0.27828097 0.10706475 0.41480742
v 0.00111515 0.10706457 -0.49888488
v 0.09645887 0.09293332 -0.47932912
v 0.00111515 0.09293329 -0.48871954
v 0.09844201 0.10706460 -0.48929903
v -0.34446179 0.09293332 -0.34557696
v -0.40524041 0.09293335 -0.27151804
v -0.41369251 0.10706463 -0.27716557
v -0.35164969 0.10706462 -0.35276486
v 0.18814025 0.09293345 0.45151793
v 0.09844296 0.10706478 0.48929886
v 0.09645982 0.09293348 0.47932891
v 0.19203033 0.10706476 0.46090942
v 0.09844201 0.10706460 -0.48929903
v 0.18813938 0.09293330 -0.45151831
v 0.09645887 0.09293332 -0.47932912
v 0.19202945 0.10706459 -0.46090980
v -0.34446179 0.09293332 -0.34557696
v -0.27605040 0.10706461 -0.41480764
v -0.27040292 0.09293333 -0.40635553
v -0.35164969 0.10706462 -0.35276486
v 0.09645982 0.09293348 0.47932891
v 0.00111531 0.10706476 0.49888488
v 0.00111531 0.09293348 0.48871959
v 0.09844296 0.10706478 0.48929886
v 0.27263263 0.09293331 -0.40635587
v 0.18813938 0.09293330 -0.45151831
v 0.19202945 0.10706459 -0.46090980
v 0.27828018 0.10706461 -0.41480798
v -0.27040292 0.09293333 -0.40635553
v -0.18979982 0.10706460 -0.46090950
v -0.18590975 0.09293330 -0.45151801
v -0.27605040 0.10706461 -0.41480764
v 0.00111531 0.10706476 0.49888488
v -0.09621233 0.10706476 0.48929894
v -0.09422919 0.09293348 0.47932900
v 0.00111531 0.09293348 0.48871959
v 0.34669163 0.09293332 -0.34557738
v 0.27263263 0.09293331 -0.40635587
v 0.27828018 0.10706461 -0.41480798
v 0.35387953 0.10706462 -0.35276527
v -0.18590975 0.09293330 -0.45151801
v -0.09621246 0.10706460 -0.48929886
v -0.09422930 0.09293329 -0.47932895
v -0.18979982 0.10706460 -0.46090950
v -0.09621233 0.10706476 0.48929894
v -0.18979974 0.10706476 0.46090950
v -0.18590966 0.09293347 0.45151806
v -0.09422919 0.09293348 0.47932900
v 0.34669163 0.09293332 -0.34557738
v 0.41592242 0.10706463 -0.27716611
v 0.40747031 0.09293335 -0.27151857
v 0.35387953 0.10706462 -0.35276527
v -0.09422930 0.09293329 -0.47932895
v 0.00111515 0.10706457 -0.49888488
v 0.00111515 0.09293329 -0.48871954
v -0.09621246 0.10706460 -0.48929886
v -0.27040290 0.09293346 0.40635553
v -0.18590966 0.09293347 0.45151806
v -0.18979974 0.10706476 0.46090950
v -0.27605040 0.10706475 0.41480759
v 0.40747031 0.09293335 -0.27151857
v 0.46202441 0.10706465 -0.19091548
v 0.45263292 0.09293334 -0.18702540
v 0.41592242 0.10706463 -0.27716611
v -0.34446179 0.09293345 0.34557692
v -0.27040290 0.09293346 0.40635553
v -0.27605040 0.10706475 0.41480759
v -0.35164969 0.10706474 0.35276482
v 0.45263292 0.09293334 -0.18702540
v 0.49041398 0.10706466 -0.09732812
v 0.48044407 0.09293336 -0.09534498
v 0.46202441 0.10706465 -0.19091548
v -0.34446179 0.09293345 0.34557692
v -0.41369251 0.10706471 0.27716551
v -0.40524032 0.09293342 0.27151802
v -0.35164969 0.10706474 0.35276482
v 0.48044407 0.09293336 -0.09534498
v 0.50000000 0.10706470 -0.00000049
v 0.48983475 0.09293340 -0.00000048
v 0.49041398 0.10706466 -0.09732812
v 0.17595751 0.23995332 -0.00000023
v 0.03026521 0.46127998 0.00582049
v 0.17259794 0.23995333 0.03410988
v 0.03083699 0.46128000 0.00001493
v -0.27040292 0.09293333 -0.40635553
v -0.20634148 0.09293332 -0.31048083
v -0.34446179 0.09293332 -0.34557696
v -0.36512192 0.09293336 -0.07284909
v -0.47821378 0.09293336 -0.09534448
v -0.34387263 0.09293337 -0.14289864
v -0.30936571 0.09293334 -0.20745663
v -0.40524041 0.09293335 -0.27151804
v -0.26292703 0.09293335 -0.26404219
v -0.45040289 0.09293336 -0.18702489
v 0.36735212 0.09293336 -0.07284945
v 0.48044407 0.09293336 -0.09534498
v 0.37452722 0.09293340 -0.00000038
v 0.34610274 0.09293335 -0.14289904
v 0.45263292 0.09293334 -0.18702540
v 0.14401326 0.09293332 -0.34498800
v 0.27263263 0.09293331 -0.40635587
v 0.20857137 0.09293332 -0.31048111
v 0.18813938 0.09293330 -0.45151831
v 0.07396369 0.09293331 -0.36623721
v 0.09645887 0.09293332 -0.47932912
v 0.00111515 0.09293329 -0.48871954
v 0.00111522 0.09293331 -0.37341201
v -0.37229697 0.09293338 -0.00000000
v -0.48760442 0.09293340 -0.00000004
v -0.18590975 0.09293330 -0.45151801
v -0.14178350 0.09293332 -0.34498775
v -0.09422930 0.09293329 -0.47932895
v -0.07173395 0.09293333 -0.36623700
v 0.40747031 0.09293335 -0.27151857
v 0.31159574 0.09293334 -0.20745705
v 0.34669163 0.09293332 -0.34557738
v 0.26515704 0.09293333 -0.26404251
v 0.48983475 0.09293340 -0.00000048
v 0.04845434 0.13052958 -0.23799209
v 0.00111527 0.11198166 -0.28465822
v 0.05664879 0.11198167 -0.27918872
v 0.00111529 0.13052959 -0.24265451
v 0.04061266 0.16234137 -0.19856904
v 0.00111529 0.13052959 -0.24265451
v 0.04845434 0.13052958 -0.23799209
v 0.00111529 0.16234137 -0.20245914
v 0.00111529 0.16234137 -0.20245914
v 0.03522492 0.19889306 -0.17148288
v 0.00111528 0.19889306 -0.17484237
v 0.04061266 0.16234137 -0.19856904
v 0.09397474 0.13052959 -0.22418374
v 0.05664879 0.11198167 -0.27918872
v 0.11004879 0.11198166 -0.26299011
v 0.04845434 0.13052958 -0.23799209
v 0.07859267 0.16234137 -0.18704803
v 0.04845434 0.13052958 -0.23799209
v 0.09397474 0.13052959 -0.22418374
v 0.04061266 0.16234137 -0.19856904
v 0.06802421 0.19889306 -0.16153340
v 0.04061266 0.16234137 -0.19856904
v 0.07859267 0.16234137 -0.18704803
v 0.03522492 0.19889306 -0.17148288
v 0.09397474 0.13052959 -0.22418374
v 0.15926246 0.11198168 -0.23668492
v 0.13592651 0.13052958 -0.20176011
v 0.11004879 0.11198166 -0.26299011
v 0.07859267 0.16234137 -0.18704803
v 0.13592651 0.13052958 -0.20176011
v 0.11359519 0.16234137 -0.16833881
v 0.09397474 0.13052959 -0.22418374
v 0.09825215 0.19889306 -0.14537627
v 0.07859267 0.16234137 -0.18704803
v 0.11359519 0.16234137 -0.16833881
v 0.06802421 0.19889306 -0.16153340
v 0.13592651 0.13052958 -0.20176011
v 0.20239872 0.11198167 -0.20128400
v 0.17269764 0.13052960 -0.17158284
v 0.15926246 0.11198168 -0.23668492
v 0.11359519 0.16234137 -0.16833881
v 0.17269764 0.13052960 -0.17158284
v 0.14427525 0.16234138 -0.14316038
v 0.13592651 0.13052958 -0.20176011
v 0.12474724 0.19889306 -0.12363235
v 0.11359519 0.16234137 -0.16833881
v 0.14427525 0.16234138 -0.14316038
v 0.09825215 0.19889306 -0.14537627
v 0.20287493 0.13052961 -0.13481197
v 0.20239872 0.11198167 -0.20128400
v 0.23779970 0.11198168 -0.15814800
v 0.17269764 0.13052960 -0.17158284
v 0.16945368 0.16234138 -0.11248055
v 0.17269764 0.13052960 -0.17158284
v 0.20287493 0.13052961 -0.13481197
v 0.14427525 0.16234138 -0.14316038
v 0.12474724 0.19889306 -0.12363235
v 0.14427525 0.16234138 -0.14316038
v 0.16945368 0.16234138 -0.11248055
v 0.14649116 0.19889307 -0.09713746
v 0.20287493 0.13052961 -0.13481197
v 0.26410494 0.11198169 -0.10893434
v 0.22529862 0.13052961 -0.09286019
v 0.23779970 0.11198168 -0.15814800
v 0.16945368 0.16234138 -0.11248055
v 0.22529862 0.13052961 -0.09286019
v 0.18816293 0.16234139 -0.07747803
v 0.20287493 0.13052961 -0.13481197
v 0.14649116 0.19889307 -0.09713746
v 0.16945368 0.16234138 -0.11248055
v 0.18816293 0.16234139 -0.07747803
v 0.16264832 0.19889307 -0.06690951
v 0.23910715 0.13052962 -0.04733979
v 0.26410494 0.11198169 -0.10893434
v 0.28030374 0.11198170 -0.05553435
v 0.22529862 0.13052961 -0.09286019
v 0.19968411 0.16234139 -0.03949802
v 0.22529862 0.13052961 -0.09286019
v 0.23910715 0.13052962 -0.04733979
v 0.18816293 0.16234139 -0.07747803
v 0.16264832 0.19889307 -0.06690951
v 0.18816293 0.16234139 -0.07747803
v 0.19968411 0.16234139 -0.03949802
v 0.17259792 0.19889308 -0.03411024
v 0.28030374 0.11198170 -0.05553435
v 0.24376972 0.13052963 -0.00000027
v 0.23910715 0.13052962 -0.04733979
v 0.28577343 0.11198171 -0.00000030
v 0.24376972 0.13052963 -0.00000027
v 0.20357432 0.16234140 -0.00000024
v 0.19968411 0.16234139 -0.03949802
v 0.23910715 0.13052962 -0.04733979
v 0.17259792 0.19889308 -0.03411024
v 0.19968411 0.16234139 -0.03949802
v 0.20357432 0.16234140 -0.00000024
v 0.17595754 0.19889309 -0.00000022
v 0.28030378 0.11198173 0.05553383
v 0.23910719 0.13052963 0.04733936
v 0.24376972 0.13052963 -0.00000027
v 0.28577343 0.11198171 -0.00000030
v 0.23910719 0.13052963 0.04733936
v 0.19968414 0.16234141 0.03949765
v 0.20357432 0.16234140 -0.00000024
v 0.24376972 0.13052963 -0.00000027
v 0.20357432 0.16234140 -0.00000024
v 0.17259795 0.19889309 0.03410989
v 0.17595754 0.19889309 -0.00000022
v 0.19968414 0.16234141 0.03949765
v 0.28030378 0.11198173 0.05553383
v 0.22529886 0.13052965 0.09285971
v 0.23910719 0.13052963 0.04733936
v 0.26410521 0.11198173 0.10893380
v 0.23910719 0.13052963 0.04733936
v 0.18816313 0.16234141 0.07747762
v 0.19968414 0.16234141 0.03949765
v 0.22529886 0.13052965 0.09285971
v 0.16264850 0.19889310 0.06690913
v 0.19968414 0.16234141 0.03949765
v 0.18816313 0.16234141 0.07747762
v 0.17259795 0.19889309 0.03410989
v 0.22529886 0.13052965 0.09285971
v 0.26410521 0.11198173 0.10893380
v 0.23780000 0.11198173 0.15814749
v 0.20287519 0.13052965 0.13481150
v 0.18816313 0.16234141 0.07747762
v 0.22529886 0.13052965 0.09285971
v 0.20287519 0.13052965 0.13481150
v 0.16945388 0.16234142 0.11248015
v 0.14649135 0.19889310 0.09713708
v 0.18816313 0.16234141 0.07747762
v 0.16945388 0.16234142 0.11248015
v 0.16264850 0.19889310 0.06690913
v 0.20287519 0.13052965 0.13481150
v 0.20239906 0.11198174 0.20128370
v 0.17269793 0.13052966 0.17158261
v 0.23780000 0.11198173 0.15814749
v 0.16945388 0.16234142 0.11248015
v 0.17269793 0.13052966 0.17158261
v 0.14427546 0.16234142 0.14316016
v 0.20287519 0.13052965 0.13481150
v 0.12474743 0.19889311 0.12363214
v 0.16945388 0.16234142 0.11248015
v 0.14427546 0.16234142 0.14316016
v 0.14649135 0.19889310 0.09713708
v 0.13592699 0.13052967 0.20175987
v 0.20239906 0.11198174 0.20128370
v 0.15926301 0.11198175 0.23668464
v 0.17269793 0.13052966 0.17158261
v 0.11359559 0.16234145 0.16833860
v 0.17269793 0.13052966 0.17158261
v 0.13592699 0.13052967 0.20175987
v 0.14427546 0.16234142 0.14316016
v 0.12474743 0.19889311 0.12363214
v 0.14427546 0.16234142 0.14316016
v 0.11359559 0.16234145 0.16833860
v 0.09825251 0.19889308 0.14537605
v 0.13592699 0.13052967 0.20175987
v 0.11004925 0.11198176 0.26298990
v 0.09397511 0.13052966 0.22418354
v 0.15926301 0.11198175 0.23668464
v 0.11359559 0.16234145 0.16833860
v 0.09397511 0.13052966 0.22418354
v 0.07859298 0.16234143 0.18704784
v 0.13592699 0.13052967 0.20175987
v 0.09825251 0.19889308 0.14537605
v 0.11359559 0.16234145 0.16833860
v 0.07859298 0.16234143 0.18704784
v 0.06802447 0.19889311 0.16153322
v 0.04845482 0.13052966 0.23799202
v 0.11004925 0.11198176 0.26298990
v 0.05664935 0.11198175 0.27918863
v 0.09397511 0.13052966 0.22418354
v 0.04061307 0.16234143 0.19856896
v 0.09397511 0.13052966 0.22418354
v 0.04845482 0.13052966 0.23799202
v 0.07859298 0.16234143 0.18704784
v 0.06802447 0.19889311 0.16153322
v 0.07859298 0.16234143 0.18704784
v 0.04061307 0.16234143 0.19856896
v 0.03522528 0.19889309 0.17148279
v 0.00111524 0.13052966 0.24265461
v 0.05664935 0.11198175 0.27918863
v 0.00111526 0.11198176 0.28465831
v 0.04845482 0.13052966 0.23799202
v 0.00111523 0.16234143 0.20245920
v 0.04845482 0.13052966 0.23799202
v 0.00111524 0.13052966 0.24265461
v 0.04061307 0.16234143 0.19856896
v 0.03522528 0.19889309 0.17148279
v 0.04061307 0.16234143 0.19856896
v 0.00111523 0.16234143 0.20245920
v 0.00111522 0.19889309 0.17484239
v 0.00111524 0.13052966 0.24265461
v -0.05441888 0.11198177 0.27918865
v -0.04622438 0.13052966 0.23799206
v 0.00111526 0.11198176 0.28465831
v 0.00111523 0.16234143 0.20245920
v -0.04622438 0.13052966 0.23799206
v -0.03838266 0.16234143 0.19856896
v 0.00111524 0.13052966 0.24265461
v 0.00111523 0.16234143 0.20245920
v -0.03299490 0.19889311 0.17148281
v 0.00111522 0.19889309 0.17484239
v -0.03838266 0.16234143 0.19856896
v -0.05441888 0.11198177 0.27918865
v -0.09174466 0.13052966 0.22418367
v -0.04622438 0.13052966 0.23799206
v -0.10781879 0.11198175 0.26299003
v -0.04622438 0.13052966 0.23799206
v -0.07636256 0.16234143 0.18704795
v -0.03838266 0.16234143 0.19856896
v -0.09174466 0.13052966 0.22418367
v -0.06579407 0.19889309 0.16153333
v -0.03838266 0.16234143 0.19856896
v -0.07636256 0.16234143 0.18704795
v -0.03299490 0.19889311 0.17148281
v -0.10781879 0.11198175 0.26299003
v -0.13369649 0.13052967 0.20175999
v -0.09174466 0.13052966 0.22418367
v -0.15703249 0.11198175 0.23668481
v -0.09174466 0.13052966 0.22418367
v -0.11136511 0.16234145 0.16833871
v -0.07636256 0.16234143 0.18704795
v -0.13369649 0.13052967 0.20175999
v -0.09602204 0.19889308 0.14537615
v -0.07636256 0.16234143 0.18704795
v -0.11136511 0.16234145 0.16833871
v -0.06579407 0.19889309 0.16153333
v -0.13369649 0.13052967 0.20175999
v -0.15703249 0.11198175 0.23668481
v -0.20016866 0.11198174 0.20128381
v -0.17046756 0.13052966 0.17158270
v -0.11136511 0.16234145 0.16833871
v -0.13369649 0.13052967 0.20175999
v -0.17046756 0.13052966 0.17158270
v -0.14204511 0.16234142 0.14316024
v -0.12251708 0.19889311 0.12363220
v -0.11136511 0.16234145 0.16833871
v -0.14204511 0.16234142 0.14316024
v -0.09602204 0.19889308 0.14537615
v -0.17046756 0.13052966 0.17158270
v -0.20016866 0.11198174 0.20128381
v -0.23556954 0.11198173 0.15814760
v -0.20064473 0.13052965 0.13481161
v -0.14204511 0.16234142 0.14316024
v -0.17046756 0.13052966 0.17158270
v -0.20064473 0.13052965 0.13481161
v -0.16722348 0.16234142 0.11248023
v -0.12251708 0.19889311 0.12363220
v -0.14204511 0.16234142 0.14316024
v -0.16722348 0.16234142 0.11248023
v -0.14426096 0.19889310 0.09713715
v -0.23556954 0.11198173 0.15814760
v -0.22306853 0.13052965 0.09285980
v -0.20064473 0.13052965 0.13481161
v -0.26187486 0.11198173 0.10893392
v -0.20064473 0.13052965 0.13481161
v -0.18593282 0.16234141 0.07747766
v -0.16722348 0.16234142 0.11248023
v -0.22306853 0.13052965 0.09285980
v -0.14426096 0.19889310 0.09713715
v -0.16722348 0.16234142 0.11248023
v -0.18593282 0.16234141 0.07747766
v -0.16041819 0.19889310 0.06690916
v -0.22306853 0.13052965 0.09285980
v -0.27807353 0.11198172 0.05553403
v -0.23687695 0.13052964 0.04733952
v -0.26187486 0.11198173 0.10893392
v -0.18593282 0.16234141 0.07747766
v -0.23687695 0.13052964 0.04733952
v -0.19745385 0.16234141 0.03949777
v -0.22306853 0.13052965 0.09285980
v -0.16041819 0.19889310 0.06690916
v -0.18593282 0.16234141 0.07747766
v -0.19745385 0.16234141 0.03949777
v -0.17036769 0.19889309 0.03411000
v -0.23687695 0.13052964 0.04733952
v -0.28354312 0.11198172 0.00000002
v -0.24153943 0.13052962 0.00000003
v -0.27807353 0.11198172 0.05553403
v -0.19745385 0.16234141 0.03949777
v -0.24153943 0.13052962 0.00000003
v -0.20134403 0.16234140 0.00000002
v -0.23687695 0.13052964 0.04733952
v -0.17036769 0.19889309 0.03411000
v -0.19745385 0.16234141 0.03949777
v -0.20134403 0.16234140 0.00000002
v -0.17372724 0.19889309 0.00000001
v -0.24153943 0.13052962 0.00000003
v -0.27807345 0.11198171 -0.05553408
v -0.23687686 0.13052961 -0.04733957
v -0.28354312 0.11198172 0.00000002
v -0.20134403 0.16234140 0.00000002
v -0.23687686 0.13052961 -0.04733957
v -0.19745380 0.16234139 -0.03949784
v -0.24153943 0.13052962 0.00000003
v -0.20134403 0.16234140 0.00000002
v -0.17036766 0.19889308 -0.03411008
v -0.17372724 0.19889309 0.00000001
v -0.19745380 0.16234139 -0.03949784
v -0.22306846 0.13052961 -0.09285991
v -0.27807345 0.11198171 -0.05553408
v -0.26187482 0.11198169 -0.10893403
v -0.23687686 0.13052961 -0.04733957
v -0.18593275 0.16234139 -0.07747780
v -0.23687686 0.13052961 -0.04733957
v -0.22306846 0.13052961 -0.09285991
v -0.19745380 0.16234139 -0.03949784
v -0.16041816 0.19889307 -0.06690932
v -0.19745380 0.16234139 -0.03949784
v -0.18593275 0.16234139 -0.07747780
v -0.17036766 0.19889308 -0.03411008
v -0.20064481 0.13052961 -0.13481165
v -0.26187482 0.11198169 -0.10893403
v -0.23556960 0.11198168 -0.15814765
v -0.22306846 0.13052961 -0.09285991
v -0.18593275 0.16234139 -0.07747780
v -0.20064481 0.13052961 -0.13481165
v -0.16722353 0.16234138 -0.11248027
v -0.22306846 0.13052961 -0.09285991
v -0.14426101 0.19889307 -0.09713722
v -0.18593275 0.16234139 -0.07747780
v -0.16722353 0.16234138 -0.11248027
v -0.16041816 0.19889307 -0.06690932
v -0.20064481 0.13052961 -0.13481165
v -0.20016866 0.11198167 -0.20128379
v -0.17046756 0.13052960 -0.17158269
v -0.23556960 0.11198168 -0.15814765
v -0.16722353 0.16234138 -0.11248027
v -0.17046756 0.13052960 -0.17158269
v -0.14204511 0.16234138 -0.14316026
v -0.20064481 0.13052961 -0.13481165
v -0.12251708 0.19889306 -0.12363224
v -0.16722353 0.16234138 -0.11248027
v -0.14204511 0.16234138 -0.14316026
v -0.14426101 0.19889307 -0.09713722
v -0.20016866 0.11198167 -0.20128379
v -0.13369652 0.13052960 -0.20175996
v -0.17046756 0.13052960 -0.17158269
v -0.15703251 0.11198167 -0.23668475
v -0.17046756 0.13052960 -0.17158269
v -0.11136515 0.16234137 -0.16833867
v -0.14204511 0.16234138 -0.14316026
v -0.13369652 0.13052960 -0.20175996
v -0.12251708 0.19889306 -0.12363224
v -0.14204511 0.16234138 -0.14316026
v -0.11136515 0.16234137 -0.16833867
v -0.09602207 0.19889306 -0.14537615
v -0.10781890 0.11198166 -0.26298992
v -0.09174480 0.13052959 -0.22418357
v -0.13369652 0.13052960 -0.20175996
v -0.15703251 0.11198167 -0.23668475
v -0.09174480 0.13052959 -0.22418357
v -0.07636267 0.16234137 -0.18704784
v -0.11136515 0.16234137 -0.16833867
v -0.13369652 0.13052960 -0.20175996
v -0.09602207 0.19889306 -0.14537615
v -0.11136515 0.16234137 -0.16833867
v -0.07636267 0.16234137 -0.18704784
v -0.06579417 0.19889306 -0.16153324
v -0.09174480 0.13052959 -0.22418357
v -0.10781890 0.11198166 -0.26298992
v -0.05441895 0.11198166 -0.27918857
v -0.04622444 0.13052959 -0.23799199
v -0.07636267 0.16234137 -0.18704784
v -0.09174480 0.13052959 -0.22418357
v -0.04622444 0.13052959 -0.23799199
v -0.03838270 0.16234137 -0.19856894
v -0.06579417 0.19889306 -0.16153324
v -0.07636267 0.16234137 -0.18704784
v -0.03838270 0.16234137 -0.19856894
v -0.03299493 0.19889306 -0.17148278
v -0.04622444 0.13052959 -0.23799199
v -0.05441895 0.11198166 -0.27918857
v 0.00111527 0.11198166 -0.28465822
v 0.00111529 0.13052959 -0.24265451
v -0.03838270 0.16234137 -0.19856894
v -0.04622444 0.13052959 -0.23799199
v 0.00111529 0.13052959 -0.24265451
v 0.00111529 0.16234137 -0.20245914
v -0.03299493 0.19889306 -0.17148278
v -0.03838270 0.16234137 -0.19856894
v 0.00111529 0.16234137 -0.20245914
v 0.00111528 0.19889306 -0.17484237
v -0.28354312 0.11198172 0.00000002
v -0.36512192 0.09293341 0.07284903
v -0.37229697 0.09293338 -0.00000000
v -0.27807353 0.11198172 0.05553403
v 0.26410521 0.11198173 0.10893380
v 0.34610302 0.09293340 0.14289832
v 0.31159611 0.09293341 0.20745638
v 0.23780000 0.11198173 0.15814749
v -0.28354312 0.11198172 0.00000002
v -0.36512192 0.09293336 -0.07284909
v -0.27807345 0.11198171 -0.05553408
v -0.37229697 0.09293338 -0.00000000
v 0.23780000 0.11198173 0.15814749
v 0.31159611 0.09293341 0.20745638
v 0.26515751 0.09293342 0.26404205
v 0.20239906 0.11198174 0.20128370
v -0.26187482 0.11198169 -0.10893403
v -0.36512192 0.09293336 -0.07284909
v -0.34387263 0.09293337 -0.14289864
v -0.27807345 0.11198171 -0.05553408
v 0.15926301 0.11198175 0.23668464
v 0.26515751 0.09293342 0.26404205
v 0.20857201 0.09293345 0.31048071
v 0.20239906 0.11198174 0.20128370
v -0.23556960 0.11198168 -0.15814765
v -0.34387263 0.09293337 -0.14289864
v -0.30936571 0.09293334 -0.20745663
v -0.26187482 0.11198169 -0.10893403
v 0.15926301 0.11198175 0.23668464
v 0.14401392 0.09293343 0.34498775
v 0.11004925 0.11198176 0.26298990
v 0.20857201 0.09293345 0.31048071
v -0.23556960 0.11198168 -0.15814765
v -0.26292703 0.09293335 -0.26404219
v -0.20016866 0.11198167 -0.20128379
v -0.30936571 0.09293334 -0.20745663
v 0.05664935 0.11198175 0.27918863
v 0.14401392 0.09293343 0.34498775
v 0.07396440 0.09293346 0.36623704
v 0.11004925 0.11198176 0.26298990
v 0.05664879 0.11198167 -0.27918872
v 0.14401326 0.09293332 -0.34498800
v 0.11004879 0.11198166 -0.26299011
v 0.07396369 0.09293331 -0.36623721
v -0.26292703 0.09293335 -0.26404219
v -0.15703251 0.11198167 -0.23668475
v -0.20016866 0.11198167 -0.20128379
v -0.20634148 0.09293332 -0.31048083
v 0.00111526 0.11198176 0.28465831
v 0.07396440 0.09293346 0.36623704
v 0.00111528 0.09293346 0.37341210
v 0.05664935 0.11198175 0.27918863
v 0.11004879 0.11198166 -0.26299011
v 0.20857137 0.09293332 -0.31048111
v 0.15926246 0.11198168 -0.23668492
v 0.14401326 0.09293332 -0.34498800
v -0.14178350 0.09293332 -0.34498775
v -0.10781890 0.11198166 -0.26298992
v -0.15703251 0.11198167 -0.23668475
v -0.20634148 0.09293332 -0.31048083
v 0.00111526 0.11198176 0.28465831
v -0.07173386 0.09293346 0.36623713
v -0.05441888 0.11198177 0.27918865
v 0.00111528 0.09293346 0.37341210
v 0.15926246 0.11198168 -0.23668492
v 0.26515704 0.09293333 -0.26404251
v 0.20239872 0.11198167 -0.20128400
v 0.20857137 0.09293332 -0.31048111
v -0.10781890 0.11198166 -0.26298992
v -0.14178350 0.09293332 -0.34498775
v -0.07173395 0.09293333 -0.36623700
v -0.05441895 0.11198166 -0.27918857
v -0.07173386 0.09293346 0.36623713
v -0.10781879 0.11198175 0.26299003
v -0.05441888 0.11198177 0.27918865
v -0.14178339 0.09293345 0.34498782
v 0.23779970 0.11198168 -0.15814800
v 0.26515704 0.09293333 -0.26404251
v 0.31159574 0.09293334 -0.20745705
v 0.20239872 0.11198167 -0.20128400
v 0.05664879 0.11198167 -0.27918872
v 0.00111522 0.09293331 -0.37341201
v 0.07396369 0.09293331 -0.36623721
v 0.00111527 0.11198166 -0.28465822
v -0.14178339 0.09293345 0.34498782
v -0.15703249 0.11198175 0.23668481
v -0.10781879 0.11198175 0.26299003
v -0.20634144 0.09293345 0.31048086
v 0.23779970 0.11198168 -0.15814800
v 0.34610274 0.09293335 -0.14289904
v 0.26410494 0.11198169 -0.10893434
v 0.31159574 0.09293334 -0.20745705
v -0.15703249 0.11198175 0.23668481
v -0.20634144 0.09293345 0.31048086
v -0.26292703 0.09293344 0.26404220
v -0.20016866 0.11198174 0.20128381
v 0.34610274 0.09293335 -0.14289904
v 0.28030374 0.11198170 -0.05553435
v 0.26410494 0.11198169 -0.10893434
v 0.36735212 0.09293336 -0.07284945
v -0.20016866 0.11198174 0.20128381
v -0.26292703 0.09293344 0.26404220
v -0.30936562 0.09293343 0.20745655
v -0.23556954 0.11198173 0.15814760
v 0.36735212 0.09293336 -0.07284945
v 0.28577343 0.11198171 -0.00000030
v 0.28030374 0.11198170 -0.05553435
v 0.37452722 0.09293340 -0.00000038
v -0.26187486 0.11198173 0.10893392
v -0.30936562 0.09293343 0.20745655
v -0.34387263 0.09293342 0.14289852
v -0.23556954 0.11198173 0.15814760
v 0.36735229 0.09293339 0.07284878
v 0.28577343 0.11198171 -0.00000030
v 0.37452722 0.09293340 -0.00000038
v 0.28030378 0.11198173 0.05553383
v -0.26187486 0.11198173 0.10893392
v -0.36512192 0.09293341 0.07284903
v -0.27807353 0.11198172 0.05553403
v -0.34387263 0.09293342 0.14289852
v -0.05441895 0.11198166 -0.27918857
v -0.07173395 0.09293333 -0.36623700
v 0.00111522 0.09293331 -0.37341201
v 0.00111527 0.11198166 -0.28465822
v 0.36735229 0.09293339 0.07284878
v 0.26410521 0.11198173 0.10893380
v 0.28030378 0.11198173 0.05553383
v 0.34610302 0.09293340 0.14289832
vn -0.00000000 1.00000000 -0.00000017
vn -0.00000000 1.00000000 -0.00000017
vn -0.00000000 1.00000000 -0.00000017
vn -0.00000000 1.00000000 -0.00000017
vn 0.00000000 1.00000000 -0.00000017
vn 0.00000000 1.00000000 -0.00000017
vn 0.00000000 1.00000000 -0.00000017
vn 0.00000000 1.00000000 -0.00000017
vn 0.00000000 -1.00000000 0.00000017
vn 0.00000000 -1.00000000 0.00000017
vn 0.00000000 -1.00000000 0.00000017
vn 0.00000000 -1.00000000 0.00000017
vn 0.00000000 -1.00000000 0.00000017
vn -0.00000000 -1.00000000 0.00000017
vn -0.00000000 -1.00000000 0.00000017
vn 0.00000000 -1.00000000 0.00000017
vn 0.00000000 1.00000000 -0.00000017
vn 0.00000000 1.00000000 -0.00000017
vn 0.00000000 1.00000000 -0.00000017
vn 0.00000000 1.00000000 -0.00000017
vn -0.00000000 -1.00000000 0.00000017
vn 0.00000000 -1.00000000 0.00000017
vn 0.00000000 -1.00000000 0.00000017
vn -0.00000000 -1.00000000 0.00000017
vn -0.00000000 -1.00000000 0.00000017
vn -0.00000000 -1.00000000 0.00000017
vn -0.00000000 -1.00000000 0.00000017
vn -0.00000000 -1.00000000 0.00000017
vn -0.00000000 1.00000000 -0.00000017
vn 0.00000000 1.00000000 -0.00000017
vn -0.00000000 1.00000000 -0.00000017
vn 0.00000000 1.00000000 -0.00000017
vn 0.48756137 0.00000015 0.87308872
vn 0.48756137 0.00000015 0.87308872
vn 0.48756137 0.00000015 0.87308872
vn 0.48756137 0.00000015 0.87308872
vn -0.87311292 0.00000008 0.48751803
vn -0.87311292 0.00000008 0.48751803
vn -0.87311292 0.00000008 0.48751803
vn -0.87311292 0.00000008 0.48751803
vn -0.48756019 -0.00000015 -0.87308938
vn -0.48756019 -0.00000015 -0.87308938
vn -0.48756019 -0.00000015 -0.87308938
vn -0.48756019 -0.00000015 -0.87308938
vn 0.87309952 -0.00000008 -0.48754203
vn 0.87309952 -0.00000008 -0.48754203
vn 0.87309952 -0.00000008 -0.48754203
vn 0.87309952 -0.00000008 -0.48754203
vn 0.00000000 1.00000000 -0.00000017
vn -0.00000000 1.00000000 -0.00000017
vn 0.00000000 1.00000000 -0.00000017
vn -0.00000000 1.00000000 -0.00000017
vn -0.00000000 -1.00000000 0.00000017
vn -0.00000000 -1.00000000 0.00000017
vn -0.00000000 -1.00000000 0.00000017
vn -0.00000000 -1.00000000 0.00000017
vn -0.00000000 -1.00000000 0.00000017
vn 0.00000000 -1.00000000 0.00000017
vn -0.00000000 -1.00000000 0.00000017
vn 0.00000000 -1.00000000 0.00000017
vn 0.00000000 1.00000000 -0.00000017
vn 0.00000000 1.00000000 -0.00000017
vn 0.00000000 1.00000000 -0.00000017
vn 0.00000000 1.00000000 -0.00000017
vn -0.01430609 0.00000017 0.99989766
vn -0.01430609 0.00000017 0.99989766
vn -0.01430609 0.00000017 0.99989766
vn -0.01430609 0.00000017 0.99989766
vn -0.99989682 -0.00000000 -0.01436518
vn -0.99989682 -0.00000000 -0.01436518
vn -0.99989682 -0.00000000 -0.01436518
vn -0.99989682 -0.00000000 -0.01436518
vn 0.01430676 -0.00000017 -0.99989765
vn 0.01430676 -0.00000017 -0.99989765
vn 0.01430676 -0.00000017 -0.99989765
vn 0.01430676 -0.00000017 -0.99989765
vn 0.99989748 0.00000000 0.01431851
vn 0.99989748 0.00000000 0.01431851
vn 0.99989748 0.00000000 0.01431851
vn 0.99989748 0.00000000 0.01431851
vn 0.00000000 1.00000000 -0.00000017
vn -0.00000000 1.00000000 -0.00000017
vn 0.00000000 1.00000000 -0.00000017
vn -0.00000000 1.00000000 -0.00000017
vn -0.00000000 -1.00000000 0.00000017
vn -0.00000000 -1.00000000 0.00000017
vn -0.00000000 -1.00000000 0.00000017
vn -0.00000000 -1.00000000 0.00000017
vn 0.00000000 -1.00000000 0.00000017
vn 0.00000000 -1.00000000 0.00000017
vn 0.00000000 -1.00000000 0.00000017
vn 0.00000000 -1.00000000 0.00000017
vn -0.00000000 1.00000000 -0.00000017
vn 0.00000000 1.00000000 -0.00000017
vn -0.00000000 1.00000000 -0.00000017
vn 0.00000000 1.00000000 -0.00000017
vn -0.51234179 0.00000014 0.85878163
vn -0.51234179 0.00000014 0.85878163
vn -0.51234179 0.00000014 0.85878163
vn -0.51234179 0.00000014 0.85878163
vn -0.85875938 -0.00000009 -0.51237909
vn -0.85875938 -0.00000009 -0.51237909
vn -0.85875938 -0.00000009 -0.51237909
vn -0.85875938 -0.00000009 -0.51237909
vn 0.51233613 -0.00000014 -0.85878501
vn 0.51233613 -0.00000014 -0.85878501
vn 0.51233613 -0.00000014 -0.85878501
vn 0.51233613 -0.00000014 -0.85878501
vn 0.85877706 0.00000009 0.51234946
vn 0.85877706 0.00000009 0.51234946
vn 0.85877706 0.00000009 0.51234946
vn 0.85877706 0.00000009 0.51234946
vn -0.00000000 1.00000000 -0.00000017
vn -0.00000000 1.00000000 -0.00000017
vn -0.00000000 1.00000000 -0.00000017
vn -0.00000000 1.00000000 -0.00000017
vn -0.00000000 -1.00000000 0.00000017
vn 0.00000000 -1.00000000 0.00000017
vn -0.00000000 -1.00000000 0.00000017
vn 0.00000000 -1.00000000 0.00000017
vn -0.00000000 -1.00000000 0.00000017
vn 0.00000000 -1.00000000 0.00000017
vn -0.00000000 -1.00000000 0.00000017
vn 0.00000000 -1.00000000 0.00000017
vn 0.00000000 1.00000000 -0.00000017
vn 0.00000000 1.00000000 -0.00000017
vn 0.00000000 1.00000000 -0.00000017
vn 0.00000000 1.00000000 -0.00000017
vn -0.87309244 0.00000008 0.48755470
vn -0.87309244 0.00000008 0.48755470
vn -0.87309244 0.00000008 0.48755470
vn -0.87309244 0.00000008 0.48755470
vn -0.48751865 -0.00000015 -0.87311257
vn -0.48751865 -0.00000015 -0.87311257
vn -0.48751865 -0.00000015 -0.87311257
vn -0.48751865 -0.00000015 -0.87311257
vn 0.87308598 -0.00000008 -0.48756627
vn 0.87308598 -0.00000008 -0.48756627
vn 0.87308598 -0.00000008 -0.48756627
vn 0.87308598 -0.00000008 -0.48756627
vn 0.48754720 0.00000015 0.87309663
vn 0.48754720 0.00000015 0.87309663
vn 0.48754720 0.00000015 0.87309663
vn 0.48754720 0.00000015 0.87309663
vn -0.00000000 -1.00000000 0.00000017
vn -0.00000000 -1.00000000 0.00000017
vn -0.00000000 -1.00000000 0.00000017
vn -0.00000000 -1.00000000 0.00000017
vn 0.00000000 -1.00000000 0.00000017
vn 0.00000000 -1.00000000 0.00000017
vn 0.00000000 -1.00000000 0.00000017
vn 0.00000000 -1.00000000 0.00000017
vn 0.00000000 1.00000000 -0.00000017
vn -0.00000000 1.00000000 -0.00000017
vn 0.00000000 1.00000000 -0.00000017
vn -0.00000000 1.00000000 -0.00000017
vn -0.00000000 1.00000000 -0.00000017
vn -0.00000000 1.00000000 -0.00000017
vn -0.00000000 1.00000000 -0.00000017
vn -0.00000000 1.00000000 -0.00000017
vn -0.99989749 -0.00000000 -0.01431792
vn -0.99989749 -0.00000000 -0.01431792
vn -0.99989749 -0.00000000 -0.01431792
vn -0.99989749 -0.00000000 -0.01431792
vn 0.01435351 -0.00000017 -0.99989698
vn 0.01435351 -0.00000017 -0.99989698
vn 0.01435351 -0.00000017 -0.99989698
vn 0.01435351 -0.00000017 -0.99989698
vn 0.99989757 0.00000000 0.01431242
vn 0.99989757 0.00000000 0.01431242
vn 0.99989757 0.00000000 0.01431242
vn 0.99989757 0.00000000 0.01431242
vn -0.01433009 0.00000017 0.99989732
vn -0.01433009 0.00000017 0.99989732
vn -0.01433009 0.00000017 0.99989732
vn -0.01433009 0.00000017 0.99989732
vn 0.00000000 -1.00000000 0.00000017
vn 0.00000000 -1.00000000 0.00000017
vn 0.00000000 -1.00000000 0.00000017
vn 0.00000000 -1.00000000 0.00000017
vn -0.00000000 1.00000000 -0.00000017
vn 0.00000000 1.00000000 -0.00000017
vn -0.00000000 1.00000000 -0.00000017
vn 0.00000000 1.00000000 -0.00000017
vn -0.00000000 1.00000000 -0.00000017
vn -0.00000000 1.00000000 -0.00000017
vn -0.00000000 1.00000000 -0.00000017
vn -0.00000000 1.00000000 -0.00000017
vn 0.00000000 -1.00000000 0.00000017
vn -0.00000000 -1.00000000 0.00000017
vn -0.00000000 -1.00000000 0.00000017
vn 0.00000000 -1.00000000 0.00000017
vn -0.85877803 -0.00000009 -0.51234783
vn -0.85877803 -0.00000009 -0.51234783
vn -0.85877803 -0.00000009 -0.51234783
vn -0.85877803 -0.00000009 -0.51234783
vn 0.51237694 -0.00000014 -0.85876066
vn 0.51237694 -0.00000014 -0.85876066
vn 0.51237694 -0.00000014 -0.85876066
vn 0.51237694 -0.00000014 -0.85876066
vn 0.85878140 0.00000009 0.51234217
vn 0.85878140 0.00000009 0.51234217
vn 0.85878140 0.00000009 0.51234217
vn 0.85878140 0.00000009 0.51234217
vn -0.51234731 0.00000014 0.85877834
vn -0.51234731 0.00000014 0.85877834
vn -0.51234731 0.00000014 0.85877834
vn -0.51234731 0.00000014 0.85877834
vn 0.00000000 1.00000000 -0.00000017
vn 0.00000000 1.00000000 -0.00000017
vn 0.00000000 1.00000000 -0.00000017
vn 0.00000000 1.00000000 -0.00000017
vn -0.00000000 1.00000000 -0.00000017
vn -0.00000000 1.00000000 -0.00000017
vn -0.00000000 1.00000000 -0.00000017
vn -0.00000000 1.00000000 -0.00000017
vn -0.00000000 -1.00000000 0.00000017
vn 0.00000000 -1.00000000 0.00000017
vn -0.00000000 -1.00000000 0.00000017
vn 0.00000000 -1.00000000 0.00000017
vn 0.00000000 -1.00000000 0.00000017
vn 0.00000000 -1.00000000 0.00000017
vn 0.00000000 -1.00000000 0.00000017
vn 0.00000000 -1.00000000 0.00000017
vn -0.48755804 -0.00000015 -0.87309058
vn -0.48755804 -0.00000015 -0.87309058
vn -0.48755804 -0.00000015 -0.87309058
vn -0.48755804 -0.00000015 -0.87309058
vn 0.87310795 -0.00000008 -0.48752693
vn 0.87310795 -0.00000008 -0.48752693
vn 0.87310795 -0.00000008 -0.48752693
vn 0.87310795 -0.00000008 -0.48752693
vn 0.48755300 0.00000015 0.87309340
vn 0.48755300 0.00000015 0.87309340
vn 0.48755300 0.00000015 0.87309340
vn 0.48755300 0.00000015 0.87309340
vn -0.87309986 0.00000008 0.48754141
vn -0.87309986 0.00000008 0.48754141
vn -0.87309986 0.00000008 0.48754141
vn -0.87309986 0.00000008 0.48754141
vn -0.00000000 1.00000000 -0.00000017
vn -0.00000000 1.00000000 -0.00000017
vn -0.00000000 1.00000000 -0.00000017
vn -0.00000000 1.00000000 -0.00000017
vn 0.00000000 -1.00000000 0.00000017
vn -0.00000000 -1.00000000 0.00000017
vn 0.00000000 -1.00000000 0.00000017
vn -0.00000000 -1.00000000 0.00000017
vn 0.00000000 -1.00000000 0.00000017
vn 0.00000000 -1.00000000 0.00000017
vn 0.00000000 -1.00000000 0.00000017
vn 0.00000000 -1.00000000 0.00000017
vn 0.00000000 1.00000000 -0.00000017
vn -0.00000000 1.00000000 -0.00000017
vn 0.00000000 1.00000000 -0.00000017
vn -0.00000000 1.00000000 -0.00000017
vn 0.01431209 -0.00000017 -0.99989758
vn 0.01431209 -0.00000017 -0.99989758
vn 0.01431209 -0.00000017 -0.99989758
vn 0.01431209 -0.00000017 -0.99989758
vn 0.99989715 0.00000000 0.01434184
vn 0.99989715 0.00000000 0.01434184
vn 0.99989715 0.00000000 0.01434184
vn 0.99989715 0.00000000 0.01434184
vn -0.01431242 0.00000017 0.99989757
vn -0.01431242 0.00000017 0.99989757
vn -0.01431242 0.00000017 0.99989757
vn -0.01431242 0.00000017 0.99989757
vn -0.99989748 -0.00000000 -0.01431851
vn -0.99989748 -0.00000000 -0.01431851
vn -0.99989748 -0.00000000 -0.01431851
vn -0.99989748 -0.00000000 -0.01431851
vn 0.00000000 1.00000000 -0.00000017
vn -0.00000000 1.00000000 -0.00000017
vn 0.00000000 1.00000000 -0.00000017
vn -0.00000000 1.00000000 -0.00000017
vn -0.00000000 -1.00000000 0.00000017
vn -0.00000000 -1.00000000 0.00000017
vn -0.00000000 -1.00000000 0.00000017
vn -0.00000000 -1.00000000 0.00000017
vn -0.00000000 -1.00000000 0.00000017
vn -0.00000000 -1.00000000 0.00000017
vn -0.00000000 -1.00000000 0.00000017
vn -0.00000000 -1.00000000 0.00000017
vn 0.00000000 1.00000000 -0.00000017
vn 0.00000000 1.00000000 -0.00000017
vn 0.00000000 1.00000000 -0.00000017
vn 0.00000000 1.00000000 -0.00000017
vn 0.51234179 -0.00000014 -0.85878163
vn 0.51234179 -0.00000014 -0.85878163
vn 0.51234179 -0.00000014 -0.85878163
vn 0.51234179 -0.00000014 -0.85878163
vn 0.85876451 0.00000009 0.51237049
vn 0.85876451 0.00000009 0.51237049
vn 0.85876451 0.00000009 0.51237049
vn 0.85876451 0.00000009 0.51237049
vn -0.51234217 0.00000014 0.85878140
vn -0.51234217 0.00000014 0.85878140
vn -0.51234217 0.00000014 0.85878140
vn -0.51234217 0.00000014 0.85878140
vn -0.85877656 -0.00000009 -0.51235029
vn -0.85877656 -0.00000009 -0.51235029
vn -0.85877656 -0.00000009 -0.51235029
vn -0.85877656 -0.00000009 -0.51235029
vn 0.00000000 -1.00000000 0.00000017
vn -0.00000000 -1.00000000 0.00000017
vn 0.00000000 -1.00000000 0.00000017
vn -0.00000000 -1.00000000 0.00000017
vn -0.00000000 -1.00000000 0.00000017
vn 0.00000000 -1.00000000 0.00000017
vn -0.00000000 -1.00000000 0.00000017
vn 0.00000000 -1.00000000 0.00000017
vn 0.00000000 1.00000000 -0.00000017
vn -0.00000000 1.00000000 -0.00000017
vn 0.00000000 1.00000000 -0.00000017
vn -0.00000000 1.00000000 -0.00000017
vn -0.00000000 1.00000000 -0.00000017
vn 0.00000000 1.00000000 -0.00000017
vn -0.00000000 1.00000000 -0.00000017
vn 0.00000000 1.00000000 -0.00000017
vn 0.87308623 -0.00000008 -0.48756582
vn 0.87308623 -0.00000008 -0.48756582
vn 0.87308623 -0.00000008 -0.48756582
vn 0.87308623 -0.00000008 -0.48756582
vn 0.48752631 0.00000015 0.87310830
vn 0.48752631 0.00000015 0.87310830
vn 0.48752631 0.00000015 0.87310830
vn 0.48752631 0.00000015 0.87310830
vn -0.87309836 0.00000008 0.48754410
vn -0.87309836 0.00000008 0.48754410
vn -0.87309836 0.00000008 0.48754410
vn -0.87309836 0.00000008 0.48754410
vn -0.48755011 -0.00000015 -0.87309501
vn -0.48755011 -0.00000015 -0.87309501
vn -0.48755011 -0.00000015 -0.87309501
vn -0.48755011 -0.00000015 -0.87309501
vn 0.00000000 -1.00000000 0.00000017
vn 0.00000000 -1.00000000 0.00000017
vn 0.00000000 -1.00000000 0.00000017
vn 0.00000000 -1.00000000 0.00000017
vn 0.00000000 1.00000000 -0.00000017
vn -0.00000000 1.00000000 -0.00000017
vn 0.00000000 1.00000000 -0.00000017
vn -0.00000000 1.00000000 -0.00000017
vn -0.00000000 1.00000000 -0.00000017
vn -0.00000000 1.00000000 -0.00000017
vn -0.00000000 1.00000000 -0.00000017
vn -0.00000000 1.00000000 -0.00000017
vn 0.00000000 -1.00000000 0.00000017
vn 0.00000000 -1.00000000 0.00000017
vn 0.00000000 -1.00000000 0.00000017
vn 0.00000000 -1.00000000 0.00000017
vn -0.00000000 1.00000000 -0.00000017
vn -0.00000000 1.00000000 -0.00000017
vn -0.00000000 1.00000000 -0.00000017
vn -0.00000000 1.00000000 -0.00000017
vn -0.00000000 -1.00000000 0.00000017
vn 0.00000000 -1.00000000 0.00000017
vn -0.00000000 -1.00000000 0.00000017
vn 0.00000000 -1.00000000 0.00000017
vn 0.00000000 -1.00000000 0.00000017
vn 0.00000000 -1.00000000 0.00000017
vn 0.00000000 -1.00000000 0.00000017
vn 0.00000000 -1.00000000 0.00000017
vn 0.00000000 1.00000000 -0.00000017
vn -0.00000000 1.00000000 -0.00000017
vn 0.00000000 1.00000000 -0.00000017
vn -0.00000000 1.00000000 -0.00000017
vn 0.00000000 -1.00000000 0.00000017
vn 0.00000000 -1.00000000 0.00000017
vn 0.00000000 -1.00000000 0.00000017
vn 0.00000000 -1.00000000 0.00000017
vn -0.00000000 1.00000000 -0.00000017
vn 0.00000000 1.00000000 -0.00000017
vn -0.00000000 1.00000000 -0.00000017
vn 0.00000000 1.00000000 -0.00000017
vn -0.00000000 -1.00000000 0.00000017
vn -0.00000000 -1.00000000 0.00000017
vn -0.00000000 -1.00000000 0.00000017
vn -0.00000000 -1.00000000 0.00000017
vn -0.00000000 1.00000000 -0.00000017
vn -0.00000000 1.00000000 -0.00000017
vn -0.00000000 1.00000000 -0.00000017
vn -0.00000000 1.00000000 -0.00000017
vn 0.00000000 -1.00000000 0.00000017
vn -0.00000000 -1.00000000 0.00000017
vn 0.00000000 -1.00000000 0.00000017
vn -0.00000000 -1.00000000 0.00000017
vn -0.00000000 1.00000000 -0.00000017
vn 0.00000000 1.00000000 -0.00000017
vn -0.00000000 1.00000000 -0.00000017
vn 0.00000000 1.00000000 -0.00000017
vn 0.00000000 -1.00000000 0.00000017
vn -0.00000000 -1.00000000 0.00000017
vn -0.00000000 -1.00000000 0.00000017
vn 0.00000000 -1.00000000 0.00000017
vn 0.00000000 1.00000000 -0.00000017
vn -0.00000000 1.00000000 -0.00000017
vn 0.00000000 1.00000000 -0.00000017
vn -0.00000000 1.00000000 -0.00000017
vn -0.00000000 -1.00000000 0.00000017
vn 0.00000000 -1.00000000 0.00000017
vn -0.00000000 -1.00000000 0.00000017
vn 0.00000000 -1.00000000 0.00000017
vn -0.00000000 1.00000000 -0.00000017
vn -0.00000000 1.00000000 -0.00000017
vn -0.00000000 1.00000000 -0.00000017
vn -0.00000000 1.00000000 -0.00000017
vn 0.00000000 1.00000000 -0.00000017
vn 0.00000000 1.00000000 -0.00000017
vn 0.00000000 1.00000000 -0.00000017
vn 0.00000000 1.00000000 -0.00000017
vn -0.00000000 -1.00000000 0.00000017
vn 0.00000000 -1.00000000 0.00000017
vn -0.00000000 -1.00000000 0.00000017
vn 0.00000000 -1.00000000 0.00000017
vn -0.00000000 1.00000000 -0.00000017
vn -0.00000000 1.00000000 -0.00000017
vn -0.00000000 1.00000000 -0.00000017
vn -0.00000000 1.00000000 -0.00000017
vn 0.00000000 -1.00000000 0.00000017
vn -0.00000000 -1.00000000 0.00000017
vn 0.00000000 -1.00000000 0.00000017
vn -0.00000000 -1.00000000 0.00000017
vn 0.00000000 1.00000000 -0.00000017
vn 0.00000000 1.00000000 -0.00000017
vn 0.00000000 1.00000000 -0.00000017
vn 0.00000000 1.00000000 -0.00000017
vn -0.00000000 -1.00000000 0.00000017
vn -0.00000000 -1.00000000 0.00000017
vn -0.00000000 -1.00000000 0.00000017
vn -0.00000000 -1.00000000 0.00000017
vn 0.00000000 1.00000000 -0.00000017
vn -0.00000000 1.00000000 -0.00000017
vn 0.00000000 1.00000000 -0.00000017
vn -0.00000000 1.00000000 -0.00000017
vn 0.00000000 -1.00000000 0.00000017
vn 0.00000000 -1.00000000 0.00000017
vn 0.00000000 -1.00000000 0.00000017
vn 0.00000000 -1.00000000 0.00000017
vn -0.00000000 1.00000000 -0.00000017
vn 0.00000000 1.00000000 -0.00000017
vn -0.00000000 1.00000000 -0.00000017
vn 0.00000000 1.00000000 -0.00000017
vn -0.00000000 -1.00000000 0.00000017
vn 0.00000000 -1.00000000 0.00000017
vn -0.00000000 -1.00000000 0.00000017
vn 0.00000000 -1.00000000 0.00000017
vn -0.00000000 -1.00000000 0.00000017
vn -0.00000000 -1.00000000 0.00000017
vn -0.00000000 -1.00000000 0.00000017
vn -0.00000000 -1.00000000 0.00000017
vn -0.00000000 1.00000000 -0.00000017
vn 0.00000000 1.00000000 -0.00000017
vn -0.00000000 1.00000000 -0.00000017
vn 0.00000000 1.00000000 -0.00000017
vn 0.00000000 1.00000000 -0.00000017
vn 0.00000000 1.00000000 -0.00000017
vn 0.00000000 1.00000000 -0.00000017
vn 0.00000000 1.00000000 -0.00000017
vn 0.00000000 -1.00000000 0.00000017
vn -0.00000000 -1.00000000 0.00000017
vn 0.00000000 -1.00000000 0.00000017
vn -0.00000000 -1.00000000 0.00000017
vn -0.00000000 -1.00000000 0.00000017
vn -0.00000000 -1.00000000 0.00000017
vn -0.00000000 -1.00000000 0.00000017
vn -0.00000000 -1.00000000 0.00000017
vn -0.00000000 -1.00000000 0.00000017
vn -0.00000000 -1.00000000 0.00000017
vn -0.00000000 -1.00000000 0.00000017
vn -0.00000000 -1.00000000 0.00000017
vn 0.00000000 1.00000000 -0.00000017
vn 0.00000000 1.00000000 -0.00000017
vn 0.00000000 1.00000000 -0.00000017
vn 0.00000000 1.00000000 -0.00000017
vn 0.00000000 1.00000000 -0.00000017
vn -0.00000000 1.00000000 -0.00000017
vn 0.00000000 1.00000000 -0.00000017
vn -0.00000000 1.00000000 -0.00000017
vn 0.00000000 1.00000000 -0.00000017
vn 0.00000000 1.00000000 -0.00000017
vn 0.00000000 1.00000000 -0.00000017
vn 0.00000000 1.00000000 -0.00000017
vn 0.00000000 1.00000000 -0.00000017
vn -0.00000000 1.00000000 -0.00000017
vn 0.00000000 1.00000000 -0.00000017
vn -0.00000000 1.00000000 -0.00000017
vn -0.00000000 -1.00000000 0.00000017
vn 0.00000000 -1.00000000 0.00000017
vn -0.00000000 -1.00000000 0.00000017
vn 0.00000000 -1.00000000 0.00000017
vn -0.00000000 -1.00000000 0.00000017
vn -0.00000000 -1.00000000 0.00000017
vn -0.00000000 -1.00000000 0.00000017
vn -0.00000000 -1.00000000 0.00000017
vn 0.00000000 -1.00000000 0.00000017
vn -0.00000000 -1.00000000 0.00000017
vn 0.00000000 -1.00000000 0.00000017
vn -0.00000000 -1.00000000 0.00000017
vn -0.00000000 1.00000000 -0.00000017
vn 0.00000000 1.00000000 -0.00000017
vn -0.00000000 1.00000000 -0.00000017
vn 0.00000000 1.00000000 -0.00000017
vn 0.00000000 -1.00000000 0.00000017
vn 0.00000000 -1.00000000 0.00000017
vn 0.00000000 -1.00000000 0.00000017
vn 0.00000000 -1.00000000 0.00000017
vn -0.00000000 1.00000000 -0.00000017
vn 0.00000000 1.00000000 -0.00000017
vn -0.00000000 1.00000000 -0.00000017
vn 0.00000000 1.00000000 -0.00000017
vn 0.00000000 -1.00000000 0.00000017
vn 0.00000000 -1.00000000 0.00000017
vn 0.00000000 -1.00000000 0.00000017
vn 0.00000000 -1.00000000 0.00000017
vn -0.00000000 1.00000000 -0.00000017
vn 0.00000000 1.00000000 -0.00000017
vn -0.00000000 1.00000000 -0.00000017
vn 0.00000000 1.00000000 -0.00000017
vn -0.00000000 1.00000000 -0.00000017
vn -0.00000000 1.00000000 -0.00000017
vn -0.00000000 1.00000000 -0.00000017
vn -0.00000000 1.00000000 -0.00000017
vn -0.00000000 -1.00000000 0.00000017
vn 0.00000000 -1.00000000 0.00000017
vn -0.00000000 -1.00000000 0.00000017
vn 0.00000000 -1.00000000 0.00000017
vn -0.00000000 -1.00000000 0.00000017
vn -0.00000000 -1.00000000 0.00000017
vn -0.00000000 -1.00000000 0.00000017
vn -0.00000000 -1.00000000 0.00000017
vn 0.00000000 -1.00000000 0.00000017
vn -0.00000000 -1.00000000 0.00000017
vn 0.00000000 -1.00000000 0.00000017
vn -0.00000000 -1.00000000 0.00000017
vn -0.00000000 1.00000000 -0.00000017
vn 0.00000000 1.00000000 -0.00000017
vn -0.00000000 1.00000000 -0.00000017
vn 0.00000000 1.00000000 -0.00000017
vn 0.00000000 1.00000000 -0.00000017
vn 0.00000000 1.00000000 -0.00000017
vn 0.00000000 1.00000000 -0.00000017
vn 0.00000000 1.00000000 -0.00000017
vn -0.00000000 -1.00000000 0.00000017
vn 0.00000000 -1.00000000 0.00000017
vn -0.00000000 -1.00000000 0.00000017
vn -0.00000000 -1.00000000 0.00000017
vn -0.00000000 1.00000000 -0.00000017
vn -0.00000000 1.00000000 -0.00000017
vn -0.00000000 1.00000000 -0.00000017
vn 0.00000000 1.00000000 -0.00000017
vn -0.00000000 1.00000000 -0.00000017
vn 0.00000000 -1.00000000 0.00000017
vn 0.00000000 -1.00000000 0.00000017
vn -0.00000000 -1.00000000 0.00000017
vn -0.00000000 1.00000000 -0.00000017
vn 0.00000000 1.00000000 -0.00000017
vn 0.00000000 1.00000000 -0.00000017
vn 0.00000000 -1.00000000 0.00000017
vn -0.00000000 -1.00000000 0.00000017
vn 0.00000000 1.00000000 -0.00000017
vn -0.00000000 1.00000000 -0.00000017
vn 0.00000000 1.00000000 -0.00000017
vn -0.00000000 1.00000000 -0.00000017
vn 0.00000000 1.00000000 -0.00000017
vn 0.00000000 1.00000000 -0.00000017
vn -0.00000000 1.00000000 -0.00000017
vn 0.00000000 1.00000000 -0.00000017
vn -0.00000000 1.00000000 -0.00000017
vn -0.00000000 -1.00000000 0.00000017
vn 0.00000000 -1.00000000 0.00000017
vn -0.00000000 -1.00000000 0.00000017
vn 0.00000000 -1.00000000 0.00000017
vn -0.00000000 -1.00000000 0.00000017
vn -0.00000000 -1.00000000 0.00000017
vn 0.00000000 -1.00000000 0.00000017
vn -0.00000000 -1.00000000 0.00000017
vn 0.00000000 -1.00000000 0.00000017
vn -0.00000000 -1.00000000 0.00000017
vn 0.00000000 -1.00000000 0.00000017
vn -0.00000000 -1.00000000 0.00000017
vn -0.00000000 1.00000000 -0.00000017
vn 0.00000000 1.00000000 -0.00000017
vn -0.00000000 1.00000000 -0.00000017
vn 0.00000000 1.00000000 -0.00000017
vn 0.00000000 1.00000000 -0.00000017
vn 0.00000000 1.00000000 -0.00000017
vn 0.00000000 1.00000000 -0.00000017
vn 0.00000000 1.00000000 -0.00000017
vn -0.00000000 -1.00000000 0.00000017
vn -0.00000000 -1.00000000 0.00000017
vn -0.00000000 -1.00000000 0.00000017
vn -0.00000000 -1.00000000 0.00000017
vn -0.00000000 -1.00000000 0.00000017
vn 0.00000000 -1.00000000 0.00000017
vn -0.00000000 -1.00000000 0.00000017
vn 0.00000000 -1.00000000 0.00000017
vn -0.00000000 -1.00000000 0.00000017
vn 0.00000000 -1.00000000 0.00000017
vn -0.00000000 -1.00000000 0.00000017
vn 0.00000000 -1.00000000 0.00000017
vn 0.00000000 1.00000000 -0.00000017
vn -0.00000000 1.00000000 -0.00000017
vn 0.00000000 1.00000000 -0.00000017
vn -0.00000000 1.00000000 -0.00000017
vn 0.00000000 1.00000000 -0.00000017
vn 0.00000000 1.00000000 -0.00000017
vn 0.00000000 1.00000000 -0.00000017
vn 0.00000000 1.00000000 -0.00000017
vn -0.00000000 1.00000000 -0.00000017
vn -0.00000000 1.00000000 -0.00000017
vn -0.00000000 1.00000000 -0.00000017
vn -0.00000000 1.00000000 -0.00000017
vn 0.00000000 1.00000000 -0.00000017
vn 0.00000000 1.00000000 -0.00000017
vn 0.00000000 1.00000000 -0.00000017
vn 0.00000000 1.00000000 -0.00000017
vn 0.00000000 -1.00000000 0.00000017
vn -0.00000000 -1.00000000 0.00000017
vn 0.00000000 -1.00000000 0.00000017
vn -0.00000000 -1.00000000 0.00000017
vn 0.00000000 -1.00000000 0.00000017
vn -0.00000000 -1.00000000 0.00000017
vn 0.00000000 -1.00000000 0.00000017
vn -0.00000000 -1.00000000 0.00000017
vn 0.00000000 -1.00000000 0.00000017
vn -0.00000000 -1.00000000 0.00000017
vn 0.00000000 -1.00000000 0.00000017
vn 0.00000000 1.00000000 -0.00000017
vn 0.00000000 1.00000000 -0.00000017
vn 0.00000000 1.00000000 -0.00000017
vn 0.00000000 1.00000000 -0.00000017
vn -0.00000000 1.00000000 -0.00000017
vn -0.00000000 1.00000000 -0.00000017
vn -0.00000000 1.00000000 -0.00000017
vn -0.00000000 -1.00000000 0.00000017
vn 0.00000000 -1.00000000 0.00000017
vn -0.00000000 -1.00000000 0.00000017
vn 0.00000000 -1.00000000 0.00000017
vn 0.00000000 -1.00000000 0.00000017
vn -0.00000000 -1.00000000 0.00000017
vn 0.00000000 -1.00000000 0.00000017
vn -0.00000000 -1.00000000 0.00000017
vn -0.00000000 1.00000000 -0.00000017
vn -0.00000000 1.00000000 -0.00000017
vn 0.00000000 1.00000000 -0.00000017
vn 0.00000000 1.00000000 -0.00000017
vn 0.00000000 1.00000000 -0.00000017
vn 0.00000000 1.00000000 -0.00000017
vn 0.00000000 -1.00000000 0.00000017
vn -0.00000000 -1.00000000 0.00000017
vn 0.00000000 -1.00000000 0.00000017
vn -0.00000000 -1.00000000 0.00000017
vn 0.85878469 0.00000009 0.51233666
vn 0.85878469 0.00000009 0.51233666
vn 0.85878469 0.00000009 0.51233666
vn 0.85878469 0.00000009 0.51233666
vn -0.51236750 0.00000014 0.85876629
vn -0.51236750 0.00000014 0.85876629
vn -0.51236750 0.00000014 0.85876629
vn -0.51236750 0.00000014 0.85876629
vn -0.85877780 -0.00000009 -0.51234821
vn -0.85877780 -0.00000009 -0.51234821
vn -0.85877780 -0.00000009 -0.51234821
vn -0.85877780 -0.00000009 -0.51234821
vn 0.51234814 -0.00000014 -0.85877784
vn 0.51234814 -0.00000014 -0.85877784
vn 0.51234814 -0.00000014 -0.85877784
vn 0.51234814 -0.00000014 -0.85877784
vn 0.00000000 1.00000000 -0.00000017
vn -0.00000000 1.00000000 -0.00000017
vn -0.00000000 1.00000000 -0.00000017
vn -0.00000000 1.00000000 -0.00000017
vn -0.00000000 1.00000000 -0.00000017
vn 0.00000000 1.00000000 -0.00000017
vn -0.00000000 1.00000000 -0.00000017
vn 0.00000000 1.00000000 -0.00000017
vn 0.00000000 -1.00000000 0.00000017
vn 0.00000000 -1.00000000 0.00000017
vn 0.00000000 -1.00000000 0.00000017
vn 0.00000000 -1.00000000 0.00000017
vn -0.00000000 -1.00000000 0.00000017
vn -0.00000000 -1.00000000 0.00000017
vn 0.00000000 -1.00000000 0.00000017
vn -0.00000000 -1.00000000 0.00000017
vn -0.00000000 -1.00000000 0.00000017
vn 0.00000000 -1.00000000 0.00000017
vn -0.00000000 -1.00000000 0.00000017
vn 0.00000000 -1.00000000 0.00000017
vn -0.00000000 -1.00000000 0.00000017
vn 0.00000000 -1.00000000 0.00000017
vn -0.00000000 -1.00000000 0.00000017
vn 0.00000000 -1.00000000 0.00000017
vn -0.00000000 1.00000000 -0.00000017
vn 0.00000000 1.00000000 -0.00000017
vn 0.00000000 1.00000000 -0.00000017
vn -0.00000000 1.00000000 -0.00000017
vn 0.00000000 1.00000000 -0.00000017
vn -0.00000000 1.00000000 -0.00000017
vn 0.00000000 1.00000000 -0.00000017
vn 0.03472743 0.93512952 -0.35260003
vn 0.03472755 0.93512951 -0.35260005
vn 0.03472739 0.93512953 -0.35260002
vn 0.03472757 0.93512951 -0.35260006
vn 0.10284903 0.93512951 -0.33904996
vn 0.10284936 0.93512955 -0.33904975
vn 0.10284948 0.93512956 -0.33904967
vn 0.10284896 0.93512950 -0.33905001
vn 0.16703792 0.93513230 -0.31245147
vn 0.16702208 0.93513003 -0.31246672
vn 0.16701866 0.93512954 -0.31247001
vn 0.16704374 0.93513313 -0.31244587
vn 0.22474933 0.93512929 -0.27389953
vn 0.22476187 0.93513155 -0.27388151
vn 0.22476458 0.93513204 -0.27387763
vn 0.22474473 0.93512846 -0.27390614
vn 0.27388062 0.93513155 -0.22476299
vn 0.27389855 0.93512929 -0.22475051
vn 0.27387675 0.93513203 -0.22476568
vn 0.27390512 0.93512847 -0.22474593
vn 0.31246630 0.93513004 -0.16702283
vn 0.31245104 0.93513230 -0.16703869
vn 0.31246960 0.93512955 -0.16701941
vn 0.31244544 0.93513314 -0.16704451
vn 0.33904955 0.93512955 -0.10285003
vn 0.33904948 0.93512956 -0.10285014
vn 0.33904957 0.93512955 -0.10285000
vn 0.33904945 0.93512957 -0.10285018
vn 0.35259984 0.93512956 -0.03472832
vn 0.35259500 0.93513239 -0.03470134
vn 0.35259898 0.93513006 -0.03472353
vn 0.35259354 0.93513324 -0.03469319
vn 0.35259902 0.93513008 0.03472264
vn 0.35259505 0.93513240 0.03470048
vn 0.35259988 0.93512958 0.03472742
vn 0.35259360 0.93513325 0.03469235
vn 0.33904287 0.93512932 0.10287413
vn 0.33904329 0.93513162 0.10285184
vn 0.33904271 0.93512848 0.10288230
vn 0.33904338 0.93513211 0.10284703
vn 0.31246400 0.93513211 0.16701553
vn 0.31246424 0.93513207 0.16701528
vn 0.31246433 0.93513206 0.16701518
vn 0.31246395 0.93513212 0.16701558
vn 0.27387715 0.93513209 0.22476496
vn 0.27387736 0.93513214 0.22476448
vn 0.27387708 0.93513207 0.22476513
vn 0.27387740 0.93513215 0.22476438
vn 0.22476530 0.93513213 0.27387673
vn 0.22476552 0.93513217 0.27387642
vn 0.22476526 0.93513212 0.27387679
vn 0.22476560 0.93513218 0.27387630
vn 0.16701558 0.93513209 0.31246404
vn 0.16701537 0.93513211 0.31246408
vn 0.16701533 0.93513212 0.31246409
vn 0.16701565 0.93513208 0.31246402
vn 0.10284737 0.93513213 0.33904324
vn 0.10284765 0.93513210 0.33904323
vn 0.10284771 0.93513210 0.33904323
vn 0.10284726 0.93513214 0.33904324
vn 0.03472846 0.93513215 0.35259297
vn 0.03472833 0.93513213 0.35259302
vn 0.03472848 0.93513215 0.35259296
vn 0.03472828 0.93513213 0.35259304
vn -0.03472750 0.93513215 0.35259306
vn -0.03472754 0.93513215 0.35259304
vn -0.03472755 0.93513215 0.35259304
vn -0.03472748 0.93513215 0.35259307
vn -0.10284743 0.93513214 0.33904318
vn -0.10284742 0.93513214 0.33904318
vn -0.10284743 0.93513214 0.33904318
vn -0.10284742 0.93513214 0.33904318
vn -0.16701540 0.93513214 0.31246396
vn -0.16701540 0.93513214 0.31246396
vn -0.16701540 0.93513214 0.31246396
vn -0.16701540 0.93513214 0.31246396
vn -0.22476551 0.93513214 0.27387651
vn -0.22476545 0.93513213 0.27387660
vn -0.22476550 0.93513214 0.27387652
vn -0.22476543 0.93513213 0.27387662
vn -0.27387742 0.93513211 0.22476453
vn -0.27387737 0.93513210 0.22476465
vn -0.27387735 0.93513209 0.22476470
vn -0.27387743 0.93513211 0.22476450
vn -0.31246383 0.93513208 0.16701600
vn -0.31246380 0.93513209 0.16701603
vn -0.31246384 0.93513208 0.16701599
vn -0.31246379 0.93513209 0.16701604
vn -0.33904342 0.93513209 0.10284717
vn -0.33904342 0.93513207 0.10284727
vn -0.33904342 0.93513207 0.10284731
vn -0.33904342 0.93513209 0.10284715
vn -0.35259328 0.93513210 0.03472653
vn -0.35259333 0.93513207 0.03472681
vn -0.35259334 0.93513207 0.03472687
vn -0.35259326 0.93513211 0.03472643
vn -0.35259903 0.93513006 -0.03472297
vn -0.35259512 0.93513235 -0.03470111
vn -0.35259988 0.93512957 -0.03472768
vn -0.35259368 0.93513319 -0.03469310
vn -0.33904975 0.93512955 -0.10284937
vn -0.33904975 0.93512956 -0.10284930
vn -0.33904975 0.93512955 -0.10284938
vn -0.33904975 0.93512956 -0.10284928
vn -0.31245119 0.93513230 -0.16703843
vn -0.31246649 0.93513002 -0.16702254
vn -0.31246979 0.93512953 -0.16701911
vn -0.31244558 0.93513313 -0.16704426
vn -0.27388411 0.93513003 -0.22476503
vn -0.27389292 0.93513230 -0.22474487
vn -0.27388221 0.93512954 -0.22476938
vn -0.27389615 0.93513313 -0.22473748
vn -0.22476917 0.93512954 -0.27388240
vn -0.22474446 0.93513231 -0.27389320
vn -0.22476478 0.93513003 -0.27388432
vn -0.22473700 0.93513315 -0.27389645
vn -0.16702225 0.93513004 -0.31246659
vn -0.16703807 0.93513231 -0.31245136
vn -0.16701884 0.93512956 -0.31246987
vn -0.16704387 0.93513314 -0.31244577
vn -0.10284969 0.93512956 -0.33904961
vn -0.10284941 0.93512953 -0.33904980
vn -0.10284980 0.93512958 -0.33904955
vn -0.10284935 0.93512952 -0.33904983
vn -0.03472810 0.93512952 -0.35259998
vn -0.03472806 0.93512952 -0.35259997
vn -0.03472805 0.93512952 -0.35259997
vn -0.03472811 0.93512952 -0.35259998
vn 0.06871036 0.71314980 -0.69763618
vn 0.06871022 0.71314979 -0.69763621
vn 0.06871020 0.71314979 -0.69763621
vn 0.06871037 0.71314980 -0.69763618
vn 0.20362676 0.71269256 -0.67127152
vn 0.20362663 0.71269255 -0.67127158
vn 0.20362661 0.71269255 -0.67127158
vn 0.20362677 0.71269256 -0.67127152
vn 0.33086041 0.71230285 -0.61899599
vn 0.33086113 0.71230292 -0.61899553
vn 0.33086116 0.71230292 -0.61899551
vn 0.33086031 0.71230284 -0.61899605
vn 0.44545906 0.71199643 -0.54279582
vn 0.44545838 0.71199635 -0.54279649
vn 0.44545835 0.71199635 -0.54279651
vn 0.44545916 0.71199644 -0.54279573
vn 0.73334281 0.65587553 -0.17898493
vn 0.60582445 0.66273296 -0.44018378
vn 0.73021185 0.65695800 -0.18760823
vn 0.58154519 0.65880563 -0.47726338
vn 0.81483381 0.38189117 0.43612498
vn 0.89174503 0.38737627 -0.23394536
vn 0.83820159 0.38994807 0.38125923
vn 0.82636539 0.34931099 -0.44170361
vn 0.32310439 0.38994817 -0.86228996
vn 0.79598163 0.38737642 -0.46513735
vn 0.26778464 0.38189122 -0.88456231
vn 0.89665941 0.34931103 -0.27199946
vn 0.64899749 0.65695951 -0.38367494
vn 0.73963865 0.66273379 -0.11712639
vn 0.64511389 0.65587709 -0.39198636
vn 0.74868981 0.65880650 -0.07373985
vn 0.69880195 0.71199658 0.06882373
vn 0.69880194 0.71199649 0.06882478
vn 0.69880195 0.71199658 0.06882369
vn 0.69880193 0.71199648 0.06882492
vn 0.67164950 0.71230310 0.20374308
vn 0.67164978 0.71230320 0.20374181
vn 0.67164949 0.71230309 0.20374313
vn 0.67164981 0.71230322 0.20374164
vn 0.61864688 0.71269256 0.33067409
vn 0.61864685 0.71269256 0.33067414
vn 0.61864688 0.71269256 0.33067408
vn 0.61864685 0.71269256 0.33067415
vn 0.54189019 0.71314977 0.44471611
vn 0.54188984 0.71314972 0.44471663
vn 0.54189024 0.71314978 0.44471605
vn 0.54188982 0.71314972 0.44471665
vn 0.44439050 0.71365676 0.54148971
vn 0.44439011 0.71365672 0.54149008
vn 0.44439052 0.71365676 0.54148970
vn 0.44439006 0.71365671 0.54149013
vn 0.32995339 0.71419379 0.61729895
vn 0.32995290 0.71419374 0.61729926
vn 0.32995341 0.71419379 0.61729894
vn 0.32995284 0.71419374 0.61729931
vn 0.20302166 0.71473995 0.66927499
vn 0.20302227 0.71474000 0.66927475
vn 0.20302164 0.71473994 0.66927500
vn 0.20302235 0.71474000 0.66927472
vn 0.06850048 0.71527438 0.69547843
vn 0.06850077 0.71527440 0.69547838
vn 0.06850047 0.71527438 0.69547843
vn 0.06850081 0.71527441 0.69547837
vn -0.06844844 0.71577672 0.69496655
vn -0.06844853 0.71577671 0.69496655
vn -0.06844843 0.71577672 0.69496655
vn -0.06844855 0.71577671 0.69496655
vn -0.20257914 0.71622784 0.66781687
vn -0.20257951 0.71622781 0.66781679
vn -0.20257912 0.71622784 0.66781687
vn -0.20257956 0.71622781 0.66781678
vn -0.32878711 0.71661072 0.61511633
vn -0.32878653 0.71661077 0.61511659
vn -0.32878714 0.71661072 0.61511633
vn -0.32878645 0.71661078 0.61511662
vn -0.44227699 0.71691109 0.53891516
vn -0.44227745 0.71691105 0.53891485
vn -0.44227698 0.71691109 0.53891517
vn -0.44227751 0.71691104 0.53891480
vn -0.53875200 0.71711771 0.44214079
vn -0.53875186 0.71711773 0.44214093
vn -0.53875202 0.71711771 0.44214077
vn -0.53875185 0.71711773 0.44214093
vn -0.61456065 0.71722303 0.32849100
vn -0.61456070 0.71722302 0.32849092
vn -0.61456065 0.71722303 0.32849101
vn -0.61456070 0.71722302 0.32849092
vn -0.66683810 0.71722304 0.20228214
vn -0.66683808 0.71722303 0.20228221
vn -0.66683808 0.71722303 0.20228222
vn -0.66683810 0.71722304 0.20228214
vn -0.69359621 0.71711764 0.06831235
vn -0.69359622 0.71711766 0.06831213
vn -0.69359622 0.71711766 0.06831212
vn -0.69359621 0.71711764 0.06831238
vn -0.69380768 0.71691109 -0.06833302
vn -0.69380787 0.71691100 -0.06833193
vn -0.69380788 0.71691100 -0.06833189
vn -0.69380765 0.71691110 -0.06833317
vn -0.66744057 0.71661070 -0.20246527
vn -0.66744047 0.71661072 -0.20246553
vn -0.66744047 0.71661072 -0.20246554
vn -0.66744059 0.71661070 -0.20246523
vn -0.61546310 0.71622765 -0.32897285
vn -0.61546267 0.71622771 -0.32897351
vn -0.61546265 0.71622771 -0.32897354
vn -0.61546315 0.71622764 -0.32897276
vn -0.53981597 0.71577663 -0.44301528
vn -0.53981657 0.71577656 -0.44301466
vn -0.53981659 0.71577656 -0.44301463
vn -0.53981589 0.71577664 -0.44301536
vn -0.44334109 0.71527431 -0.54021416
vn -0.44334152 0.71527427 -0.54021386
vn -0.44334111 0.71527431 -0.54021415
vn -0.44334157 0.71527427 -0.54021382
vn -0.32969135 0.71473987 -0.61680672
vn -0.32969080 0.71473992 -0.61680696
vn -0.32969133 0.71473987 -0.61680673
vn -0.32969073 0.71473992 -0.61680699
vn -0.20318372 0.71419370 -0.66980873
vn -0.20318373 0.71419370 -0.66980873
vn -0.20318372 0.71419370 -0.66980873
vn -0.20318373 0.71419370 -0.66980873
vn -0.06866074 0.71365671 -0.69712252
vn -0.06866068 0.71365671 -0.69712252
vn -0.06866067 0.71365671 -0.69712252
vn -0.06866074 0.71365671 -0.69712252
vn 0.72902842 0.56273556 0.38967453
vn 0.72902843 0.56273558 0.38967450
vn 0.72902842 0.56273555 0.38967456
vn 0.72902844 0.56273559 0.38967447
vn -0.82420820 0.56043892 -0.08117306
vn -0.82420837 0.56043853 -0.08117397
vn -0.82420806 0.56043922 -0.08117237
vn -0.82420853 0.56043818 -0.08117477
vn 0.63912909 0.56248916 0.52451878
vn 0.63912909 0.56248917 0.52451877
vn 0.63912908 0.56248916 0.52451879
vn 0.63912910 0.56248918 0.52451875
vn -0.79242655 0.56060447 -0.24038051
vn -0.79242655 0.56060469 -0.24038000
vn -0.79242655 0.56060431 -0.24038090
vn -0.79242655 0.56060488 -0.24037955
vn 0.52463867 0.56221542 0.63927153
vn 0.52463880 0.56221536 0.63927148
vn 0.52463849 0.56221550 0.63927161
vn 0.52463833 0.56221557 0.63927168
vn -0.73017801 0.56081424 -0.39029151
vn -0.73017811 0.56081446 -0.39029102
vn -0.73017793 0.56081408 -0.39029188
vn -0.73017820 0.56081464 -0.39029058
vn 0.38993405 0.56192464 0.72951501
vn 0.38993400 0.56192466 0.72951501
vn 0.38993411 0.56192461 0.72951499
vn 0.38993416 0.56192459 0.72951498
vn 0.08103972 0.56248941 -0.82282333
vn 0.08103992 0.56248932 -0.82282337
vn 0.08103957 0.56248947 -0.82282330
vn 0.08104009 0.56248925 -0.82282340
vn -0.63987934 0.56106168 -0.52513258
vn -0.63987915 0.56106148 -0.52513302
vn -0.63987948 0.56106183 -0.52513224
vn -0.63987899 0.56106130 -0.52513341
vn 0.24017781 0.56162764 0.79176323
vn 0.24017777 0.56162765 0.79176323
vn 0.24017785 0.56162762 0.79176323
vn 0.24017789 0.56162760 0.79176323
vn 0.23995876 0.56273579 -0.79104250
vn 0.23995872 0.56273580 -0.79104250
vn 0.23995878 0.56273578 -0.79104250
vn 0.23995869 0.56273581 -0.79104250
vn -0.52501504 0.56133646 -0.63973478
vn -0.52501493 0.56133650 -0.63973483
vn -0.52501517 0.56133639 -0.63973473
vn -0.52501529 0.56133634 -0.63973468
vn 0.08112019 0.56133633 0.82360248
vn 0.08112030 0.56133628 0.82360250
vn 0.08112004 0.56133640 0.82360245
vn 0.08111991 0.56133645 0.82360242
vn 0.38960808 0.56294495 -0.72890227
vn 0.38960794 0.56294501 -0.72890230
vn 0.38960819 0.56294490 -0.72890225
vn 0.38960781 0.56294507 -0.72890233
vn -0.39003025 0.56162772 -0.72969219
vn -0.39003029 0.56162771 -0.72969219
vn -0.39003021 0.56162774 -0.72969220
vn -0.39003017 0.56162776 -0.72969221
vn -0.08113633 0.56106182 0.82378792
vn -0.08113629 0.56106183 0.82378791
vn -0.08113636 0.56106180 0.82378792
vn -0.08113626 0.56106185 0.82378790
vn 0.52424929 0.56310925 -0.63880408
vn 0.52424925 0.56310927 -0.63880410
vn 0.52424932 0.56310924 -0.63880407
vn 0.52424922 0.56310928 -0.63880411
vn -0.24011927 0.56192455 -0.79157030
vn -0.24011913 0.56192461 -0.79157030
vn -0.24011945 0.56192448 -0.79157030
vn -0.24011960 0.56192441 -0.79157029
vn -0.24033806 0.56081434 0.79229091
vn -0.24033789 0.56081442 0.79229091
vn -0.24033820 0.56081428 0.79229091
vn -0.24033773 0.56081448 0.79229091
vn 0.70410592 0.60278306 -0.37534975
vn 0.69730014 0.55655641 -0.45168294
vn 0.70502665 0.64889296 -0.28613867
vn 0.70045135 0.68193776 -0.21054405
vn -0.08105938 0.56221530 -0.82300870
vn -0.08105934 0.56221532 -0.82300870
vn -0.08105944 0.56221528 -0.82300872
vn -0.08105949 0.56221526 -0.82300873
vn -0.39035649 0.56060388 0.73030480
vn -0.39035661 0.56060382 0.73030478
vn -0.39035639 0.56060392 0.73030482
vn -0.39035672 0.56060377 0.73030476
vn 0.60176820 0.71701224 -0.35180744
vn 0.60152462 0.76107132 -0.24277268
vn 0.59903511 0.77603838 -0.19728498
vn 0.59972866 0.69803309 -0.39124844
vn -0.52540287 0.56043825 0.64020371
vn -0.52540269 0.56043833 0.64020378
vn -0.52540300 0.56043819 0.64020366
vn -0.52540254 0.56043840 0.64020385
vn 0.59700661 0.76107095 -0.25368115
vn 0.67427950 0.71701140 -0.17675353
vn 0.56308076 0.77603819 -0.28408586
vn 0.70072703 0.69803183 -0.14742182
vn -0.64026435 0.56032422 0.52545059
vn -0.64026426 0.56032413 0.52545080
vn -0.64026447 0.56032435 0.52545032
vn -0.64026457 0.56032446 0.52545007
vn 0.70086059 0.64889123 -0.29620029
vn 0.76328915 0.60278253 -0.23247125
vn 0.64417184 0.68193663 -0.34641749
vn 0.81245267 0.55655577 -0.17368459
vn -0.73050582 0.56026631 0.39046499
vn -0.73050583 0.56026634 0.39046492
vn -0.73050580 0.56026627 0.39046508
vn -0.73050578 0.56026623 0.39046517
vn 0.82240335 0.56310946 0.08099672
vn 0.82240338 0.56310939 0.08099687
vn 0.82240333 0.56310951 0.08099659
vn 0.82240341 0.56310933 0.08099702
vn -0.79264617 0.56026621 0.24044507
vn -0.79264617 0.56026627 0.24044491
vn -0.79264617 0.56026612 0.24044528
vn -0.79264617 0.56026604 0.24044547
vn 0.79090551 0.56294509 0.23991936
vn 0.79090551 0.56294513 0.23991926
vn 0.79090551 0.56294506 0.23991943
vn 0.79090551 0.56294516 0.23991918
vn -0.00003251 1.00000000 0.00001940
vn -0.00001813 1.00000000 0.00000287
vn -0.00017725 0.99999998 0.00005360
vn 0.00000858 1.00000000 -0.00000850
vn -0.00016590 0.99999999 -0.00004923
vn -0.00000046 1.00000000 0.00000095
vn 0.00016336 0.99999998 0.00008715
vn 0.00000000 1.00000000 -0.00000017
vn 0.00000000 1.00000000 -0.00000017
vn -0.00000000 1.00000000 -0.00000017
vn -0.00000000 1.00000000 -0.00000017
vn -0.00000000 1.00000000 -0.00000017
vn -0.00000316 1.00000000 -0.00000053
vn 0.00000433 1.00000000 0.00000696
vn 0.00000116 1.00000000 0.00000521
vn -0.00000692 1.00000000 -0.00000272
vn 0.00007819 1.00000000 0.00004026
vn 0.00002316 1.00000000 -0.00007230
vn 0.00000211 1.00000000 0.00003352
vn -0.00002348 0.99999999 0.00011786
vn 0.00000000 1.00000000 -0.00000017
vn 0.00000118 1.00000000 0.00000186
vn -0.00000169 1.00000000 0.00000221
vn -0.00000000 1.00000000 -0.00000017
vn 0.00000000 1.00000000 -0.00000017
vn -0.00020483 0.99999993 -0.00030672
vn -0.00015201 0.99999999 -0.00008278
vn 0.00017726 0.99999998 0.00005360
vn 0.00000000 1.00000000 -0.00000017
vn -0.00000000 1.00000000 -0.00000017
vn 0.00000000 1.00000000 -0.00000017
vn 0.00030655 0.99999993 -0.00020500
vn 0.00000000 -1.00000000 0.00000017
vn 0.00000000 -1.00000000 0.00000017
vn 0.00000000 -1.00000000 0.00000017
vn 0.00000000 -1.00000000 0.00000017
vn -0.00000000 -1.00000000 0.00000017
vn -0.00000000 -1.00000000 0.00000017
vn -0.00000000 -1.00000000 0.00000017
vn 0.00000000 -1.00000000 0.00000017
vn 0.00000002 -1.00000000 0.00000020
vn -0.00000010 -1.00000000 0.00000025
vn 0.00000000 -1.00000000 0.00000017
vn 0.00000000 -1.00000000 0.00000017
vn 0.00000000 -1.00000000 0.00000017
vn -0.00000010 -1.00000000 0.00000027
vn -0.00000000 -1.00000000 0.00000017
vn -0.00000000 -1.00000000 0.00000017
vn -0.00000000 -1.00000000 0.00000017
vn -0.00000014 -1.00000000 0.00000020
vn -0.00000012 -1.00000000 0.00000021
vn -0.00000000 -1.00000000 0.00000017
vn 0.00000008 -1.00000000 0.00000025
vn 0.00000008 -1.00000000 0.00000017
vn 0.00000001 -1.00000000 0.00000008
vn 0.00000008 -1.00000000 0.00000005
vn 0.00000010 -1.00000000 0.00000006
vn 0.00000000 -1.00000000 0.00000017
vn -0.00000005 -1.00000000 0.00000023
vn 0.00000003 -1.00000000 0.00000031
vn 0.00000000 -1.00000000 0.00000017
vn -0.00000005 -1.00000000 0.00000034
vn -0.00000019 -1.00000000 0.00000019
vn 0.00000003 -1.00000000 0.00000002
vn 0.00000001 -1.00000000 0.00000004
vn 0.00000003 -1.00000000 -0.00000009
vn -0.00000000 -1.00000000 -0.00000006
vn 0.00000001 -1.00000000 0.00000015
vn 0.00000000 -1.00000000 0.00000017
vn 0.00000001 -1.00000000 0.00000015
vn -0.08209142 0.54640927 -0.83348540
vn -0.08209144 0.54640927 -0.83348540
vn -0.08209142 0.54640927 -0.83348540
vn -0.08209144 0.54640927 -0.83348540
vn 0.03975344 0.91405894 -0.40362845
vn 0.03975347 0.91405893 -0.40362847
vn 0.03975365 0.91405885 -0.40362863
vn 0.03975327 0.91405901 -0.40362831
vn 0.06100792 0.78267615 -0.61943206
vn 0.06100795 0.78267614 -0.61943207
vn 0.06100776 0.78267623 -0.61943197
vn 0.06100809 0.78267607 -0.61943215
vn 0.07834044 0.60097960 -0.79541580
vn 0.07834051 0.60097956 -0.79541583
vn 0.07834025 0.60097972 -0.79541573
vn 0.07834072 0.60097942 -0.79541591
vn 0.11773332 0.91405884 -0.38811763
vn 0.11773325 0.91405887 -0.38811759
vn 0.11773280 0.91405904 -0.38811734
vn 0.11773373 0.91405869 -0.38811786
vn 0.18067999 0.78267606 -0.59562817
vn 0.18068001 0.78267606 -0.59562818
vn 0.18067991 0.78267610 -0.59562815
vn 0.18068008 0.78267603 -0.59562820
vn 0.23201231 0.60098004 -0.76484853
vn 0.23201243 0.60097998 -0.76484855
vn 0.23201196 0.60098025 -0.76484847
vn 0.23201282 0.60097975 -0.76484861
vn 0.19118935 0.91405883 -0.35769132
vn 0.19118937 0.91405886 -0.35769125
vn 0.19118923 0.91405870 -0.35769173
vn 0.19118950 0.91405901 -0.35769079
vn 0.29341087 0.78267619 -0.54893356
vn 0.29341084 0.78267616 -0.54893361
vn 0.29341073 0.78267606 -0.54893381
vn 0.29341099 0.78267630 -0.54893333
vn 0.37677015 0.60098006 -0.70488809
vn 0.37677006 0.60098011 -0.70488809
vn 0.37677043 0.60097990 -0.70488808
vn 0.37676975 0.60098029 -0.70488810
vn 0.25729794 0.91405889 -0.31351894
vn 0.25729793 0.91405887 -0.31351899
vn 0.25729796 0.91405898 -0.31351863
vn 0.25729790 0.91405876 -0.31351933
vn 0.39486429 0.78267618 -0.48114467
vn 0.39486430 0.78267619 -0.48114465
vn 0.39486433 0.78267623 -0.48114455
vn 0.39486426 0.78267613 -0.48114477
vn 0.50704712 0.60097982 -0.61784017
vn 0.50704709 0.60097983 -0.61784018
vn 0.50704719 0.60097978 -0.61784015
vn 0.50704701 0.60097988 -0.61784019
vn 0.31351810 0.91405875 -0.25729943
vn 0.31351812 0.91405875 -0.25729943
vn 0.31351824 0.91405871 -0.25729942
vn 0.31351796 0.91405880 -0.25729944
vn 0.48114280 0.78267622 -0.39486648
vn 0.48114281 0.78267622 -0.39486648
vn 0.48114278 0.78267623 -0.39486649
vn 0.48114283 0.78267621 -0.39486647
vn 0.61783793 0.60098007 -0.50704955
vn 0.61783791 0.60098002 -0.50704964
vn 0.61783785 0.60097987 -0.50704989
vn 0.61783799 0.60098024 -0.50704928
vn 0.35769114 0.91405876 -0.19119002
vn 0.35769114 0.91405877 -0.19119000
vn 0.35769118 0.91405872 -0.19119014
vn 0.35769109 0.91405881 -0.19118987
vn 0.54893343 0.78267620 -0.29341106
vn 0.54893343 0.78267622 -0.29341103
vn 0.54893341 0.78267627 -0.29341091
vn 0.54893344 0.78267614 -0.29341120
vn 0.70488774 0.60098027 -0.37677047
vn 0.70488774 0.60098026 -0.37677048
vn 0.70488774 0.60098026 -0.37677049
vn 0.70488774 0.60098027 -0.37677046
vn 0.38811728 0.91405880 -0.11773478
vn 0.38811729 0.91405880 -0.11773478
vn 0.38811731 0.91405879 -0.11773476
vn 0.38811725 0.91405881 -0.11773479
vn 0.59562732 0.78267613 -0.18068254
vn 0.59562732 0.78267613 -0.18068253
vn 0.59562730 0.78267614 -0.18068255
vn 0.59562734 0.78267611 -0.18068251
vn 0.76484751 0.60098027 -0.23201511
vn 0.76484751 0.60098027 -0.23201510
vn 0.76484750 0.60098028 -0.23201509
vn 0.76484751 0.60098026 -0.23201513
vn 0.40362851 0.91405886 -0.03975466
vn 0.40362853 0.91405885 -0.03975465
vn 0.40362863 0.91405881 -0.03975456
vn 0.40362842 0.91405889 -0.03975474
vn 0.61943181 0.78267623 -0.06100943
vn 0.61943175 0.78267628 -0.06100932
vn 0.61943182 0.78267622 -0.06100945
vn 0.61943188 0.78267617 -0.06100955
vn 0.79541527 0.60098000 -0.07834277
vn 0.79541523 0.60098007 -0.07834264
vn 0.79541509 0.60098030 -0.07834227
vn 0.79541542 0.60097974 -0.07834317
vn 0.40362835 0.91405897 0.03975375
vn 0.40362817 0.91405904 0.03975389
vn 0.40362833 0.91405898 0.03975377
vn 0.40362849 0.91405891 0.03975364
vn 0.61943187 0.78267625 0.06100854
vn 0.61943190 0.78267623 0.06100851
vn 0.61943186 0.78267626 0.06100855
vn 0.61943183 0.78267628 0.06100859
vn 0.79541536 0.60098004 0.07834155
vn 0.79541540 0.60097998 0.07834166
vn 0.79541524 0.60098025 0.07834122
vn 0.79541553 0.60097975 0.07834202
vn 0.38811748 0.91405893 0.11773319
vn 0.38811745 0.91405894 0.11773314
vn 0.38811727 0.91405906 0.11773282
vn 0.38811764 0.91405882 0.11773347
vn 0.59562791 0.78267625 0.18068006
vn 0.59562791 0.78267624 0.18068008
vn 0.59562789 0.78267628 0.18068000
vn 0.59562793 0.78267621 0.18068014
vn 0.76484840 0.60098027 0.23201213
vn 0.76484840 0.60098029 0.23201211
vn 0.76484841 0.60098024 0.23201220
vn 0.76484839 0.60098033 0.23201204
vn 0.35769128 0.91405882 0.19118948
vn 0.35769122 0.91405884 0.19118950
vn 0.35769128 0.91405882 0.19118948
vn 0.35769135 0.91405880 0.19118946
vn 0.54893344 0.78267640 0.29341053
vn 0.54893366 0.78267629 0.29341042
vn 0.54893338 0.78267642 0.29341056
vn 0.54893314 0.78267655 0.29341070
vn 0.70488798 0.60098019 0.37677014
vn 0.70488799 0.60098023 0.37677008
vn 0.70488798 0.60098009 0.37677031
vn 0.70488799 0.60098034 0.37676988
vn 0.31351903 0.91405881 0.25729810
vn 0.31351902 0.91405881 0.25729810
vn 0.31351903 0.91405881 0.25729810
vn 0.31351904 0.91405881 0.25729810
vn 0.48114409 0.78267652 0.39486432
vn 0.48114406 0.78267653 0.39486433
vn 0.48114409 0.78267652 0.39486432
vn 0.48114412 0.78267651 0.39486431
vn 0.61783977 0.60098001 0.50704738
vn 0.61783977 0.60098003 0.50704736
vn 0.61783975 0.60097997 0.50704746
vn 0.61783979 0.60098008 0.50704728
vn 0.25729902 0.91405880 0.31351829
vn 0.25729902 0.91405881 0.31351828
vn 0.25729903 0.91405883 0.31351820
vn 0.25729901 0.91405878 0.31351836
vn 0.39486586 0.78267644 0.48114295
vn 0.39486584 0.78267641 0.48114303
vn 0.39486596 0.78267660 0.48114262
vn 0.39486575 0.78267627 0.48114332
vn 0.50704895 0.60098035 0.61783815
vn 0.50704907 0.60098028 0.61783812
vn 0.50704943 0.60098006 0.61783804
vn 0.50704855 0.60098059 0.61783825
vn 0.19118932 0.91405896 0.35769103
vn 0.19118923 0.91405898 0.35769100
vn 0.19118979 0.91405880 0.35769118
vn 0.19118870 0.91405916 0.35769083
vn 0.29340981 0.78267637 0.54893386
vn 0.29340987 0.78267634 0.54893387
vn 0.29341011 0.78267624 0.54893389
vn 0.29340955 0.78267649 0.54893384
vn 0.37676921 0.60098033 0.70488836
vn 0.37676911 0.60098039 0.70488837
vn 0.37676879 0.60098057 0.70488838
vn 0.37676956 0.60098013 0.70488835
vn 0.11773425 0.91405913 0.38811667
vn 0.11773425 0.91405913 0.38811666
vn 0.11773426 0.91405914 0.38811665
vn 0.11773424 0.91405913 0.38811668
vn 0.18068221 0.78267631 0.59562717
vn 0.18068224 0.78267634 0.59562713
vn 0.18068206 0.78267621 0.59562735
vn 0.18068241 0.78267645 0.59562693
vn 0.23201491 0.60098027 0.76484756
vn 0.23201498 0.60098023 0.76484758
vn 0.23201519 0.60098011 0.76484761
vn 0.23201467 0.60098041 0.76484753
vn 0.03975436 0.91405910 0.40362800
vn 0.03975434 0.91405909 0.40362802
vn 0.03975423 0.91405903 0.40362817
vn 0.03975449 0.91405916 0.40362783
vn 0.06100956 0.78267630 0.61943171
vn 0.06100954 0.78267629 0.61943173
vn 0.06100963 0.78267634 0.61943165
vn 0.06100946 0.78267624 0.61943179
vn 0.07834260 0.60098040 0.79541499
vn 0.07834258 0.60098041 0.79541498
vn 0.07834250 0.60098046 0.79541495
vn 0.07834268 0.60098034 0.79541502
vn -0.03975384 0.91405906 0.40362812
vn -0.03975385 0.91405907 0.40362811
vn -0.03975378 0.91405903 0.40362819
vn -0.03975392 0.91405910 0.40362802
vn -0.06100905 0.78267654 0.61943146
vn -0.06100899 0.78267651 0.61943151
vn -0.06100873 0.78267636 0.61943172
vn -0.06100933 0.78267670 0.61943122
vn -0.07834219 0.60098013 0.79541523
vn -0.07834211 0.60098018 0.79541520
vn -0.07834244 0.60097998 0.79541532
vn -0.07834183 0.60098035 0.79541509
vn -0.11773385 0.91405908 0.38811692
vn -0.11773386 0.91405908 0.38811692
vn -0.11773391 0.91405906 0.38811695
vn -0.11773379 0.91405910 0.38811689
vn -0.18068097 0.78267648 0.59562732
vn -0.18068089 0.78267652 0.59562730
vn -0.18068130 0.78267633 0.59562742
vn -0.18068052 0.78267669 0.59562719
vn -0.23201312 0.60098018 0.76484818
vn -0.23201321 0.60098012 0.76484820
vn -0.23201283 0.60098034 0.76484814
vn -0.23201352 0.60097994 0.76484825
vn -0.19118925 0.91405895 0.35769107
vn -0.19118919 0.91405897 0.35769105
vn -0.19118881 0.91405910 0.35769093
vn -0.19118959 0.91405884 0.35769118
vn -0.29341019 0.78267642 0.54893359
vn -0.29341016 0.78267643 0.54893358
vn -0.29341034 0.78267635 0.54893360
vn -0.29341003 0.78267649 0.54893357
vn -0.37676986 0.60098052 0.70488786
vn -0.37676991 0.60098049 0.70488785
vn -0.37676970 0.60098061 0.70488786
vn -0.37677010 0.60098038 0.70488785
vn -0.25729881 0.91405880 0.31351847
vn -0.25729880 0.91405877 0.31351855
vn -0.25729881 0.91405880 0.31351848
vn -0.25729881 0.91405882 0.31351840
vn -0.39486511 0.78267653 0.48114343
vn -0.39486513 0.78267655 0.48114337
vn -0.39486511 0.78267652 0.48114344
vn -0.39486509 0.78267650 0.48114349
vn -0.50704803 0.60098043 0.61783883
vn -0.50704798 0.60098046 0.61783884
vn -0.50704818 0.60098034 0.61783879
vn -0.50704782 0.60098056 0.61783888
vn -0.31351920 0.91405884 0.25729777
vn -0.31351924 0.91405874 0.25729810
vn -0.31351921 0.91405883 0.25729782
vn -0.31351917 0.91405894 0.25729746
vn -0.48114468 0.78267639 0.39486386
vn -0.48114470 0.78267645 0.39486371
vn -0.48114468 0.78267637 0.39486389
vn -0.48114466 0.78267630 0.39486406
vn -0.61784001 0.60098012 0.50704696
vn -0.61784001 0.60098015 0.50704692
vn -0.61784004 0.60098022 0.50704680
vn -0.61783997 0.60098005 0.50704709
vn -0.35769079 0.91405890 0.19119003
vn -0.35769077 0.91405891 0.19119003
vn -0.35769068 0.91405894 0.19119005
vn -0.35769087 0.91405887 0.19119000
vn -0.54893307 0.78267624 0.29341164
vn -0.54893309 0.78267623 0.29341164
vn -0.54893300 0.78267627 0.29341168
vn -0.54893315 0.78267620 0.29341160
vn -0.70488747 0.60098025 0.37677102
vn -0.70488747 0.60098019 0.37677111
vn -0.70488746 0.60098002 0.37677140
vn -0.70488748 0.60098043 0.37677070
vn -0.38811748 0.91405883 0.11773389
vn -0.38811743 0.91405887 0.11773379
vn -0.38811747 0.91405884 0.11773387
vn -0.38811753 0.91405880 0.11773398
vn -0.59562747 0.78267632 0.18068119
vn -0.59562756 0.78267620 0.18068146
vn -0.59562745 0.78267635 0.18068112
vn -0.59562736 0.78267649 0.18068082
vn -0.76484803 0.60098020 0.23201357
vn -0.76484801 0.60098025 0.23201347
vn -0.76484796 0.60098043 0.23201318
vn -0.76484808 0.60098000 0.23201390
vn -0.40362843 0.91405893 0.03975364
vn -0.40362838 0.91405896 0.03975358
vn -0.40362872 0.91405879 0.03975398
vn -0.40362806 0.91405912 0.03975320
vn -0.61943179 0.78267635 0.06100807
vn -0.61943178 0.78267637 0.06100805
vn -0.61943172 0.78267642 0.06100794
vn -0.61943185 0.78267629 0.06100819
vn -0.79541551 0.60097989 0.07834122
vn -0.79541550 0.60097990 0.07834120
vn -0.79541547 0.60097995 0.07834112
vn -0.79541554 0.60097984 0.07834131
vn -0.40362808 0.91405906 -0.03975432
vn -0.40362808 0.91405906 -0.03975431
vn -0.40362803 0.91405908 -0.03975435
vn -0.40362813 0.91405904 -0.03975427
vn -0.61943181 0.78267625 -0.06100919
vn -0.61943181 0.78267625 -0.06100919
vn -0.61943182 0.78267624 -0.06100918
vn -0.61943180 0.78267626 -0.06100920
vn -0.79541556 0.60097971 -0.07834210
vn -0.79541555 0.60097972 -0.07834208
vn -0.79541558 0.60097967 -0.07834217
vn -0.79541552 0.60097977 -0.07834200
vn -0.38811726 0.91405894 -0.11773377
vn -0.38811728 0.91405893 -0.11773382
vn -0.38811742 0.91405884 -0.11773406
vn -0.38811711 0.91405904 -0.11773350
vn -0.59562765 0.78267624 -0.18068094
vn -0.59562765 0.78267625 -0.18068093
vn -0.59562766 0.78267623 -0.18068096
vn -0.59562764 0.78267626 -0.18068089
vn -0.76484847 0.60097971 -0.23201340
vn -0.76484847 0.60097969 -0.23201342
vn -0.76484846 0.60097975 -0.23201332
vn -0.76484848 0.60097964 -0.23201350
vn -0.35769107 0.91405880 -0.19118997
vn -0.35769108 0.91405880 -0.19118999
vn -0.35769111 0.91405876 -0.19119011
vn -0.35769103 0.91405885 -0.19118984
vn -0.54893338 0.78267628 -0.29341097
vn -0.54893339 0.78267627 -0.29341096
vn -0.54893343 0.78267625 -0.29341094
vn -0.54893332 0.78267630 -0.29341099
vn -0.70488810 0.60097981 -0.37677055
vn -0.70488809 0.60097980 -0.37677056
vn -0.70488810 0.60097984 -0.37677049
vn -0.70488809 0.60097977 -0.37677062
vn -0.31351884 0.91405874 -0.25729859
vn -0.31351891 0.91405871 -0.25729859
vn -0.31351885 0.91405873 -0.25729859
vn -0.31351878 0.91405875 -0.25729860
vn -0.48114396 0.78267627 -0.39486497
vn -0.48114397 0.78267627 -0.39486497
vn -0.48114399 0.78267626 -0.39486497
vn -0.48114394 0.78267628 -0.39486498
vn -0.61783924 0.60097993 -0.50704812
vn -0.61783923 0.60097990 -0.50704816
vn -0.61783928 0.60098001 -0.50704798
vn -0.61783920 0.60097981 -0.50704831
vn -0.25729847 0.91405876 -0.31351887
vn -0.25729847 0.91405877 -0.31351884
vn -0.25729848 0.91405881 -0.31351872
vn -0.25729846 0.91405871 -0.31351901
vn -0.39486486 0.78267626 -0.48114406
vn -0.39486486 0.78267626 -0.48114407
vn -0.39486487 0.78267628 -0.48114403
vn -0.39486485 0.78267624 -0.48114411
vn -0.50704792 0.60097995 -0.61783938
vn -0.50704790 0.60097996 -0.61783939
vn -0.50704786 0.60097999 -0.61783940
vn -0.50704797 0.60097992 -0.61783937
vn -0.19118942 0.91405881 -0.35769135
vn -0.19118941 0.91405881 -0.35769135
vn -0.19118942 0.91405881 -0.35769135
vn -0.19118942 0.91405881 -0.35769135
vn -0.29341034 0.78267624 -0.54893376
vn -0.29341032 0.78267625 -0.54893376
vn -0.29341034 0.78267624 -0.54893376
vn -0.29341035 0.78267623 -0.54893376
vn -0.37676958 0.60097992 -0.70488851
vn -0.37676960 0.60097991 -0.70488851
vn -0.37676966 0.60097988 -0.70488851
vn -0.37676951 0.60097996 -0.70488852
vn -0.11773402 0.91405875 -0.38811763
vn -0.11773413 0.91405871 -0.38811769
vn -0.11773404 0.91405875 -0.38811764
vn -0.11773394 0.91405878 -0.38811759
vn -0.18068137 0.78267628 -0.59562747
vn -0.18068122 0.78267635 -0.59562742
vn -0.18068140 0.78267627 -0.59562748
vn -0.18068153 0.78267621 -0.59562752
vn -0.23201387 0.60097977 -0.76484827
vn -0.23201383 0.60097980 -0.76484826
vn -0.23201370 0.60097987 -0.76484824
vn -0.23201400 0.60097969 -0.76484829
vn -0.03975385 0.91405879 -0.40362875
vn -0.03975403 0.91405871 -0.40362890
vn -0.03975387 0.91405878 -0.40362877
vn -0.03975368 0.91405886 -0.40362860
vn -0.06100840 0.78267627 -0.61943187
vn -0.06100831 0.78267632 -0.61943181
vn -0.06100843 0.78267625 -0.61943188
vn -0.06100854 0.78267620 -0.61943194
vn -0.07834167 0.60097949 -0.79541577
vn -0.07834160 0.60097953 -0.79541574
vn -0.07834138 0.60097966 -0.79541566
vn -0.07834190 0.60097934 -0.79541585
vn -0.73251356 0.64346653 0.22220421
vn -0.73251388 0.64346599 0.22220474
vn -0.73251372 0.64346625 0.22220448
vn -0.73251339 0.64346682 0.22220393
vn 0.73079791 0.64559298 0.22168473
vn 0.73079707 0.64559440 0.22168336
vn 0.73079627 0.64559576 0.22168204
vn 0.73079878 0.64559150 0.22168617
vn -0.76174964 0.64351284 0.07502474
vn -0.76174967 0.64351280 0.07502477
vn -0.76174965 0.64351282 0.07502476
vn -0.76174963 0.64351285 0.07502473
vn 0.67362877 0.64542930 0.36006290
vn 0.67362884 0.64542914 0.36006307
vn 0.67362890 0.64542898 0.36006324
vn 0.67362871 0.64542947 0.36006271
vn -0.76167574 0.64360144 -0.07501498
vn -0.76167730 0.64359940 -0.07501669
vn -0.76167880 0.64359744 -0.07501831
vn -0.76167412 0.64360357 -0.07501322
vn 0.59056921 0.64523346 0.48466668
vn 0.59056944 0.64523326 0.48466667
vn 0.59056933 0.64523336 0.48466667
vn 0.59056909 0.64523357 0.48466668
vn -0.73230145 0.64372927 -0.22214233
vn -0.73230124 0.64372963 -0.22214199
vn -0.73230104 0.64372996 -0.22214166
vn -0.73230166 0.64372890 -0.22214268
vn 0.48478504 0.64501567 0.59070996
vn 0.48478459 0.64501606 0.59070989
vn 0.48478481 0.64501587 0.59070993
vn 0.48478527 0.64501546 0.59071000
vn -0.67476653 0.64389881 -0.36067223
vn -0.67476592 0.64390037 -0.36067056
vn -0.67476534 0.64390187 -0.36066897
vn -0.67476716 0.64389718 -0.36067395
vn 0.36031909 0.64478422 0.67410939
vn 0.36031911 0.64478420 0.67410940
vn 0.36031910 0.64478421 0.67410939
vn 0.36031908 0.64478423 0.67410938
vn 0.07488268 0.64522962 -0.76031002
vn 0.07488270 0.64522959 -0.76031004
vn 0.07488272 0.64522957 -0.76031006
vn 0.07488266 0.64522965 -0.76030999
vn -0.59131025 0.64409725 -0.48527407
vn -0.59131047 0.64409597 -0.48527549
vn -0.59131069 0.64409475 -0.48527686
vn -0.59131002 0.64409857 -0.48527259
vn 0.22194033 0.64454845 0.73164184
vn 0.22194058 0.64454820 0.73164199
vn 0.22194046 0.64454832 0.73164192
vn 0.22194021 0.64454859 0.73164176
vn 0.22172507 0.64542533 -0.73093375
vn 0.22172505 0.64542535 -0.73093373
vn 0.22172503 0.64542537 -0.73093372
vn 0.22172509 0.64542530 -0.73093376
vn -0.48515883 0.64431414 -0.59116849
vn -0.48515889 0.64431527 -0.59116723
vn -0.48515894 0.64431634 -0.59116601
vn -0.48515878 0.64431298 -0.59116981
vn 0.07496159 0.64431693 0.76107585
vn 0.07496179 0.64431669 0.76107603
vn 0.07496169 0.64431681 0.76107594
vn 0.07496150 0.64431704 0.76107577
vn 0.35999777 0.64559270 -0.67350700
vn 0.35999670 0.64559370 -0.67350661
vn 0.35999567 0.64559467 -0.67350623
vn 0.35999888 0.64559165 -0.67350741
vn -0.36041422 0.64454579 -0.67428652
vn -0.36041193 0.64454795 -0.67428568
vn -0.36041305 0.64454689 -0.67428609
vn -0.36041544 0.64454464 -0.67428697
vn -0.07497774 0.64409851 0.76125912
vn -0.07497769 0.64409857 0.76125907
vn -0.07497764 0.64409863 0.76125903
vn -0.07497779 0.64409845 0.76125916
vn 0.48440254 0.64572445 -0.59024920
vn 0.48440353 0.64572356 -0.59024936
vn 0.48440449 0.64572270 -0.59024951
vn 0.48440149 0.64572538 -0.59024904
vn -0.22188333 0.64478053 -0.73145461
vn -0.22188334 0.64478051 -0.73145463
vn -0.22188334 0.64478052 -0.73145462
vn -0.22188332 0.64478054 -0.73145461
vn -0.22209842 0.64390223 0.73216269
vn -0.22209825 0.64390240 0.73216259
vn -0.22209809 0.64390257 0.73216250
vn -0.22209859 0.64390205 0.73216280
vn 0.46544559 0.70059006 -0.54086409
vn 0.47476085 0.64503668 -0.59877359
vn 0.46764775 0.68933588 -0.55328259
vn 0.45935919 0.72784552 -0.50914638
vn -0.07490221 0.64501171 -0.76049297
vn -0.07490206 0.64501189 -0.76049283
vn -0.07490213 0.64501180 -0.76049290
vn -0.07490227 0.64501163 -0.76049303
vn -0.36073588 0.64373518 0.67488862
vn -0.36073598 0.64373508 0.67488865
vn -0.36073607 0.64373500 0.67488869
vn -0.36073578 0.64373527 0.67488858
vn 0.66679903 0.71291847 -0.21708597
vn 0.86808577 -0.10523517 0.48513159
vn 0.89692571 -0.02803143 0.44129187
vn 0.63942763 0.72965579 -0.24235248
vn -0.48553933 0.64360364 0.59162988
vn -0.48553932 0.64360353 0.59163001
vn -0.48553933 0.64360376 0.59162974
vn -0.48553931 0.64360342 0.59163013
vn 0.62351229 0.72965356 -0.28078125
vn 0.32218980 -0.02802711 -0.94626012
vn 0.62500068 0.71291569 -0.31800217
vn 0.27079650 -0.10523322 -0.95686740
vn -0.59168983 0.64351278 0.48558671
vn -0.59168981 0.64351288 0.48558660
vn -0.59168985 0.64351267 0.48558683
vn -0.59168980 0.64351298 0.48558649
vn 0.71156855 0.70059022 0.05332482
vn 0.72190618 0.68933690 0.06054835
vn 0.75910134 0.64504000 0.08768442
vn 0.68483855 0.72784408 0.03520178
vn -0.67508774 0.64346625 0.36084309
vn -0.67508764 0.64346649 0.36084284
vn -0.67508769 0.64346637 0.36084296
vn -0.67508779 0.64346612 0.36084322
vn -0.82428521 0.56032409 0.08118386
vn -0.82428522 0.56032406 0.08118393
vn -0.82428519 0.56032412 0.08118377
vn -0.82428517 0.56032416 0.08118370
vn -0.20979671 0.97752666 0.02066318
vn -0.20979668 0.97752667 0.02066305
vn -0.20979667 0.97752667 0.02066301
vn -0.20979673 0.97752666 0.02066324
vn 0.18591948 0.97752668 0.09937569
vn 0.18591947 0.97752669 0.09937570
vn 0.18591946 0.97752669 0.09937571
vn 0.18591948 0.97752668 0.09937568
vn -0.20979670 0.97752666 -0.02066348
vn -0.20979671 0.97752666 -0.02066345
vn -0.20979671 0.97752665 -0.02066344
vn -0.20979669 0.97752666 -0.02066349
vn 0.16295977 0.97752669 0.13373735
vn 0.16295976 0.97752669 0.13373736
vn 0.16295975 0.97752669 0.13373737
vn 0.16295977 0.97752669 0.13373735
vn -0.20173434 0.97752666 -0.06119549
vn -0.20173434 0.97752665 -0.06119560
vn -0.20173434 0.97752666 -0.06119546
vn -0.20173434 0.97752665 -0.06119564
vn 0.13373779 0.97752669 0.16295944
vn 0.13373785 0.97752670 0.16295932
vn 0.13373777 0.97752669 0.16295947
vn 0.13373789 0.97752670 0.16295927
vn -0.18591938 0.97752666 -0.09937610
vn -0.18591937 0.97752666 -0.09937615
vn -0.18591938 0.97752666 -0.09937608
vn -0.18591937 0.97752666 -0.09937618
vn 0.09937606 0.97752670 0.18591922
vn 0.09937610 0.97752669 0.18591921
vn 0.09937612 0.97752669 0.18591921
vn 0.09937604 0.97752670 0.18591922
vn -0.24312154 0.54638922 -0.80146786
vn -0.24312235 0.54638917 -0.80146766
vn -0.24312161 0.54638921 -0.80146785
vn -0.24312236 0.54638916 -0.80146765
vn -0.16295963 0.97752665 -0.13373781
vn -0.16295960 0.97752665 -0.13373783
vn -0.16295960 0.97752666 -0.13373783
vn -0.16295964 0.97752665 -0.13373781
vn 0.06119563 0.97752671 0.20173404
vn 0.06119551 0.97752670 0.20173413
vn 0.06119567 0.97752672 0.20173401
vn 0.06119545 0.97752670 0.20173417
vn 0.06119530 0.97752662 -0.20173458
vn 0.06119515 0.97752663 -0.20173457
vn 0.06119536 0.97752662 -0.20173458
vn 0.06119511 0.97752663 -0.20173457
vn -0.13373765 0.97752664 -0.16295983
vn -0.13373769 0.97752665 -0.16295977
vn -0.13373764 0.97752664 -0.16295984
vn -0.13373770 0.97752665 -0.16295974
vn 0.02066316 0.97752671 0.20979649
vn 0.02066327 0.97752672 0.20979644
vn 0.02066313 0.97752671 0.20979650
vn 0.02066332 0.97752672 0.20979642
vn 0.09937555 0.97752663 -0.18591984
vn 0.09937562 0.97752664 -0.18591977
vn 0.09937564 0.97752664 -0.18591975
vn 0.09937552 0.97752663 -0.18591987
vn -0.09937594 0.97752664 -0.18591959
vn -0.09937580 0.97752665 -0.18591961
vn -0.09937591 0.97752664 -0.18591960
vn -0.09937576 0.97752665 -0.18591962
vn -0.02066301 0.97752669 0.20979658
vn -0.02066313 0.97752670 0.20979653
vn -0.02066317 0.97752670 0.20979651
vn -0.02066296 0.97752669 0.20979660
vn 0.13373762 0.97752665 -0.16295981
vn 0.13373753 0.97752664 -0.16295995
vn 0.13373751 0.97752663 -0.16295999
vn 0.13373766 0.97752665 -0.16295975
vn -0.06119532 0.97752664 -0.20173447
vn -0.06119533 0.97752664 -0.20173447
vn -0.06119530 0.97752664 -0.20173447
vn -0.06119530 0.97752664 -0.20173447
vn -0.06119548 0.97752669 0.20173419
vn -0.06119551 0.97752669 0.20173419
vn -0.06119547 0.97752669 0.20173419
vn -0.06119553 0.97752669 0.20173419
vn 0.16295944 0.97752664 -0.13373811
vn 0.16295935 0.97752665 -0.13373816
vn 0.16295946 0.97752664 -0.13373809
vn 0.16295930 0.97752666 -0.13373819
vn 0.02066290 0.97752663 -0.20979688
vn 0.02066277 0.97752662 -0.20979694
vn 0.02066271 0.97752662 -0.20979696
vn 0.02066294 0.97752663 -0.20979686
vn -0.09937595 0.97752668 0.18591934
vn -0.09937587 0.97752669 0.18591935
vn -0.09937597 0.97752668 0.18591934
vn -0.09937584 0.97752669 0.18591936
vn 0.18591936 0.97752666 -0.09937620
vn 0.18591934 0.97752665 -0.09937627
vn 0.18591934 0.97752665 -0.09937629
vn 0.18591936 0.97752666 -0.09937617
vn -0.13373778 0.97752670 0.16295940
vn -0.13373782 0.97752670 0.16295934
vn -0.13373771 0.97752668 0.16295953
vn -0.13373768 0.97752668 0.16295956
vn 0.20173418 0.97752667 -0.06119587
vn 0.20173420 0.97752666 -0.06119585
vn 0.20173418 0.97752667 -0.06119588
vn 0.20173421 0.97752666 -0.06119583
vn -0.16295980 0.97752669 0.13373735
vn -0.16295981 0.97752669 0.13373733
vn -0.16295981 0.97752669 0.13373732
vn -0.16295980 0.97752669 0.13373736
vn 0.20979656 0.97752668 -0.02066371
vn 0.20979658 0.97752668 -0.02066368
vn 0.20979656 0.97752668 -0.02066372
vn 0.20979658 0.97752668 -0.02066366
vn -0.18591932 0.97752669 0.09937598
vn -0.18591934 0.97752668 0.09937596
vn -0.18591931 0.97752669 0.09937599
vn -0.18591935 0.97752668 0.09937595
vn 0.20979659 0.97752669 0.02066302
vn 0.20979667 0.97752668 0.02066285
vn 0.20979661 0.97752669 0.02066298
vn 0.20979670 0.97752667 0.02066279
vn -0.20173433 0.97752668 0.06119522
vn -0.20173433 0.97752668 0.06119519
vn -0.20173433 0.97752668 0.06119518
vn -0.20173433 0.97752668 0.06119523
vn 0.75989378 0.64572459 0.07484113
vn 0.75989473 0.64572336 0.07484216
vn 0.75989564 0.64572217 0.07484315
vn 0.75989279 0.64572588 0.07484006
vn -0.02066318 0.97752664 -0.20979682
vn -0.02066315 0.97752664 -0.20979683
vn -0.02066320 0.97752664 -0.20979681
vn -0.02066314 0.97752663 -0.20979684
vn 0.24311049 0.54644535 -0.80143294
vn 0.24311060 0.54644535 -0.80143292
vn 0.24311049 0.54644535 -0.80143295
vn 0.24311061 0.54644535 -0.80143292
vn 0.39478720 0.54645987 -0.73859642
vn 0.39478756 0.54645984 -0.73859625
vn 0.39478720 0.54645987 -0.73859643
vn 0.39478760 0.54645984 -0.73859623
vn 0.53128950 0.54647125 -0.64737982
vn 0.53128940 0.54647126 -0.64737990
vn 0.53128951 0.54647125 -0.64737982
vn 0.53128939 0.54647126 -0.64737991
vn 0.54379934 0.52947923 -0.65110216
vn 0.64595022 0.54632758 -0.53317398
vn 0.55239009 0.53129176 -0.64233500
vn 0.64737373 0.54647920 -0.53128875
vn 0.85539007 0.48243626 0.18858174
vn 0.74450046 0.54405308 -0.38694356
vn 0.85686640 0.48913465 0.16287196
vn 0.74031584 0.54345956 -0.39570717
vn 0.49072820 0.48913514 -0.72106355
vn 0.80005135 0.54405310 -0.25283208
vn 0.47150473 0.48243678 -0.73819919
vn 0.80328919 0.54345959 -0.24367633
vn 0.83374191 0.54666650 0.07765417
vn 0.83552228 0.54361300 -0.07992130
vn 0.83467413 0.54692911 0.06471197
vn 0.83539039 0.54346373 -0.08228043
vn 0.80142390 0.54646016 0.24310702
vn 0.80142389 0.54646015 0.24310708
vn 0.80142390 0.54646016 0.24310701
vn 0.80142389 0.54646015 0.24310709
vn 0.20173436 0.97752668 0.06119513
vn 0.20173436 0.97752668 0.06119512
vn 0.20173436 0.97752668 0.06119514
vn 0.20173436 0.97752668 0.06119511
vn 0.73860443 0.54644579 0.39479170
vn 0.73860379 0.54644570 0.39479303
vn 0.73860444 0.54644579 0.39479168
vn 0.73860374 0.54644569 0.39479314
vn 0.64740094 0.54642877 0.53130746
vn 0.64740114 0.54642879 0.53130720
vn 0.64740094 0.54642877 0.53130746
vn 0.64740116 0.54642879 0.53130717
vn 0.53131669 0.54640993 0.64740927
vn 0.53131686 0.54640992 0.64740914
vn 0.53131670 0.54640993 0.64740926
vn 0.53131687 0.54640992 0.64740913
vn 0.39480951 0.54638972 0.73863639
vn 0.39480846 0.54638980 0.73863690
vn 0.39480942 0.54638973 0.73863643
vn 0.39480844 0.54638980 0.73863691
vn 0.24312569 0.54636934 0.80148016
vn 0.24312703 0.54636926 0.80147981
vn 0.24312580 0.54636934 0.80148013
vn 0.24312705 0.54636925 0.80147980
vn 0.08209725 0.54634917 0.83352422
vn 0.08209619 0.54634923 0.83352428
vn 0.08209716 0.54634917 0.83352423
vn 0.08209617 0.54634923 0.83352428
vn -0.08209656 0.54633028 0.83353667
vn -0.08209640 0.54633029 0.83353668
vn -0.08209656 0.54633028 0.83353667
vn -0.08209639 0.54633029 0.83353668
vn -0.24313621 0.54631322 0.80151522
vn -0.24313595 0.54631324 0.80151528
vn -0.24313622 0.54631322 0.80151522
vn -0.24313593 0.54631324 0.80151529
vn -0.39483717 0.54629873 0.73868891
vn -0.39483781 0.54629869 0.73868860
vn -0.39483716 0.54629873 0.73868891
vn -0.39483786 0.54629868 0.73868858
vn -0.53136684 0.54628729 0.64747161
vn -0.53136710 0.54628726 0.64747141
vn -0.53136683 0.54628729 0.64747161
vn -0.53136713 0.54628726 0.64747139
vn -0.64747633 0.54627934 0.53136926
vn -0.64747646 0.54627935 0.53136909
vn -0.64747634 0.54627934 0.53136925
vn -0.64747646 0.54627935 0.53136909
vn -0.73870183 0.54627527 0.39484545
vn -0.73870205 0.54627530 0.39484501
vn -0.73870185 0.54627527 0.39484541
vn -0.73870205 0.54627530 0.39484500
vn -0.80153891 0.54627536 0.24314319
vn -0.80153873 0.54627531 0.24314388
vn -0.80153890 0.54627535 0.24314325
vn -0.80153873 0.54627531 0.24314389
vn -0.83356989 0.54627933 0.08209833
vn -0.83356984 0.54627928 0.08209917
vn -0.83356988 0.54627933 0.08209840
vn -0.83356984 0.54627928 0.08209918
vn -0.83356475 0.54628702 -0.08209935
vn -0.83356483 0.54628711 -0.08209794
vn -0.83356475 0.54628702 -0.08209938
vn -0.83356483 0.54628712 -0.08209781
vn -0.80152446 0.54629841 -0.24313901
vn -0.80152416 0.54629833 -0.24314018
vn -0.80152447 0.54629841 -0.24313899
vn -0.80152414 0.54629833 -0.24314028
vn -0.73868061 0.54631290 -0.39483309
vn -0.73868065 0.54631291 -0.39483300
vn -0.73868061 0.54631290 -0.39483309
vn -0.73868066 0.54631291 -0.39483299
vn -0.64745006 0.54632985 -0.53134933
vn -0.64745040 0.54632989 -0.53134888
vn -0.64745006 0.54632985 -0.53134934
vn -0.64745043 0.54632989 -0.53134884
vn -0.53134162 0.54634871 -0.64744048
vn -0.53134124 0.54634874 -0.64744076
vn -0.53134158 0.54634871 -0.64744050
vn -0.53134124 0.54634874 -0.64744077
vn -0.39481530 0.54636874 -0.73864882
vn -0.39481484 0.54636878 -0.73864904
vn -0.39481526 0.54636875 -0.73864884
vn -0.39481483 0.54636878 -0.73864904
vn 0.08208899 0.54642831 -0.83347315
vn 0.08208858 0.54642834 -0.83347318
vn 0.08208899 0.54642831 -0.83347315
vn 0.08208854 0.54642834 -0.83347318
vn -0.71710633 -0.58209867 0.38330099
vn -0.71710711 -0.58209719 0.38330178
vn -0.71710723 -0.58209697 0.38330190
vn -0.71710622 -0.58209888 0.38330088
vn 0.80920501 -0.58209561 0.07969914
vn 0.80920456 -0.58209626 0.07969895
vn 0.80920508 -0.58209551 0.07969917
vn 0.80920450 -0.58209635 0.07969892
vn -0.77810671 -0.58209702 0.23603602
vn -0.77810683 -0.58209683 0.23603611
vn -0.77810685 -0.58209680 0.23603612
vn -0.77810669 -0.58209705 0.23603601
vn 0.77810746 -0.58209622 0.23603550
vn 0.77810806 -0.58209526 0.23603591
vn 0.77810737 -0.58209637 0.23603544
vn 0.77810815 -0.58209513 0.23603596
vn -0.80920393 -0.58209702 0.07969975
vn -0.80920351 -0.58209763 0.07969957
vn -0.80920345 -0.58209772 0.07969954
vn -0.80920399 -0.58209694 0.07969977
vn 0.71710850 -0.58209542 0.38330186
vn 0.71710853 -0.58209537 0.38330189
vn 0.71710853 -0.58209537 0.38330189
vn 0.71710850 -0.58209542 0.38330186
vn -0.80920356 -0.58209756 -0.07969964
vn -0.80920426 -0.58209654 -0.07969993
vn -0.80920345 -0.58209771 -0.07969959
vn -0.80920436 -0.58209640 -0.07969998
vn 0.62855093 -0.58209518 0.51583808
vn 0.62855091 -0.58209525 0.51583804
vn 0.62855091 -0.58209524 0.51583804
vn 0.62855094 -0.58209518 0.51583808
vn -0.77810722 -0.58209643 -0.23603581
vn -0.77810665 -0.58209735 -0.23603542
vn -0.77810672 -0.58209724 -0.23603547
vn -0.77810730 -0.58209630 -0.23603586
vn 0.51583870 -0.58209540 0.62855022
vn 0.51583834 -0.58209597 0.62854998
vn 0.51583829 -0.58209606 0.62854995
vn 0.51583875 -0.58209532 0.62855025
vn -0.71710741 -0.58209698 -0.38330154
vn -0.71710714 -0.58209750 -0.38330127
vn -0.71710717 -0.58209743 -0.38330130
vn -0.71710744 -0.58209692 -0.38330157
vn 0.38330259 -0.58209578 0.71710782
vn 0.38330234 -0.58209624 0.71710758
vn 0.38330230 -0.58209631 0.71710754
vn 0.38330262 -0.58209572 0.71710786
vn 0.07969877 -0.58209905 -0.80920257
vn 0.07969967 -0.58209594 -0.80920472
vn 0.07969863 -0.58209952 -0.80920225
vn 0.07969979 -0.58209551 -0.80920502
vn -0.62855054 -0.58209511 -0.51583864
vn -0.62854975 -0.58209702 -0.51583745
vn -0.62854985 -0.58209677 -0.51583761
vn -0.62855064 -0.58209488 -0.51583879
vn 0.23603624 -0.58209637 0.77810713
vn 0.23603629 -0.58209625 0.77810721
vn 0.23603630 -0.58209623 0.77810722
vn 0.23603624 -0.58209639 0.77810712
vn 0.23603492 -0.58209574 -0.77810800
vn 0.23603451 -0.58209672 -0.77810740
vn 0.23603498 -0.58209559 -0.77810809
vn 0.23603445 -0.58209686 -0.77810731
vn -0.51583860 -0.58209500 -0.62855067
vn -0.51583806 -0.58209587 -0.62855031
vn -0.51583798 -0.58209601 -0.62855025
vn -0.51583868 -0.58209488 -0.62855072
vn 0.07970045 -0.58209644 0.80920428
vn 0.07970016 -0.58209743 0.80920360
vn 0.07970012 -0.58209757 0.80920350
vn 0.07970049 -0.58209631 0.80920438
vn 0.38330100 -0.58209676 -0.71710788
vn 0.38330092 -0.58209691 -0.71710779
vn 0.38330093 -0.58209689 -0.71710780
vn 0.38330101 -0.58209674 -0.71710789
vn -0.38330191 -0.58209625 -0.71710780
vn -0.38330175 -0.58209654 -0.71710765
vn -0.38330173 -0.58209659 -0.71710763
vn -0.38330193 -0.58209621 -0.71710783
vn -0.07969943 -0.58209749 0.80920363
vn -0.07969962 -0.58209685 0.80920407
vn -0.07969960 -0.58209693 0.80920402
vn -0.07969941 -0.58209757 0.80920357
vn 0.51583821 -0.58209452 -0.62855144
vn 0.51583665 -0.58209702 -0.62855040
vn 0.51583685 -0.58209670 -0.62855054
vn 0.51583840 -0.58209422 -0.62855156
vn -0.23603578 -0.58209647 -0.77810720
vn -0.23603625 -0.58209536 -0.77810789
vn -0.23603632 -0.58209519 -0.77810799
vn -0.23603571 -0.58209663 -0.77810710
vn -0.23603594 -0.58209666 0.77810700
vn -0.23603646 -0.58209542 0.77810778
vn -0.23603640 -0.58209557 0.77810768
vn -0.23603587 -0.58209683 0.77810690
vn 0.62855009 -0.58209469 -0.51583967
vn 0.62854927 -0.58209667 -0.51583843
vn 0.62854914 -0.58209697 -0.51583824
vn 0.62855020 -0.58209441 -0.51583984
vn -0.07970048 -0.58209553 -0.80920494
vn -0.07969949 -0.58209895 -0.80920257
vn -0.07969934 -0.58209947 -0.80920221
vn -0.07970062 -0.58209504 -0.80920527
vn -0.38330223 -0.58209498 0.71710866
vn -0.38330196 -0.58209550 0.71710839
vn -0.38330199 -0.58209543 0.71710843
vn -0.38330227 -0.58209492 0.71710870
vn 0.71710708 -0.58209690 -0.38330227
vn 0.71710727 -0.58209654 -0.38330246
vn 0.71710730 -0.58209649 -0.38330249
vn 0.71710705 -0.58209696 -0.38330224
vn -0.51583843 -0.58209523 0.62855060
vn -0.51583855 -0.58209504 0.62855068
vn -0.51583853 -0.58209506 0.62855067
vn -0.51583841 -0.58209525 0.62855059
vn 0.77810678 -0.58209641 -0.23603731
vn 0.77810766 -0.58209499 -0.23603791
vn 0.77810779 -0.58209478 -0.23603800
vn 0.77810665 -0.58209661 -0.23603723
vn -0.62855017 -0.58209562 0.51583852
vn -0.62854919 -0.58209798 0.51583705
vn -0.62854904 -0.58209833 0.51583682
vn -0.62855030 -0.58209528 0.51583873
vn 0.80920541 -0.58209490 -0.07970024
vn 0.80920503 -0.58209545 -0.07970008
vn 0.80920498 -0.58209553 -0.07970006
vn 0.80920546 -0.58209483 -0.07970027
vn 0.83344498 0.54647148 0.08208761
vn 0.83344504 0.54647154 0.08208664
vn 0.83344498 0.54647148 0.08208763
vn 0.83344504 0.54647155 0.08208656
vn -0.00000010 -1.00000000 0.00000001
vn -0.00000007 -1.00000000 0.00000020
vn -0.00000002 -1.00000000 0.00000015
vn 0.00000003 -1.00000000 0.00000002
vn -0.00000002 -1.00000000 0.00000012
vn -0.00000002 -1.00000000 0.00000018
vn -0.00000003 -1.00000000 0.00000022
vn -0.00000022 -1.00000000 0.00000016
vn 0.00000013 -1.00000000 0.00000030
vn -0.00000003 -1.00000000 0.00000009
vn 0.00000003 -1.00000000 0.00000031
vn 0.00000001 -1.00000000 0.00000029
vn 0.00000003 -1.00000000 0.00000043
vn -0.00000000 -1.00000000 0.00000017
vn 0.00000001 -1.00000000 0.00000008
vn -0.00000000 -1.00000000 0.00000017
vn 0.00000000 -1.00000000 0.00000017
vn 0.00000000 -1.00000000 0.00000017
vn -0.00000005 -1.00000000 0.00000010
vn 0.00000002 -1.00000000 0.00000009
vn 0.00000004 -1.00000000 -0.00000001
vn 0.00000003 -1.00000000 0.00000018
vn -0.00000015 -1.00000000 0.00000017
vn -0.00000008 -1.00000000 0.00000026
vn -0.00000019 -1.00000000 0.00000037
vn -0.00000009 -1.00000000 0.00000016
vn 0.00000010 -1.00000000 0.00000020
vn 0.00000007 -1.00000000 0.00000028
vn 0.00000009 -1.00000000 0.00000027
vn 0.00000015 -1.00000000 0.00000007
vn 0.00000007 -1.00000000 0.00000012
vn 0.00000009 -1.00000000 0.00000019
vn -0.00000000 -1.00000000 0.00000017
vn 0.00000000 -1.00000000 0.00000039
vn -0.03975335 -0.91405893 0.40362847
vn -0.03975338 -0.91405892 0.40362849
vn -0.03975321 -0.91405899 0.40362835
vn -0.03975354 -0.91405885 0.40362863
vn -0.06100793 -0.78267593 0.61943234
vn -0.06100795 -0.78267592 0.61943235
vn -0.06100801 -0.78267589 0.61943238
vn -0.06100786 -0.78267596 0.61943230
vn -0.07834077 -0.60097971 0.79541568
vn -0.07834087 -0.60097965 0.79541572
vn -0.07834121 -0.60097943 0.79541585
vn -0.07834045 -0.60097990 0.79541557
vn -0.11773329 -0.91405887 0.38811757
vn -0.11773324 -0.91405889 0.38811754
vn -0.11773359 -0.91405876 0.38811773
vn -0.11773291 -0.91405901 0.38811736
vn -0.18068021 -0.78267593 0.59562828
vn -0.18068020 -0.78267593 0.59562828
vn -0.18068019 -0.78267594 0.59562827
vn -0.18068022 -0.78267593 0.59562828
vn -0.23201236 -0.60098003 0.76484853
vn -0.23201231 -0.60098006 0.76484852
vn -0.23201216 -0.60098015 0.76484849
vn -0.23201253 -0.60097993 0.76484855
vn -0.19118943 -0.91405883 0.35769130
vn -0.19118944 -0.91405884 0.35769126
vn -0.19118951 -0.91405892 0.35769102
vn -0.19118937 -0.91405876 0.35769151
vn -0.29341077 -0.78267605 0.54893380
vn -0.29341076 -0.78267604 0.54893383
vn -0.29341084 -0.78267611 0.54893368
vn -0.29341070 -0.78267598 0.54893394
vn -0.37676990 -0.60098003 0.70488825
vn -0.37676998 -0.60097999 0.70488824
vn -0.37677022 -0.60097985 0.70488823
vn -0.37676964 -0.60098019 0.70488826
vn -0.25729779 -0.91405892 0.31351896
vn -0.25729779 -0.91405892 0.31351895
vn -0.25729780 -0.91405893 0.31351892
vn -0.25729779 -0.91405891 0.31351899
vn -0.39486461 -0.78267602 0.48114467
vn -0.39486461 -0.78267602 0.48114466
vn -0.39486459 -0.78267599 0.48114473
vn -0.39486463 -0.78267604 0.48114461
vn -0.50704735 -0.60097979 0.61784002
vn -0.50704735 -0.60097978 0.61784001
vn -0.50704738 -0.60097977 0.61784001
vn -0.50704732 -0.60097980 0.61784002
vn -0.31351796 -0.91405885 0.25729923
vn -0.31351792 -0.91405887 0.25729924
vn -0.31351822 -0.91405877 0.25729921
vn -0.31351763 -0.91405896 0.25729926
vn -0.48114294 -0.78267613 0.39486649
vn -0.48114289 -0.78267615 0.39486651
vn -0.48114270 -0.78267624 0.39486656
vn -0.48114315 -0.78267603 0.39486643
vn -0.61783803 -0.60097983 0.50704971
vn -0.61783805 -0.60097986 0.50704966
vn -0.61783804 -0.60097984 0.50704970
vn -0.61783802 -0.60097980 0.50704975
vn -0.35769114 -0.91405877 0.19119001
vn -0.35769114 -0.91405876 0.19119002
vn -0.35769116 -0.91405874 0.19119009
vn -0.35769112 -0.91405879 0.19118995
vn -0.54893329 -0.78267624 0.29341123
vn -0.54893328 -0.78267625 0.29341121
vn -0.54893330 -0.78267619 0.29341134
vn -0.54893328 -0.78267629 0.29341111
vn -0.70488789 -0.60098012 0.37677043
vn -0.70488788 -0.60097989 0.37677083
vn -0.70488789 -0.60098006 0.37677053
vn -0.70488790 -0.60098031 0.37677010
vn -0.38811734 -0.91405877 0.11773487
vn -0.38811735 -0.91405876 0.11773486
vn -0.38811729 -0.91405879 0.11773490
vn -0.38811742 -0.91405874 0.11773483
vn -0.59562728 -0.78267612 0.18068268
vn -0.59562731 -0.78267611 0.18068266
vn -0.59562742 -0.78267604 0.18068257
vn -0.59562716 -0.78267619 0.18068278
vn -0.76484732 -0.60098046 0.23201524
vn -0.76484735 -0.60098033 0.23201546
vn -0.76484733 -0.60098042 0.23201529
vn -0.76484729 -0.60098056 0.23201506
vn -0.40362854 -0.91405885 0.03975448
vn -0.40362853 -0.91405886 0.03975449
vn -0.40362867 -0.91405880 0.03975438
vn -0.40362842 -0.91405890 0.03975458
vn -0.61943198 -0.78267612 0.06100916
vn -0.61943189 -0.78267620 0.06100899
vn -0.61943197 -0.78267613 0.06100913
vn -0.61943205 -0.78267605 0.06100928
vn -0.79541528 -0.60097998 0.07834283
vn -0.79541490 -0.60098061 0.07834182
vn -0.79541518 -0.60098014 0.07834258
vn -0.79541559 -0.60097946 0.07834368
vn -0.40362844 -0.91405893 -0.03975377
vn -0.40362839 -0.91405895 -0.03975381
vn -0.40362844 -0.91405893 -0.03975376
vn -0.40362849 -0.91405891 -0.03975373
vn -0.61943205 -0.78267612 -0.06100840
vn -0.61943216 -0.78267604 -0.06100826
vn -0.61943207 -0.78267611 -0.06100838
vn -0.61943197 -0.78267618 -0.06100850
vn -0.79541536 -0.60098003 -0.07834163
vn -0.79541544 -0.60097990 -0.07834183
vn -0.79541569 -0.60097947 -0.07834252
vn -0.79541513 -0.60098041 -0.07834100
vn -0.38811760 -0.91405890 -0.11773301
vn -0.38811762 -0.91405888 -0.11773305
vn -0.38811748 -0.91405898 -0.11773280
vn -0.38811773 -0.91405881 -0.11773324
vn -0.59562797 -0.78267620 -0.18068009
vn -0.59562798 -0.78267618 -0.18068013
vn -0.59562804 -0.78267609 -0.18068031
vn -0.59562792 -0.78267627 -0.18067993
vn -0.76484831 -0.60098039 -0.23201214
vn -0.76484832 -0.60098036 -0.23201220
vn -0.76484835 -0.60098025 -0.23201237
vn -0.76484828 -0.60098050 -0.23201195
vn -0.35769117 -0.91405886 -0.19118948
vn -0.35769124 -0.91405884 -0.19118946
vn -0.35769116 -0.91405887 -0.19118948
vn -0.35769109 -0.91405889 -0.19118951
vn -0.54893333 -0.78267641 -0.29341069
vn -0.54893349 -0.78267633 -0.29341061
vn -0.54893336 -0.78267640 -0.29341067
vn -0.54893320 -0.78267648 -0.29341076
vn -0.70488809 -0.60098015 -0.37677001
vn -0.70488809 -0.60098009 -0.37677011
vn -0.70488807 -0.60097992 -0.37677041
vn -0.70488810 -0.60098034 -0.37676969
vn -0.31351883 -0.91405893 -0.25729791
vn -0.31351881 -0.91405894 -0.25729791
vn -0.31351871 -0.91405897 -0.25729792
vn -0.31351893 -0.91405890 -0.25729790
vn -0.48114412 -0.78267642 -0.39486448
vn -0.48114411 -0.78267642 -0.39486448
vn -0.48114414 -0.78267641 -0.39486447
vn -0.48114409 -0.78267643 -0.39486449
vn -0.61783974 -0.60097990 -0.50704755
vn -0.61783973 -0.60097989 -0.50704756
vn -0.61783972 -0.60097986 -0.50704761
vn -0.61783975 -0.60097993 -0.50704749
vn -0.25729888 -0.91405886 -0.31351824
vn -0.25729888 -0.91405888 -0.31351818
vn -0.25729885 -0.91405875 -0.31351858
vn -0.25729892 -0.91405900 -0.31351780
vn -0.39486613 -0.78267637 -0.48114284
vn -0.39486611 -0.78267634 -0.48114291
vn -0.39486603 -0.78267623 -0.48114316
vn -0.39486622 -0.78267651 -0.48114256
vn -0.50704889 -0.60098039 -0.61783816
vn -0.50704962 -0.60097996 -0.61783798
vn -0.50704907 -0.60098028 -0.61783811
vn -0.50704829 -0.60098075 -0.61783830
vn -0.19118938 -0.91405893 -0.35769105
vn -0.19118929 -0.91405896 -0.35769102
vn -0.19118870 -0.91405916 -0.35769083
vn -0.19118991 -0.91405876 -0.35769122
vn -0.29341009 -0.78267618 -0.54893399
vn -0.29341007 -0.78267619 -0.54893399
vn -0.29341017 -0.78267614 -0.54893399
vn -0.29341000 -0.78267622 -0.54893398
vn -0.37676955 -0.60098058 -0.70488797
vn -0.37676925 -0.60098076 -0.70488798
vn -0.37676947 -0.60098062 -0.70488797
vn -0.37676980 -0.60098044 -0.70488796
vn -0.11773431 -0.91405907 -0.38811679
vn -0.11773432 -0.91405908 -0.38811677
vn -0.11773424 -0.91405903 -0.38811692
vn -0.11773439 -0.91405913 -0.38811663
vn -0.18068226 -0.78267614 -0.59562739
vn -0.18068227 -0.78267614 -0.59562738
vn -0.18068231 -0.78267618 -0.59562732
vn -0.18068221 -0.78267610 -0.59562745
vn -0.23201455 -0.60098051 -0.76484749
vn -0.23201470 -0.60098042 -0.76484751
vn -0.23201459 -0.60098048 -0.76484749
vn -0.23201443 -0.60098058 -0.76484747
vn -0.03975428 -0.91405901 -0.40362821
vn -0.03975428 -0.91405901 -0.40362820
vn -0.03975423 -0.91405898 -0.40362826
vn -0.03975433 -0.91405904 -0.40362814
vn -0.06100942 -0.78267620 -0.61943185
vn -0.06100941 -0.78267619 -0.61943186
vn -0.06100937 -0.78267617 -0.61943189
vn -0.06100946 -0.78267622 -0.61943182
vn -0.07834272 -0.60098047 -0.79541492
vn -0.07834248 -0.60098062 -0.79541483
vn -0.07834266 -0.60098051 -0.79541490
vn -0.07834292 -0.60098035 -0.79541499
vn 0.03975390 -0.91405900 -0.40362826
vn 0.03975390 -0.91405900 -0.40362825
vn 0.03975393 -0.91405902 -0.40362822
vn 0.03975387 -0.91405899 -0.40362829
vn 0.06100906 -0.78267636 -0.61943168
vn 0.06100900 -0.78267633 -0.61943173
vn 0.06100935 -0.78267653 -0.61943144
vn 0.06100875 -0.78267618 -0.61943194
vn 0.07834219 -0.60098015 -0.79541521
vn 0.07834211 -0.60098020 -0.79541518
vn 0.07834184 -0.60098037 -0.79541508
vn 0.07834243 -0.60098000 -0.79541530
vn 0.11773385 -0.91405901 -0.38811707
vn 0.11773385 -0.91405901 -0.38811707
vn 0.11773384 -0.91405902 -0.38811707
vn 0.11773385 -0.91405901 -0.38811708
vn 0.18068102 -0.78267631 -0.59562754
vn 0.18068094 -0.78267635 -0.59562751
vn 0.18068056 -0.78267652 -0.59562740
vn 0.18068135 -0.78267616 -0.59562764
vn 0.23201329 -0.60098021 -0.76484810
vn 0.23201316 -0.60098029 -0.76484808
vn 0.23201276 -0.60098052 -0.76484802
vn 0.23201372 -0.60097995 -0.76484817
vn 0.19118928 -0.91405896 -0.35769104
vn 0.19118932 -0.91405894 -0.35769105
vn 0.19118901 -0.91405905 -0.35769095
vn 0.19118956 -0.91405886 -0.35769113
vn 0.29341036 -0.78267624 -0.54893374
vn 0.29341039 -0.78267623 -0.54893375
vn 0.29341053 -0.78267617 -0.54893376
vn 0.29341024 -0.78267630 -0.54893373
vn 0.37676998 -0.60098068 -0.70488765
vn 0.37676992 -0.60098072 -0.70488765
vn 0.37676971 -0.60098084 -0.70488766
vn 0.37677021 -0.60098055 -0.70488764
vn 0.25729858 -0.91405889 -0.31351840
vn 0.25729857 -0.91405885 -0.31351852
vn 0.25729858 -0.91405890 -0.31351838
vn 0.25729859 -0.91405894 -0.31351825
vn 0.39486540 -0.78267638 -0.48114342
vn 0.39486534 -0.78267629 -0.48114363
vn 0.39486539 -0.78267636 -0.48114346
vn 0.39486546 -0.78267647 -0.48114324
vn 0.50704795 -0.60098056 -0.61783877
vn 0.50704808 -0.60098048 -0.61783874
vn 0.50704848 -0.60098024 -0.61783865
vn 0.50704751 -0.60098082 -0.61783888
vn 0.31351914 -0.91405891 -0.25729760
vn 0.31351914 -0.91405889 -0.25729767
vn 0.31351913 -0.91405892 -0.25729759
vn 0.31351913 -0.91405894 -0.25729751
vn 0.48114471 -0.78267631 -0.39486399
vn 0.48114472 -0.78267636 -0.39486387
vn 0.48114471 -0.78267632 -0.39486396
vn 0.48114470 -0.78267626 -0.39486409
vn 0.61784007 -0.60098001 -0.50704701
vn 0.61784011 -0.60098011 -0.50704685
vn 0.61784008 -0.60098004 -0.50704697
vn 0.61784004 -0.60097993 -0.50704714
vn 0.35769078 -0.91405888 -0.19119017
vn 0.35769081 -0.91405887 -0.19119016
vn 0.35769057 -0.91405894 -0.19119023
vn 0.35769099 -0.91405881 -0.19119011
vn 0.54893294 -0.78267627 -0.29341181
vn 0.54893295 -0.78267626 -0.29341181
vn 0.54893298 -0.78267625 -0.29341179
vn 0.54893291 -0.78267628 -0.29341183
vn 0.70488747 -0.60098013 -0.37677119
vn 0.70488746 -0.60097992 -0.37677156
vn 0.70488747 -0.60098008 -0.37677128
vn 0.70488749 -0.60098031 -0.37677089
vn 0.38811755 -0.91405880 -0.11773395
vn 0.38811755 -0.91405880 -0.11773395
vn 0.38811755 -0.91405880 -0.11773395
vn 0.38811755 -0.91405880 -0.11773395
vn 0.59562737 -0.78267643 -0.18068107
vn 0.59562739 -0.78267640 -0.18068113
vn 0.59562729 -0.78267656 -0.18068078
vn 0.59562747 -0.78267628 -0.18068138
vn 0.76484809 -0.60098017 -0.23201344
vn 0.76484805 -0.60098032 -0.23201319
vn 0.76484808 -0.60098021 -0.23201337
vn 0.76484812 -0.60098005 -0.23201364
vn 0.40362854 -0.91405889 -0.03975347
vn 0.40362851 -0.91405891 -0.03975343
vn 0.40362826 -0.91405903 -0.03975313
vn 0.40362877 -0.91405878 -0.03975373
vn 0.61943188 -0.78267628 -0.06100812
vn 0.61943184 -0.78267632 -0.06100805
vn 0.61943206 -0.78267610 -0.06100847
vn 0.61943167 -0.78267647 -0.06100774
vn 0.79541551 -0.60097983 -0.07834158
vn 0.79541541 -0.60098000 -0.07834131
vn 0.79541549 -0.60097987 -0.07834152
vn 0.79541560 -0.60097969 -0.07834181
vn 0.40362827 -0.91405898 0.03975433
vn 0.40362827 -0.91405897 0.03975432
vn 0.40362832 -0.91405896 0.03975429
vn 0.40362823 -0.91405899 0.03975436
vn 0.61943203 -0.78267607 0.06100921
vn 0.61943203 -0.78267607 0.06100920
vn 0.61943202 -0.78267608 0.06100922
vn 0.61943204 -0.78267606 0.06100919
vn 0.79541550 -0.60097975 0.07834229
vn 0.79541552 -0.60097972 0.07834234
vn 0.79541558 -0.60097963 0.07834250
vn 0.79541545 -0.60097984 0.07834215
vn 0.38811738 -0.91405888 0.11773382
vn 0.38811737 -0.91405889 0.11773380
vn 0.38811747 -0.91405882 0.11773399
vn 0.38811727 -0.91405896 0.11773361
vn 0.59562777 -0.78267611 0.18068110
vn 0.59562776 -0.78267612 0.18068109
vn 0.59562774 -0.78267615 0.18068102
vn 0.59562779 -0.78267608 0.18068118
vn 0.76484837 -0.60097981 0.23201345
vn 0.76484837 -0.60097981 0.23201345
vn 0.76484837 -0.60097981 0.23201346
vn 0.76484837 -0.60097981 0.23201345
vn 0.35769108 -0.91405881 0.19118991
vn 0.35769108 -0.91405881 0.19118990
vn 0.35769109 -0.91405880 0.19118994
vn 0.35769106 -0.91405883 0.19118986
vn 0.54893332 -0.78267628 0.29341107
vn 0.54893336 -0.78267626 0.29341105
vn 0.54893315 -0.78267636 0.29341116
vn 0.54893350 -0.78267618 0.29341097
vn 0.70488808 -0.60097975 0.37677067
vn 0.70488808 -0.60097973 0.37677070
vn 0.70488807 -0.60097967 0.37677081
vn 0.70488808 -0.60097982 0.37677055
vn 0.31351869 -0.91405881 0.25729851
vn 0.31351869 -0.91405881 0.25729851
vn 0.31351863 -0.91405883 0.25729852
vn 0.31351875 -0.91405879 0.25729851
vn 0.48114397 -0.78267624 0.39486503
vn 0.48114394 -0.78267625 0.39486504
vn 0.48114411 -0.78267617 0.39486498
vn 0.48114381 -0.78267631 0.39486507
vn 0.61783937 -0.60097974 0.50704819
vn 0.61783939 -0.60097978 0.50704813
vn 0.61783943 -0.60097989 0.50704793
vn 0.61783932 -0.60097961 0.50704841
vn 0.25729845 -0.91405879 0.31351879
vn 0.25729845 -0.91405879 0.31351881
vn 0.25729846 -0.91405883 0.31351868
vn 0.25729845 -0.91405875 0.31351890
vn 0.39486507 -0.78267623 0.48114394
vn 0.39486506 -0.78267622 0.48114398
vn 0.39486501 -0.78267614 0.48114413
vn 0.39486511 -0.78267630 0.48114380
vn 0.50704800 -0.60097990 0.61783938
vn 0.50704801 -0.60097989 0.61783937
vn 0.50704800 -0.60097989 0.61783938
vn 0.50704798 -0.60097990 0.61783938
vn 0.19118954 -0.91405877 0.35769139
vn 0.19118947 -0.91405879 0.35769136
vn 0.19118955 -0.91405877 0.35769139
vn 0.19118961 -0.91405875 0.35769141
vn 0.29341033 -0.78267633 0.54893364
vn 0.29341029 -0.78267634 0.54893364
vn 0.29341032 -0.78267633 0.54893364
vn 0.29341036 -0.78267631 0.54893365
vn 0.37676957 -0.60097992 0.70488853
vn 0.37676970 -0.60097984 0.70488852
vn 0.37676960 -0.60097990 0.70488852
vn 0.37676945 -0.60097998 0.70488853
vn 0.11773385 -0.91405874 0.38811770
vn 0.11773380 -0.91405877 0.38811767
vn 0.11773386 -0.91405874 0.38811771
vn 0.11773393 -0.91405872 0.38811774
vn 0.18068141 -0.78267618 0.59562759
vn 0.18068120 -0.78267628 0.59562752
vn 0.18068137 -0.78267620 0.59562757
vn 0.18068161 -0.78267609 0.59562764
vn 0.23201400 -0.60097996 0.76484808
vn 0.23201407 -0.60097992 0.76484809
vn 0.23201402 -0.60097995 0.76484808
vn 0.23201394 -0.60098000 0.76484807
vn 0.03975387 -0.91405878 0.40362877
vn 0.03975402 -0.91405871 0.40362890
vn 0.03975384 -0.91405879 0.40362875
vn 0.03975367 -0.91405886 0.40362860
vn 0.06100845 -0.78267599 0.61943221
vn 0.06100833 -0.78267606 0.61943214
vn 0.06100843 -0.78267601 0.61943219
vn 0.06100857 -0.78267594 0.61943227
vn 0.07834192 -0.60097964 0.79541562
vn 0.07834135 -0.60097999 0.79541541
vn 0.07834178 -0.60097973 0.79541557
vn 0.07834239 -0.60097935 0.79541580
vn 0.20979659 -0.97752669 -0.02066297
vn 0.20979663 -0.97752668 -0.02066293
vn 0.20979668 -0.97752667 -0.02066286
vn 0.20979653 -0.97752670 -0.02066305
vn -0.18591956 -0.97752667 -0.09937571
vn -0.18591960 -0.97752666 -0.09937569
vn -0.18591957 -0.97752667 -0.09937571
vn -0.18591954 -0.97752667 -0.09937573
vn 0.20979666 -0.97752667 0.02066348
vn 0.20979666 -0.97752667 0.02066347
vn 0.20979665 -0.97752667 0.02066349
vn 0.20979667 -0.97752666 0.02066346
vn -0.16295985 -0.97752668 -0.13373736
vn -0.16295987 -0.97752667 -0.13373736
vn -0.16295986 -0.97752668 -0.13373736
vn -0.16295983 -0.97752668 -0.13373737
vn 0.20173429 -0.97752667 0.06119542
vn 0.20173427 -0.97752668 0.06119536
vn 0.20173423 -0.97752669 0.06119526
vn 0.20173433 -0.97752666 0.06119554
vn -0.13373787 -0.97752671 -0.16295926
vn -0.13373790 -0.97752672 -0.16295918
vn -0.13373793 -0.97752673 -0.16295904
vn -0.13373783 -0.97752669 -0.16295942
vn 0.18591925 -0.97752668 0.09937613
vn 0.18591926 -0.97752668 0.09937618
vn 0.18591927 -0.97752667 0.09937627
vn 0.18591924 -0.97752670 0.09937603
vn -0.09937589 -0.97752672 -0.18591920
vn -0.09937582 -0.97752673 -0.18591919
vn -0.09937603 -0.97752670 -0.18591922
vn -0.09937570 -0.97752674 -0.18591918
vn 0.16295963 -0.97752667 0.13373770
vn 0.16295966 -0.97752666 0.13373769
vn 0.16295958 -0.97752667 0.13373772
vn 0.16295971 -0.97752666 0.13373768
vn -0.06119554 -0.97752672 -0.20173403
vn -0.06119559 -0.97752673 -0.20173398
vn -0.06119566 -0.97752674 -0.20173388
vn -0.06119545 -0.97752670 -0.20173415
vn -0.06119521 -0.97752664 0.20173452
vn -0.06119519 -0.97752664 0.20173453
vn -0.06119523 -0.97752664 0.20173449
vn -0.06119517 -0.97752663 0.20173456
vn 0.13373753 -0.97752665 0.16295986
vn 0.13373754 -0.97752666 0.16295981
vn 0.13373757 -0.97752667 0.16295970
vn 0.13373750 -0.97752664 0.16295995
vn -0.02066329 -0.97752675 -0.20979630
vn -0.02066328 -0.97752675 -0.20979630
vn -0.02066327 -0.97752674 -0.20979631
vn -0.02066330 -0.97752675 -0.20979628
vn -0.09937566 -0.97752664 0.18591973
vn -0.09937567 -0.97752664 0.18591972
vn -0.09937565 -0.97752664 0.18591976
vn -0.09937568 -0.97752664 0.18591970
vn 0.09937588 -0.97752664 0.18591964
vn 0.09937584 -0.97752664 0.18591963
vn 0.09937587 -0.97752664 0.18591964
vn 0.09937589 -0.97752663 0.18591964
vn 0.02066302 -0.97752675 -0.20979632
vn 0.02066302 -0.97752675 -0.20979632
vn 0.02066302 -0.97752675 -0.20979632
vn 0.02066302 -0.97752675 -0.20979633
vn -0.13373749 -0.97752664 0.16295995
vn -0.13373748 -0.97752664 0.16295996
vn -0.13373750 -0.97752665 0.16295992
vn -0.13373748 -0.97752664 0.16295998
vn 0.06119535 -0.97752667 0.20173434
vn 0.06119557 -0.97752664 0.20173441
vn 0.06119544 -0.97752666 0.20173437
vn 0.06119519 -0.97752669 0.20173429
vn 0.06119542 -0.97752674 -0.20173397
vn 0.06119540 -0.97752674 -0.20173397
vn 0.06119536 -0.97752675 -0.20173395
vn 0.06119545 -0.97752673 -0.20173398
vn -0.16295939 -0.97752665 0.13373813
vn -0.16295940 -0.97752665 0.13373813
vn -0.16295942 -0.97752665 0.13373812
vn -0.16295937 -0.97752665 0.13373814
vn -0.02066273 -0.97752663 0.20979689
vn -0.02066273 -0.97752663 0.20979690
vn -0.02066274 -0.97752663 0.20979690
vn -0.02066271 -0.97752663 0.20979689
vn 0.09937582 -0.97752673 -0.18591919
vn 0.09937579 -0.97752673 -0.18591919
vn 0.09937575 -0.97752674 -0.18591918
vn 0.09937586 -0.97752672 -0.18591920
vn -0.18591937 -0.97752666 0.09937613
vn -0.18591937 -0.97752666 0.09937616
vn -0.18591936 -0.97752667 0.09937608
vn -0.18591937 -0.97752665 0.09937620
vn 0.13373764 -0.97752672 -0.16295936
vn 0.13373764 -0.97752672 -0.16295938
vn 0.13373764 -0.97752672 -0.16295937
vn 0.13373765 -0.97752672 -0.16295935
vn -0.20173424 -0.97752666 0.06119583
vn -0.20173421 -0.97752666 0.06119585
vn -0.20173416 -0.97752667 0.06119589
vn -0.20173428 -0.97752665 0.06119579
vn 0.16295973 -0.97752672 -0.13373717
vn 0.16295972 -0.97752671 -0.13373728
vn 0.16295973 -0.97752672 -0.13373721
vn 0.16295974 -0.97752673 -0.13373708
vn -0.20979654 -0.97752668 0.02066376
vn -0.20979659 -0.97752668 0.02066370
vn -0.20979669 -0.97752666 0.02066359
vn -0.20979646 -0.97752670 0.02066385
vn 0.18591920 -0.97752672 -0.09937587
vn 0.18591924 -0.97752671 -0.09937585
vn 0.18591931 -0.97752670 -0.09937582
vn 0.18591913 -0.97752673 -0.09937591
vn -0.20979654 -0.97752670 -0.02066296
vn -0.20979657 -0.97752670 -0.02066293
vn -0.20979650 -0.97752671 -0.02066301
vn -0.20979662 -0.97752669 -0.02066287
vn 0.20173420 -0.97752670 -0.06119523
vn 0.20173420 -0.97752670 -0.06119525
vn 0.20173418 -0.97752671 -0.06119519
vn 0.20173421 -0.97752670 -0.06119527
vn 0.02066305 -0.97752665 0.20979678
vn 0.02066285 -0.97752668 0.20979666
vn 0.02066297 -0.97752666 0.20979673
vn 0.02066320 -0.97752663 0.20979686
vn -0.20173439 -0.97752667 -0.06119513
vn -0.20173437 -0.97752668 -0.06119507
vn -0.20173433 -0.97752669 -0.06119495
vn -0.20173442 -0.97752666 -0.06119523
f 1//1 2//2 3//3
f 2//2 1//1 4//4
f 5//5 6//6 7//7
f 8//8 7//7 6//6
f 9//9 10//10 11//11
f 10//10 9//9 12//12
f 13//13 14//14 15//15
f 16//16 14//14 13//13
f 17//17 18//18 19//19
f 20//20 19//19 18//18
f 21//21 22//22 23//23
f 23//23 24//24 21//21
f 25//25 26//26 27//27
f 28//28 27//27 26//26
f 29//29 30//30 31//31
f 30//30 29//29 32//32
f 33//33 34//34 35//35
f 34//34 33//33 36//36
f 37//37 38//38 39//39
f 38//38 37//37 40//40
f 41//41 42//42 43//43
f 42//42 41//41 44//44
f 45//45 46//46 47//47
f 48//48 46//46 45//45
f 49//49 50//50 51//51
f 52//52 51//51 50//50
f 53//53 54//54 55//55
f 55//55 56//56 53//53
f 57//57 58//58 59//59
f 60//60 59//59 58//58
f 61//61 62//62 63//63
f 62//62 61//61 64//64
f 65//65 66//66 67//67
f 68//68 66//66 65//65
f 69//69 70//70 71//71
f 72//72 70//70 69//69
f 73//73 74//74 75//75
f 76//76 74//74 73//73
f 77//77 78//78 79//79
f 80//80 78//78 77//77
f 81//81 82//82 83//83
f 84//84 83//83 82//82
f 85//85 86//86 87//87
f 86//86 85//85 88//88
f 89//89 90//90 91//91
f 92//92 91//91 90//90
f 93//93 94//94 95//95
f 94//94 93//93 96//96
f 97//97 98//98 99//99
f 100//100 98//98 97//97
f 101//101 102//102 103//103
f 104//104 102//102 101//101
f 105//105 106//106 107//107
f 108//108 106//106 105//105
f 109//109 110//110 111//111
f 112//112 110//110 109//109
f 113//113 114//114 115//115
f 116//116 115//115 114//114
f 117//117 118//118 119//119
f 118//118 117//117 120//120
f 121//121 122//122 123//123
f 123//123 122//122 124//124
f 125//125 126//126 127//127
f 126//126 125//125 128//128
f 129//129 130//130 131//131
f 132//132 130//130 129//129
f 133//133 134//134 135//135
f 136//136 134//134 133//133
f 137//137 138//138 139//139
f 140//140 138//138 137//137
f 141//141 142//142 143//143
f 144//144 142//142 141//141
f 145//145 146//146 147//147
f 147//147 148//148 145//145
f 149//149 150//150 151//151
f 152//152 151//151 150//150
f 153//153 154//154 155//155
f 154//154 153//153 156//156
f 157//157 158//158 159//159
f 160//160 159//159 158//158
f 161//161 162//162 163//163
f 164//164 162//162 161//161
f 165//165 166//166 167//167
f 168//168 166//166 165//165
f 169//169 170//170 171//171
f 172//172 170//170 169//169
f 173//173 174//174 175//175
f 176//176 174//174 173//173
f 177//177 178//178 179//179
f 180//180 179//179 178//178
f 181//181 182//182 183//183
f 182//182 181//181 184//184
f 185//185 186//186 187//187
f 188//188 187//187 186//186
f 189//189 190//190 191//191
f 191//191 192//192 189//189
f 193//193 194//194 195//195
f 196//196 194//194 193//193
f 197//197 198//198 199//199
f 200//200 198//198 197//197
f 201//201 202//202 203//203
f 202//202 201//201 204//204
f 205//205 206//206 207//207
f 208//208 206//206 205//205
f 209//209 210//210 211//211
f 210//210 209//209 212//212
f 213//213 214//214 215//215
f 216//216 215//215 214//214
f 217//217 218//218 219//219
f 218//218 217//217 220//220
f 221//221 222//222 223//223
f 224//224 223//223 222//222
f 225//225 226//226 227//227
f 228//228 226//226 225//225
f 229//229 230//230 231//231
f 232//232 230//230 229//229
f 233//233 234//234 235//235
f 236//236 234//234 233//233
f 237//237 238//238 239//239
f 240//240 238//238 237//237
f 241//241 242//242 243//243
f 244//244 243//243 242//242
f 245//245 246//246 247//247
f 246//246 245//245 248//248
f 249//249 250//250 251//251
f 251//251 250//250 252//252
f 253//253 254//254 255//255
f 254//254 253//253 256//256
f 257//257 258//258 259//259
f 260//260 258//258 257//257
f 261//261 262//262 263//263
f 262//262 261//261 264//264
f 265//265 266//266 267//267
f 268//268 266//266 265//265
f 269//269 270//270 271//271
f 272//272 270//270 269//269
f 273//273 274//274 275//275
f 276//276 275//275 274//274
f 277//277 278//278 279//279
f 278//278 277//277 280//280
f 281//281 282//282 283//283
f 284//284 283//283 282//282
f 285//285 286//286 287//287
f 286//286 285//285 288//288
f 289//289 290//290 291//291
f 292//292 290//290 289//289
f 293//293 294//294 295//295
f 296//296 294//294 293//293
f 297//297 298//298 299//299
f 300//300 298//298 297//297
f 301//301 302//302 303//303
f 302//302 301//301 304//304
f 305//305 306//306 307//307
f 306//306 305//305 308//308
f 309//309 310//310 311//311
f 312//312 311//311 310//310
f 313//313 314//314 315//315
f 314//314 313//313 316//316
f 317//317 318//318 319//319
f 320//320 319//319 318//318
f 321//321 322//322 323//323
f 321//321 322//322 323//323
f 322//322 321//321 324//324
f 322//322 321//321 324//324
f 325//325 326//326 327//327
f 325//325 326//326 327//327
f 328//328 326//326 325//325
f 328//328 326//326 325//325
f 329//329 330//330 331//331
f 329//329 330//330 331//331
f 332//332 330//330 329//329
f 332//332 330//330 329//329
f 333//333 334//334 335//335
f 333//333 334//334 335//335
f 336//336 334//334 333//333
f 336//336 334//334 333//333
f 337//337 338//338 339//339
f 340//340 339//339 338//338
f 341//341 342//342 343//343
f 344//344 343//343 342//342
f 345//345 346//346 347//347
f 346//346 345//345 348//348
f 349//349 350//350 351//351
f 350//350 349//349 352//352
f 353//353 354//354 355//355
f 354//354 353//353 356//356
f 357//357 358//358 359//359
f 358//358 357//357 360//360
f 361//361 362//362 363//363
f 364//364 362//362 361//361
f 365//365 366//366 367//367
f 368//368 367//367 366//366
f 369//369 370//370 371//371
f 372//372 371//371 370//370
f 373//373 374//374 375//375
f 376//376 375//375 374//374
f 377//377 378//378 379//379
f 379//379 380//380 377//377
f 381//381 382//382 383//383
f 382//382 381//381 384//384
f 385//385 386//386 387//387
f 388//388 387//387 386//386
f 389//389 390//390 391//391
f 390//390 389//389 392//392
f 393//393 394//394 395//395
f 395//395 396//396 393//393
f 397//397 398//398 399//399
f 400//400 399//399 398//398
f 401//401 402//402 403//403
f 402//402 401//401 404//404
f 405//405 406//406 407//407
f 408//408 407//407 406//406
f 409//409 410//410 411//411
f 410//410 409//409 412//412
f 413//413 414//414 415//415
f 416//416 415//415 414//414
f 417//417 418//418 419//419
f 420//420 419//419 418//418
f 421//421 422//422 423//423
f 424//424 423//423 422//422
f 425//425 426//426 427//427
f 426//426 425//425 428//428
f 429//429 430//430 431//431
f 430//430 429//429 432//432
f 433//433 434//434 435//435
f 436//436 435//435 434//434
f 437//437 438//438 439//439
f 439//439 438//438 440//440
f 441//441 442//442 443//443
f 442//442 441//441 444//444
f 445//445 446//446 447//447
f 446//446 445//445 448//448
f 449//449 450//450 451//451
f 451//451 452//452 449//449
f 453//453 454//454 455//455
f 456//456 455//455 454//454
f 457//457 458//458 459//459
f 458//458 457//457 460//460
f 461//461 462//462 463//463
f 464//464 463//463 462//462
f 465//465 466//466 467//467
f 467//467 468//468 465//465
f 469//469 470//470 471//471
f 472//472 471//471 470//470
f 473//473 474//474 475//475
f 474//474 473//473 476//476
f 477//477 478//478 479//479
f 480//480 479//479 478//478
f 481//481 482//482 483//483
f 482//482 481//481 484//484
f 485//485 486//486 487//487
f 488//488 487//487 486//486
f 489//489 490//490 491//491
f 492//492 491//491 490//490
f 493//493 494//494 495//495
f 494//494 493//493 496//496
f 497//497 498//498 499//499
f 498//498 497//497 500//500
f 501//501 502//502 503//503
f 504//504 503//503 502//502
f 505//505 506//506 507//507
f 508//508 507//507 506//506
f 509//509 510//510 511//511
f 510//510 509//509 512//512
f 513//513 514//514 515//515
f 515//515 514//514 516//516
f 517//517 518//518 519//519
f 518//518 517//517 520//520
f 521//521 522//522 523//523
f 524//524 523//523 522//522
f 525//525 526//526 527//527
f 526//526 525//525 528//528
f 529//529 530//530 531//531
f 531//531 532//532 529//529
f 533//533 534//534 535//535
f 536//536 535//535 534//534
f 537//537 538//538 539//539
f 540//540 539//539 538//538
f 541//541 542//542 543//543
f 542//542 541//541 544//544
f 545//545 546//546 547//547
f 548//548 546//546 545//545
f 549//549 550//550 551//551
f 551//551 552//552 553//553
f 554//554 547//547 546//546
f 555//555 554//554 556//556
f 552//552 551//551 557//557
f 558//558 557//557 559//559
f 546//546 556//556 554//554
f 546//546 548//548 560//560
f 560//560 556//556 546//546
f 556//556 560//560 561//561
f 550//550 562//562 557//557
f 557//557 558//558 552//552
f 557//557 551//551 550//550
f 559//559 557//557 562//562
f 563//563 564//564 565//565
f 564//564 563//563 566//566
f 567//567 568//568 569//569
f 570//570 569//569 568//568
f 571//571 572//572 573//573
f 574//574 573//573 572//572
f 575//575 576//576 577//577
f 576//576 575//575 578//578
f 579//579 580//580 581//581
f 580//580 579//579 582//582
f 583//583 584//584 585//585
f 586//586 585//585 584//584
f 587//587 588//588 589//589
f 588//588 587//587 590//590
f 591//591 592//592 593//593
f 594//594 593//593 592//592
f 595//595 596//596 597//597
f 598//598 597//597 596//596
f 599//599 600//600 601//601
f 600//600 599//599 602//602
f 603//603 604//604 605//605
f 604//604 603//603 606//606
f 607//607 608//608 609//609
f 610//610 609//609 608//608
f 611//611 612//612 613//613
f 612//612 611//611 614//614
f 615//615 616//616 617//617
f 618//618 617//617 616//616
f 619//619 620//620 621//621
f 622//622 621//621 620//620
f 623//623 624//624 625//625
f 624//624 623//623 596//596
f 626//626 627//627 628//628
f 627//627 626//626 629//629
f 630//630 631//631 632//632
f 633//633 632//632 631//631
f 634//634 635//635 636//636
f 637//637 638//638 639//639
f 640//640 639//639 638//638
f 641//641 642//642 643//643
f 644//644 643//643 642//642
f 635//635 634//634 645//645
f 645//645 646//646 635//635
f 647//647 648//648 649//649
f 650//650 649//649 648//648
f 651//651 652//652 653//653
f 652//652 651//651 654//654
f 655//655 656//656 657//657
f 658//658 656//656 655//655
f 659//659 660//660 661//661
f 660//660 659//659 662//662
f 663//663 664//664 665//665
f 666//666 664//664 663//663
f 667//667 668//668 669//669
f 670//670 668//668 667//667
f 671//671 672//672 673//673
f 674//674 673//673 672//672
f 675//675 676//676 677//677
f 676//676 675//675 678//678
f 679//679 680//680 681//681
f 682//682 681//681 680//680
f 683//683 684//684 685//685
f 684//684 683//683 686//686
f 687//687 688//688 689//689
f 688//688 687//687 690//690
f 691//691 692//692 693//693
f 694//694 693//693 692//692
f 646//646 645//645 695//695
f 696//696 695//695 697//697
f 695//695 696//696 646//646
f 698//698 699//699 700//700
f 701//701 700//700 699//699
f 702//702 703//703 704//704
f 703//703 702//702 705//705
f 706//706 707//707 708//708
f 707//707 706//706 709//709
f 710//710 711//711 712//712
f 711//711 710//710 713//713
f 714//714 715//715 716//716
f 715//715 714//714 717//717
f 718//718 719//719 720//720
f 719//719 718//718 721//721
f 722//722 723//723 724//724
f 723//723 722//722 725//725
f 726//726 727//727 728//728
f 727//727 726//726 729//729
f 730//730 731//731 732//732
f 733//733 732//732 731//731
f 734//734 735//735 736//736
f 735//735 734//734 737//737
f 738//738 739//739 740//740
f 739//739 738//738 741//741
f 742//742 743//743 744//744
f 745//745 743//743 742//742
f 746//746 747//747 748//748
f 747//747 746//746 749//749
f 750//750 751//751 752//752
f 751//751 750//750 753//753
f 754//754 755//755 756//756
f 755//755 754//754 757//757
f 758//758 759//759 760//760
f 759//759 758//758 761//761
f 762//762 763//763 764//764
f 763//763 762//762 765//765
f 766//766 767//767 768//768
f 769//769 767//767 766//766
f 770//770 771//771 772//772
f 771//771 770//770 773//773
f 774//774 775//775 776//776
f 775//775 774//774 777//777
f 778//778 779//779 780//780
f 781//781 780//780 779//779
f 782//782 783//783 784//784
f 785//785 783//783 782//782
f 786//786 787//787 788//788
f 787//787 786//786 789//789
f 790//790 791//791 792//792
f 791//791 790//790 793//793
f 794//794 795//795 796//796
f 795//795 794//794 797//797
f 798//798 799//799 800//800
f 799//799 798//798 801//801
f 802//802 803//803 804//804
f 803//803 802//802 805//805
f 806//806 807//807 808//808
f 807//807 806//806 809//809
f 810//810 811//811 812//812
f 811//811 810//810 813//813
f 814//814 815//815 816//816
f 817//817 816//816 815//815
f 818//818 819//819 820//820
f 819//819 818//818 821//821
f 822//822 823//823 824//824
f 823//823 822//822 825//825
f 826//826 827//827 828//828
f 829//829 827//827 826//826
f 830//830 831//831 832//832
f 833//833 831//831 830//830
f 834//834 835//835 836//836
f 837//837 835//835 834//834
f 838//838 839//839 840//840
f 839//839 838//838 841//841
f 842//842 843//843 844//844
f 843//843 842//842 845//845
f 846//846 847//847 848//848
f 849//849 848//848 847//847
f 850//850 851//851 852//852
f 853//853 852//852 851//851
f 854//854 855//855 856//856
f 855//855 854//854 857//857
f 858//858 859//859 860//860
f 859//859 858//858 861//861
f 862//862 863//863 864//864
f 863//863 862//862 865//865
f 866//866 867//867 868//868
f 867//867 866//866 869//869
f 870//870 871//871 872//872
f 871//871 870//870 873//873
f 874//874 875//875 876//876
f 875//875 874//874 877//877
f 878//878 879//879 880//880
f 879//879 878//878 881//881
f 882//882 883//883 884//884
f 883//883 882//882 885//885
f 886//886 887//887 888//888
f 887//887 886//886 889//889
f 890//890 891//891 892//892
f 891//891 890//890 893//893
f 894//894 895//895 896//896
f 895//895 894//894 897//897
f 898//898 899//899 900//900
f 899//899 898//898 901//901
f 902//902 903//903 904//904
f 903//903 902//902 905//905
f 906//906 907//907 908//908
f 907//907 906//906 909//909
f 910//910 911//911 912//912
f 911//911 910//910 913//913
f 914//914 915//915 916//916
f 915//915 914//914 917//917
f 918//918 919//919 920//920
f 921//921 919//919 918//918
f 922//922 923//923 924//924
f 923//923 922//922 925//925
f 926//926 927//927 928//928
f 927//927 926//926 929//929
f 930//930 931//931 932//932
f 931//931 930//930 933//933
f 934//934 935//935 936//936
f 935//935 934//934 937//937
f 938//938 939//939 940//940
f 941//941 939//939 938//938
f 942//942 943//943 944//944
f 945//945 944//944 943//943
f 946//946 947//947 948//948
f 949//949 948//948 947//947
f 950//950 951//951 952//952
f 953//953 952//952 951//951
f 954//954 955//955 956//956
f 957//957 955//955 954//954
f 958//958 959//959 960//960
f 959//959 958//958 961//961
f 962//962 963//963 964//964
f 963//963 962//962 965//965
f 966//966 967//967 968//968
f 967//967 966//966 969//969
f 970//970 971//971 972//972
f 971//971 970//970 973//973
f 974//974 975//975 976//976
f 977//977 974//974 976//976
f 978//978 979//979 980//980
f 979//979 978//978 981//981
f 982//982 983//983 984//984
f 985//985 982//982 984//984
f 986//986 987//987 988//988
f 987//987 986//986 989//989
f 990//990 991//991 992//992
f 991//991 990//990 993//993
f 994//994 995//995 996//996
f 997//997 994//994 996//996
f 998//998 999//999 1000//1000
f 999//999 998//998 1001//1001
f 1002//1002 1003//1003 1004//1004
f 1005//1005 1002//1002 1004//1004
f 1006//1006 1007//1007 1008//1008
f 1009//1009 1006//1006 1008//1008
f 1010//1010 1011//1011 1012//1012
f 1011//1011 1010//1010 1013//1013
f 1014//1014 1015//1015 1016//1016
f 1017//1017 1014//1014 1016//1016
f 1018//1018 1019//1019 1020//1020
f 1019//1019 1018//1018 1021//1021
f 1022//1022 1023//1023 1024//1024
f 1023//1023 1022//1022 1025//1025
f 1026//1026 1027//1027 1028//1028
f 1029//1029 1026//1026 1028//1028
f 1030//1030 1031//1031 1032//1032
f 1031//1031 1030//1030 1033//1033
f 1034//1034 1035//1035 1036//1036
f 1037//1037 1034//1034 1036//1036
f 1038//1038 1039//1039 1040//1040
f 1041//1041 1038//1038 1040//1040
f 1042//1042 1043//1043 1044//1044
f 1043//1043 1042//1042 1045//1045
f 1046//1046 1047//1047 1048//1048
f 1049//1049 1047//1047 1046//1046
f 1050//1050 1051//1051 1052//1052
f 1051//1051 1050//1050 1053//1053
f 1054//1054 1055//1055 1056//1056
f 1055//1055 1054//1054 1057//1057
f 1058//1058 1059//1059 1060//1060
f 1061//1061 1058//1058 1060//1060
f 1062//1062 1063//1063 1064//1064
f 1063//1063 1062//1062 1065//1065
f 1066//1066 1067//1067 1068//1068
f 1069//1069 1066//1066 1068//1068
f 1070//1070 1071//1071 1072//1072
f 1071//1071 1070//1070 1073//1073
f 1074//1074 1075//1075 1076//1076
f 1077//1077 1074//1074 1076//1076
f 1078//1078 1079//1079 1080//1080
f 1079//1079 1078//1078 1081//1081
f 1082//1082 1083//1083 1084//1084
f 1082//1082 1085//1085 1083//1083
f 1086//1086 1087//1087 1088//1088
f 1089//1089 1090//1090 1091//1091
f 1090//1090 1089//1089 1092//1092
f 1090//1090 1093//1093 1091//1091
f 1094//1094 1095//1095 1096//1096
f 1095//1095 1097//1097 1098//1098
f 1095//1095 1094//1094 1097//1097
f 1099//1099 1100//1100 1096//1096
f 1099//1099 1096//1096 1085//1085
f 1100//1100 1099//1099 1101//1101
f 1100//1100 1101//1101 1102//1102
f 1103//1103 1083//1083 1096//1096
f 1103//1103 1096//1096 1104//1104
f 1103//1103 1105//1105 1106//1106
f 1103//1103 1093//1093 1105//1105
f 1103//1103 1104//1104 1093//1093
f 1097//1097 1094//1094 1107//1107
f 1098//1098 1108//1108 1109//1109
f 1098//1098 1097//1097 1108//1108
f 1104//1104 1095//1095 1110//1110
f 1104//1104 1110//1110 1111//1111
f 1093//1093 1090//1090 1112//1112
f 1093//1093 1104//1104 1091//1091
f 1096//1096 1095//1095 1104//1104
f 1085//1085 1082//1082 1113//1113
f 1083//1083 1085//1085 1096//1096
f 1083//1083 1103//1103 1087//1087
f 1083//1083 1087//1087 1086//1086
f 1114//1114 1115//1115 1116//1116
f 1117//1117 1115//1115 1114//1114
f 1118//1118 1119//1119 1120//1120
f 1121//1121 1122//1122 1123//1123
f 1124//1124 1125//1125 1126//1126
f 1123//1123 1127//1127 1124//1124
f 1127//1127 1123//1123 1122//1122
f 1125//1125 1124//1124 1127//1127
f 1128//1128 1129//1129 1130//1130
f 1131//1131 1132//1132 1133//1133
f 1129//1129 1128//1128 1134//1134
f 1134//1134 1135//1135 1129//1129
f 1136//1136 1137//1137 1138//1138
f 1137//1137 1136//1136 1139//1139
f 1138//1138 1135//1135 1134//1134
f 1135//1135 1138//1138 1137//1137
f 1139//1139 1140//1140 1141//1141
f 1142//1142 1126//1126 1125//1125
f 1133//1133 1120//1120 1119//1119
f 1120//1120 1133//1133 1132//1132
f 1140//1140 1143//1143 1141//1141
f 1140//1140 1139//1139 1136//1136
f 1143//1143 1140//1140 1144//1144
f 1145//1145 1126//1126 1142//1142
f 1145//1145 1146//1146 1126//1126
f 1146//1146 1147//1147 1148//1148
f 1147//1147 1146//1146 1145//1145
f 1132//1132 1131//1131 1149//1149
f 1150//1150 1130//1130 1129//1129
f 1130//1130 1119//1119 1118//1118
f 1119//1119 1130//1130 1150//1150
f 1149//1149 1151//1151 1132//1132
f 1151//1151 1122//1122 1121//1121
f 1122//1122 1151//1151 1149//1149
f 1152//1152 1153//1153 1154//1154
f 1155//1155 1154//1154 1153//1153
f 1156//1156 1157//1157 1158//1158
f 1157//1157 1156//1156 1159//1159
f 1160//1160 1161//1161 1162//1162
f 1161//1161 1160//1160 1163//1163
f 1164//1164 1165//1165 1166//1166
f 1165//1165 1164//1164 1167//1167
f 1168//1168 1169//1169 1170//1170
f 1169//1169 1168//1168 1171//1171
f 1172//1172 1173//1173 1174//1174
f 1173//1173 1172//1172 1175//1175
f 1176//1176 1177//1177 1178//1178
f 1177//1177 1176//1176 1179//1179
f 1180//1180 1181//1181 1182//1182
f 1181//1181 1180//1180 1183//1183
f 1184//1184 1185//1185 1186//1186
f 1185//1185 1184//1184 1187//1187
f 1188//1188 1189//1189 1190//1190
f 1189//1189 1188//1188 1191//1191
f 1192//1192 1193//1193 1194//1194
f 1193//1193 1192//1192 1195//1195
f 1196//1196 1197//1197 1198//1198
f 1197//1197 1196//1196 1199//1199
f 1200//1200 1201//1201 1202//1202
f 1201//1201 1200//1200 1203//1203
f 1204//1204 1205//1205 1206//1206
f 1205//1205 1204//1204 1207//1207
f 1208//1208 1209//1209 1210//1210
f 1209//1209 1208//1208 1211//1211
f 1212//1212 1213//1213 1214//1214
f 1215//1215 1213//1213 1212//1212
f 1216//1216 1217//1217 1218//1218
f 1219//1219 1217//1217 1216//1216
f 1220//1220 1221//1221 1222//1222
f 1223//1223 1221//1221 1220//1220
f 1224//1224 1225//1225 1226//1226
f 1227//1227 1225//1225 1224//1224
f 1228//1228 1229//1229 1230//1230
f 1229//1229 1228//1228 1231//1231
f 1232//1232 1233//1233 1234//1234
f 1233//1233 1232//1232 1235//1235
f 1236//1236 1237//1237 1238//1238
f 1239//1239 1237//1237 1236//1236
f 1240//1240 1241//1241 1242//1242
f 1241//1241 1240//1240 1243//1243
f 1244//1244 1245//1245 1246//1246
f 1247//1247 1244//1244 1246//1246
f 1248//1248 1249//1249 1250//1250
f 1251//1251 1249//1249 1248//1248
f 1252//1252 1253//1253 1254//1254
f 1255//1255 1252//1252 1254//1254
f 1256//1256 1257//1257 1258//1258
f 1259//1259 1256//1256 1258//1258
f 1260//1260 1261//1261 1262//1262
f 1261//1261 1260//1260 1263//1263
f 1264//1264 1265//1265 1266//1266
f 1265//1265 1264//1264 1267//1267
f 1268//1268 1269//1269 1270//1270
f 1269//1269 1268//1268 1271//1271
f 1272//1272 1273//1273 1274//1274
f 1273//1273 1272//1272 1275//1275
f 1276//1276 1277//1277 1278//1278
f 1276//1276 1278//1278 1279//1279
f 1280//1280 1281//1281 1282//1282
f 1280//1280 1282//1282 1283//1283
f 1284//1284 1285//1285 1286//1286
f 1285//1285 1284//1284 1287//1287
f 1288//1288 1289//1289 1290//1290
f 1288//1288 1290//1290 1291//1291
f 1292//1292 1293//1293 1294//1294
f 1292//1292 1294//1294 1295//1295
f 1296//1296 1297//1297 1298//1298
f 1297//1297 1296//1296 1299//1299
f 1300//1300 1301//1301 1302//1302
f 1301//1301 1300//1300 1303//1303
f 1304//1304 1305//1305 1306//1306
f 1305//1305 1304//1304 1307//1307
f 1308//1308 1309//1309 1310//1310
f 1311//1311 1309//1309 1308//1308
f 1312//1312 1313//1313 1314//1314
f 1313//1313 1312//1312 1315//1315
f 1316//1316 1317//1317 1318//1318
f 1317//1317 1316//1316 1319//1319
f 1320//1320 1321//1321 1322//1322
f 1323//1323 1321//1321 1320//1320
f 1324//1324 1325//1325 1326//1326
f 1325//1325 1324//1324 1327//1327
f 1328//1328 1329//1329 1330//1330
f 1329//1329 1328//1328 1331//1331
f 1332//1332 1333//1333 1334//1334
f 1335//1335 1333//1333 1332//1332
f 1336//1336 1337//1337 1338//1338
f 1337//1337 1336//1336 1339//1339
f 1340//1340 1341//1341 1342//1342
f 1341//1341 1340//1340 1343//1343
f 1344//1344 1345//1345 1346//1346
f 1347//1347 1345//1345 1344//1344
f 1348//1348 1349//1349 1350//1350
f 1351//1351 1349//1349 1348//1348
f 1352//1352 1353//1353 1354//1354
f 1355//1355 1353//1353 1352//1352
f 1356//1356 1357//1357 1358//1358
f 1357//1357 1356//1356 1359//1359
f 1360//1360 1361//1361 1362//1362
f 1361//1361 1360//1360 1363//1363
f 1364//1364 1365//1365 1366//1366
f 1365//1365 1364//1364 1367//1367
f 1368//1368 1369//1369 1370//1370
f 1369//1369 1368//1368 1371//1371
f 1372//1372 1373//1373 1374//1374
f 1373//1373 1372//1372 1375//1375
f 1376//1376 1377//1377 1378//1378
f 1377//1377 1376//1376 1379//1379
f 1380//1380 1381//1381 1382//1382
f 1381//1381 1380//1380 1383//1383
f 1384//1384 1385//1385 1386//1386
f 1386//1386 1387//1387 1384//1384
f 1388//1388 1389//1389 1390//1390
f 1391//1391 1388//1388 1390//1390
f 1392//1392 1393//1393 1394//1394
f 1393//1393 1392//1392 1395//1395
f 1396//1396 1397//1397 1398//1398
f 1396//1396 1398//1398 1399//1399
f 1400//1400 1401//1401 1402//1402
f 1400//1400 1402//1402 1403//1403
f 1404//1404 1405//1405 1406//1406
f 1407//1407 1405//1405 1404//1404
f 1408//1408 1409//1409 1410//1410
f 1409//1409 1408//1408 1411//1411
f 1412//1412 1413//1413 1414//1414
f 1413//1413 1412//1412 1415//1415
f 1416//1416 1417//1417 1418//1418
f 1419//1419 1417//1417 1416//1416
f 1420//1420 1421//1421 1422//1422
f 1420//1420 1422//1422 1423//1423
f 1424//1424 1425//1425 1426//1426
f 1424//1424 1426//1426 1427//1427
f 1428//1428 1429//1429 1430//1430
f 1431//1431 1429//1429 1428//1428
f 1432//1432 1433//1433 1434//1434
f 1433//1433 1432//1432 1435//1435
f 1436//1436 1437//1437 1438//1438
f 1437//1437 1436//1436 1439//1439
f 1440//1440 1441//1441 1442//1442
f 1443//1443 1441//1441 1440//1440
f 1444//1444 1445//1445 1446//1446
f 1445//1445 1444//1444 1447//1447
f 1448//1448 1449//1449 1450//1450
f 1449//1449 1448//1448 1451//1451
f 1452//1452 1453//1453 1454//1454
f 1453//1453 1452//1452 1455//1455
f 1456//1456 1457//1457 1458//1458
f 1457//1457 1456//1456 1459//1459
f 1460//1460 1461//1461 1462//1462
f 1461//1461 1460//1460 1463//1463
f 1464//1464 1465//1465 1466//1466
f 1465//1465 1464//1464 1467//1467
f 1468//1468 1469//1469 1470//1470
f 1469//1469 1468//1468 1471//1471
f 1472//1472 1473//1473 1474//1474
f 1473//1473 1472//1472 1475//1475
f 1476//1476 1477//1477 1478//1478
f 1477//1477 1476//1476 1479//1479
f 1480//1480 1481//1481 1482//1482
f 1480//1480 1482//1482 1483//1483
f 1484//1484 1485//1485 1486//1486
f 1487//1487 1485//1485 1484//1484
f 1488//1488 1489//1489 1490//1490
f 1489//1489 1488//1488 1491//1491
f 1492//1492 1493//1493 1494//1494
f 1493//1493 1492//1492 1495//1495
f 1496//1496 1497//1497 1498//1498
f 1497//1497 1496//1496 1499//1499
f 1500//1500 1501//1501 1502//1502
f 1503//1503 1501//1501 1500//1500
f 1504//1504 1505//1505 1506//1506
f 1507//1507 1504//1504 1506//1506
f 1508//1508 1509//1509 1510//1510
f 1511//1511 1508//1508 1510//1510
f 1512//1512 1513//1513 1514//1514
f 1515//1515 1513//1513 1512//1512
f 1516//1516 1517//1517 1518//1518
f 1518//1518 1519//1519 1516//1516
f 1520//1520 1521//1521 1522//1522
f 1522//1522 1523//1523 1520//1520
f 1524//1524 1525//1525 1526//1526
f 1527//1527 1525//1525 1524//1524
f 1528//1528 1529//1529 1530//1530
f 1528//1528 1530//1530 1531//1531
f 1532//1532 1533//1533 1534//1534
f 1532//1532 1534//1534 1535//1535
f 1536//1536 1537//1537 1538//1538
f 1539//1539 1537//1537 1536//1536
f 1540//1540 1541//1541 1542//1542
f 1542//1542 1543//1543 1540//1540
f 1544//1544 1545//1545 1546//1546
f 1545//1545 1544//1544 1547//1547
f 1548//1548 1549//1549 1550//1550
f 1548//1548 1550//1550 1551//1551
f 1552//1552 1553//1553 1554//1554
f 1553//1553 1552//1552 1555//1555
f 1556//1556 1557//1557 1558//1558
f 1557//1557 1556//1556 1559//1559
f 1560//1560 1561//1561 1562//1562
f 1560//1560 1562//1562 1563//1563
f 1564//1564 1565//1565 1566//1566
f 1565//1565 1564//1564 1567//1567
f 1568//1568 1569//1569 1570//1570
f 1568//1568 1570//1570 1571//1571
f 1572//1572 1573//1573 1574//1574
f 1573//1573 1572//1572 1575//1575
f 1576//1576 1577//1577 1578//1578
f 1578//1578 1579//1579 1576//1576
f 1580//1580 1581//1581 1582//1582
f 1581//1581 1580//1580 1583//1583
f 1584//1584 1585//1585 1586//1586
f 1585//1585 1584//1584 1587//1587
f 1588//1588 1589//1589 1590//1590
f 1590//1590 1591//1591 1588//1588
f 1592//1592 1593//1593 1594//1594
f 1593//1593 1592//1592 1595//1595
f 1596//1596 1597//1597 1598//1598
f 1597//1597 1596//1596 1599//1599
f 1600//1600 1601//1601 1602//1602
f 1600//1600 1602//1602 1603//1603
f 1604//1604 1605//1605 1606//1606
f 1605//1605 1604//1604 1607//1607
f 1608//1608 1609//1609 1610//1610
f 1610//1610 1611//1611 1608//1608
f 1612//1612 1613//1613 1614//1614
f 1613//1613 1612//1612 1615//1615
f 1616//1616 1617//1617 1618//1618
f 1617//1617 1616//1616 1619//1619
f 1620//1620 1621//1621 1622//1622
f 1622//1622 1623//1623 1620//1620
f 1624//1624 1625//1625 1626//1626
f 1625//1625 1624//1624 1627//1627
f 1628//1628 1629//1629 1630//1630
f 1630//1630 1631//1631 1628//1628
f 1632//1632 1633//1633 1634//1634
f 1632//1632 1634//1634 1635//1635
f 1636//1636 1637//1637 1638//1638
f 1637//1637 1636//1636 1639//1639
f 1640//1640 1641//1641 1642//1642
f 1642//1642 1643//1643 1640//1640
f 1644//1644 1645//1645 1646//1646
f 1645//1645 1644//1644 1647//1647
f 1648//1648 1649//1649 1650//1650
f 1651//1651 1650//1650 1649//1649
f 1652//1652 1653//1653 1654//1654
f 1653//1653 1652//1652 1655//1655
f 1656//1656 1657//1657 1658//1658
f 1657//1657 1656//1656 1659//1659
f 1660//1660 1661//1661 1662//1662
f 1662//1662 1663//1663 1660//1660
f 1664//1664 1665//1665 1666//1666
f 1667//1667 1664//1664 1666//1666
f 1668//1668 1669//1669 1670//1670
f 1669//1669 1668//1668 1671//1671
f 1672//1672 1673//1673 1674//1674
f 1675//1675 1673//1673 1672//1672
f 1676//1676 1677//1677 1678//1678
f 1677//1677 1676//1676 1679//1679
f 1680//1680 1681//1681 1682//1682
f 1683//1683 1681//1681 1680//1680
f 1684//1684 1685//1685 1686//1686
f 1685//1685 1684//1684 1687//1687
f 1688//1688 1689//1689 1690//1690
f 1689//1689 1688//1688 1691//1691
f 1692//1692 1693//1693 1694//1694
f 1693//1693 1692//1692 1695//1695
f 1696//1696 1697//1697 1698//1698
f 1697//1697 1696//1696 1699//1699
f 1700//1700 1701//1701 1702//1702
f 1703//1703 1702//1702 1701//1701
f 1704//1704 1705//1705 1706//1706
f 1707//1707 1705//1705 1704//1704
f 1708//1708 1709//1709 1710//1710
f 1709//1709 1708//1708 1711//1711
f 1712//1712 1713//1713 1714//1714
f 1713//1713 1712//1712 1715//1715
f 1716//1716 1717//1717 1718//1718
f 1717//1717 1716//1716 1719//1719
f 1720//1720 1721//1721 1722//1722
f 1721//1721 1720//1720 1723//1723
f 1724//1724 1725//1725 1726//1726
f 1725//1725 1724//1724 1727//1727
f 1728//1728 1729//1729 1730//1730
f 1731//1731 1730//1730 1729//1729
f 1732//1732 1733//1733 1734//1734
f 1735//1735 1733//1733 1732//1732
f 1736//1736 1737//1737 1738//1738
f 1737//1737 1736//1736 1739//1739
f 1740//1740 1741//1741 1742//1742
f 1743//1743 1740//1740 1742//1742
f 1744//1744 1745//1745 1746//1746
f 1745//1745 1744//1744 1747//1747
f 1748//1748 1749//1749 1750//1750
f 1749//1749 1748//1748 1751//1751
f 1752//1752 1753//1753 1754//1754
f 1755//1755 1753//1753 1752//1752
f 1756//1756 1757//1757 1758//1758
f 1757//1757 1756//1756 1759//1759
f 1760//1760 1761//1761 1762//1762
f 1763//1763 1761//1761 1760//1760
f 1764//1764 1765//1765 1766//1766
f 1767//1767 1764//1764 1766//1766
f 1768//1768 1769//1769 1770//1770
f 1769//1769 1768//1768 1771//1771
f 1772//1772 1773//1773 1774//1774
f 1775//1775 1773//1773 1772//1772
f 1776//1776 1777//1777 1778//1778
f 1777//1777 1776//1776 1779//1779
f 1780//1780 1781//1781 1782//1782
f 1781//1781 1780//1780 1783//1783
f 1784//1784 1785//1785 1786//1786
f 1787//1787 1786//1786 1785//1785
f 1788//1788 1789//1789 1790//1790
f 1789//1789 1788//1788 1791//1791
f 1792//1792 1793//1793 1794//1794
f 1793//1793 1792//1792 1795//1795
f 1796//1796 1797//1797 1798//1798
f 1797//1797 1796//1796 1799//1799
f 1800//1800 1801//1801 1802//1802
f 1801//1801 1800//1800 1803//1803
f 1804//1804 1805//1805 1806//1806
f 1805//1805 1804//1804 1807//1807
f 1808//1808 1809//1809 1810//1810
f 1809//1809 1808//1808 1811//1811
f 1812//1812 1813//1813 1814//1814
f 1815//1815 1814//1814 1813//1813
f 1816//1816 1817//1817 1818//1818
f 1819//1819 1818//1818 1817//1817
f 1820//1820 1821//1821 1822//1822
f 1821//1821 1820//1820 1823//1823
f 1824//1824 1825//1825 1826//1826
f 1827//1827 1826//1826 1825//1825
f 1828//1828 1829//1829 1830//1830
f 1829//1829 1828//1828 1831//1831
f 1832//1832 1833//1833 1834//1834
f 1833//1833 1832//1832 1835//1835
f 1836//1836 1837//1837 1838//1838
f 1837//1837 1836//1836 1839//1839
f 1840//1840 1841//1841 1842//1842
f 1841//1841 1840//1840 1843//1843
f 1844//1844 1845//1845 1846//1846
f 1847//1847 1846//1846 1845//1845
f 1848//1848 1849//1849 1850//1850
f 1851//1851 1850//1850 1849//1849
f 1852//1852 1853//1853 1854//1854
f 1855//1855 1854//1854 1853//1853
f 1856//1856 1857//1857 1858//1858
f 1859//1859 1858//1858 1857//1857
f 1860//1860 1861//1861 1862//1862
f 1861//1861 1860//1860 1863//1863
f 1864//1864 1865//1865 1866//1866
f 1865//1865 1864//1864 1867//1867
f 1868//1868 1869//1869 1870//1870
f 1869//1869 1868//1868 1871//1871
f 1872//1872 1873//1873 1874//1874
f 1873//1873 1872//1872 1875//1875
f 1876//1876 1877//1877 1878//1878
f 1879//1879 1878//1878 1877//1877
f 1880//1880 1881//1881 1882//1882
f 1883//1883 1882//1882 1881//1881
f 1884//1884 1885//1885 1886//1886
f 1887//1887 1886//1886 1885//1885
f 1888//1888 1889//1889 1890//1890
f 1891//1891 1890//1890 1889//1889
f 1892//1892 1893//1893 1894//1894
f 1893//1893 1892//1892 1895//1895
f 1896//1896 1897//1897 1898//1898
f 1897//1897 1896//1896 1899//1899
f 1900//1900 1901//1901 1902//1902
f 1901//1901 1900//1900 1903//1903
f 1904//1904 1905//1905 1906//1906
f 1905//1905 1904//1904 1907//1907
f 1908//1908 1909//1909 1910//1910
f 1911//1911 1910//1910 1909//1909
f 1912//1912 1913//1913 1914//1914
f 1915//1915 1914//1914 1913//1913
f 1916//1916 1917//1917 1918//1918
f 1917//1917 1916//1916 1919//1919
f 1920//1920 1921//1921 1922//1922
f 1921//1921 1920//1920 1923//1923
f 1924//1924 1925//1925 1926//1926
f 1924//1924 1927//1927 1925//1925
f 1928//1928 1929//1929 1930//1930
f 1929//1929 1928//1928 1931//1931
f 1932//1932 1933//1933 1934//1934
f 1932//1932 1935//1935 1933//1933
f 1936//1936 1937//1937 1938//1938
f 1937//1937 1936//1936 1939//1939
f 1940//1940 1941//1941 1942//1942
f 1942//1942 1943//1943 1940//1940
f 1944//1944 1945//1945 1946//1946
f 1944//1944 1947//1947 1945//1945
f 1948//1948 1949//1949 1950//1950
f 1950//1950 1951//1951 1948//1948
f 1952//1952 1953//1953 1954//1954
f 1952//1952 1954//1954 1955//1955
f 1956//1956 1957//1957 1958//1958
f 1957//1957 1956//1956 1959//1959
f 1960//1960 1961//1961 1962//1962
f 1962//1962 1963//1963 1960//1960
f 1964//1964 1965//1965 1966//1966
f 1965//1965 1964//1964 1967//1967
f 1968//1968 1969//1969 1970//1970
f 1968//1968 1971//1971 1969//1969
f 1972//1972 1973//1973 1974//1974
f 1974//1974 1975//1975 1972//1972
f 1976//1976 1977//1977 1978//1978
f 1977//1977 1976//1976 1979//1979
f 1980//1980 1981//1981 1982//1982
f 1980//1980 1983//1983 1981//1981
f 1984//1984 1985//1985 1986//1986
f 1985//1985 1984//1984 1987//1987
f 1988//1988 1989//1989 1990//1990
f 1989//1989 1988//1988 1991//1991
f 1992//1992 1993//1993 1994//1994
f 1994//1994 1995//1995 1992//1992
f 1996//1996 1997//1997 1998//1998
f 1997//1997 1996//1996 1999//1999
f 2000//2000 2001//2001 2002//2002
f 2000//2000 2002//2002 2003//2003
f 2004//2004 2005//2005 2006//2006
f 2006//2006 2007//2007 2004//2004
f 2008//2008 2009//2009 2010//2010
f 2009//2009 2008//2008 2011//2011
f 2012//2012 2013//2013 2014//2014
f 2012//2012 2014//2014 2015//2015
f 2016//2016 2017//2017 2018//2018
f 2017//2017 2016//2016 2019//2019
f 2020//2020 2021//2021 2022//2022
f 2021//2021 2020//2020 2023//2023
f 2024//2024 2025//2025 2026//2026
f 2026//2026 2027//2027 2024//2024
f 2028//2028 2029//2029 2030//2030
f 2029//2029 2028//2028 2031//2031
f 2032//2032 2033//2033 2034//2034
f 2034//2034 2035//2035 2032//2032
f 2036//2036 2037//2037 2038//2038
f 2037//2037 2036//2036 2039//2039
f 2040//2040 2041//2041 2042//2042
f 2041//2041 2040//2040 2043//2043
f 2044//2044 2045//2045 2046//2046
f 2045//2045 2044//2044 2047//2047
f 2048//2048 2049//2049 2050//2050
f 2049//2049 2048//2048 2051//2051
f 2052//2052 2053//2053 2054//2054
f 2055//2055 2056//2056 2057//2057
f 2054//2054 2058//2058 2059//2059
f 2060//2060 2054//2054 2053//2053
f 2058//2058 2061//2061 2059//2059
f 2058//2058 2054//2054 2060//2060
f 2061//2061 2058//2058 2057//2057
f 2061//2061 2057//2057 2056//2056
f 2062//2062 2063//2063 2064//2064
f 2065//2065 2066//2066 2062//2062
f 2067//2067 2068//2068 2069//2069
f 2070//2070 2071//2071 2072//2072
f 2072//2072 2071//2071 2073//2073
f 2071//2071 2070//2070 2067//2067
f 2074//2074 2073//2073 2071//2071
f 2075//2075 2056//2056 2055//2055
f 2056//2056 2075//2075 2076//2076
f 2053//2053 2077//2077 2078//2078
f 2077//2077 2053//2053 2052//2052
f 2078//2078 2077//2077 2079//2079
f 2078//2078 2079//2079 2080//2080
f 2081//2081 2082//2082 2083//2083
f 2082//2082 2066//2066 2065//2065
f 2066//2066 2082//2082 2081//2081
f 2083//2083 2082//2082 2084//2084
f 2068//2068 2067//2067 2070//2070
f 2069//2069 2083//2083 2084//2084
f 2069//2069 2068//2068 2083//2083
f 2080//2080 2073//2073 2074//2074
f 2073//2073 2080//2080 2079//2079
f 2063//2063 2062//2062 2066//2066
f 2085//2085 2064//2064 2063//2063
f 2086//2086 2087//2087 2088//2088
f 2087//2087 2086//2086 2089//2089
f 2090//2090 2091//2091 2092//2092
f 2091//2091 2090//2090 2093//2093
f 2094//2094 2095//2095 2096//2096
f 2095//2095 2094//2094 2097//2097
f 2098//2098 2099//2099 2100//2100
f 2099//2099 2098//2098 2101//2101
f 2102//2102 2103//2103 2104//2104
f 2103//2103 2102//2102 2105//2105
f 2106//2106 2107//2107 2108//2108
f 2107//2107 2106//2106 2109//2109
f 2110//2110 2111//2111 2112//2112
f 2113//2113 2111//2111 2110//2110
f 2114//2114 2115//2115 2116//2116
f 2117//2117 2115//2115 2114//2114
f 2118//2118 2119//2119 2120//2120
f 2119//2119 2118//2118 2121//2121
f 2122//2122 2123//2123 2124//2124
f 2123//2123 2122//2122 2125//2125
f 2126//2126 2127//2127 2128//2128
f 2127//2127 2126//2126 2129//2129
f 2130//2130 2131//2131 2132//2132
f 2131//2131 2130//2130 2133//2133
f 2134//2134 2135//2135 2136//2136
f 2135//2135 2134//2134 2137//2137
f 2138//2138 2139//2139 2140//2140
f 2139//2139 2138//2138 2141//2141
f 2142//2142 2143//2143 2144//2144
f 2144//2144 2145//2145 2142//2142
f 2146//2146 2147//2147 2148//2148
f 2147//2147 2146//2146 2149//2149
f 2150//2150 2151//2151 2152//2152
f 2151//2151 2150//2150 2153//2153
f 2154//2154 2155//2155 2156//2156
f 2156//2156 2157//2157 2154//2154
f 2158//2158 2159//2159 2160//2160
f 2159//2159 2158//2158 2161//2161
f 2162//2162 2163//2163 2164//2164
f 2163//2163 2162//2162 2165//2165
f 2166//2166 2167//2167 2168//2168
f 2169//2169 2166//2166 2168//2168
f 2170//2170 2171//2171 2172//2172
f 2171//2171 2170//2170 2173//2173
f 2174//2174 2175//2175 2176//2176
f 2174//2174 2176//2176 2177//2177
f 2178//2178 2179//2179 2180//2180
f 2181//2181 2178//2178 2180//2180
f 2182//2182 2183//2183 2184//2184
f 2182//2182 2184//2184 2185//2185
f 2186//2186 2187//2187 2188//2188
f 2186//2186 2188//2188 2189//2189
f 2190//2190 2191//2191 2192//2192
f 2191//2191 2190//2190 2193//2193
f 2194//2194 2195//2195 2196//2196
f 2195//2195 2194//2194 2197//2197
f 2198//2198 2199//2199 2200//2200
f 2199//2199 2198//2198 2201//2201
f 2202//2202 2203//2203 2204//2204
f 2203//2203 2202//2202 2205//2205
f 2206//2206 2207//2207 2208//2208
f 2209//2209 2206//2206 2208//2208
f 2210//2210 2211//2211 2212//2212
f 2213//2213 2210//2210 2212//2212
f 2214//2214 2215//2215 2216//2216
f 2215//2215 2214//2214 2217//2217
f 2218//2218 2219//2219 2220//2220
f 2221//2221 2219//2219 2218//2218
f 2222//2222 2223//2223 2224//2224
f 2222//2222 2225//2225 2223//2223
f 2226//2226 2227//2227 2228//2228
f 2227//2227 2226//2226 2229//2229
f 2230//2230 2231//2231 2232//2232
f 2231//2231 2230//2230 2233//2233
f 2234//2234 2235//2235 2236//2236
f 2235//2235 2234//2234 2237//2237
f 2238//2238 2239//2239 2240//2240
f 2240//2240 2241//2241 2238//2238
f 2242//2242 2243//2243 2244//2244
f 2245//2245 2243//2243 2242//2242
f 2246//2246 2247//2247 2248//2248
f 2249//2249 2247//2247 2246//2246
f 2250//2250 2251//2251 2252//2252
f 2252//2252 2253//2253 2250//2250
f 2254//2254 2255//2255 2256//2256
f 2255//2255 2254//2254 2257//2257
f 2258//2258 2259//2259 2260//2260
f 2259//2259 2258//2258 2261//2261
f 2262//2262 2263//2263 2264//2264
f 2265//2265 2262//2262 2264//2264
f 2266//2266 2267//2267 2268//2268
f 2267//2267 2266//2266 2269//2269
f 2270//2270 2271//2271 2272//2272
f 2271//2271 2270//2270 2273//2273
f 2274//2274 2275//2275 2276//2276
f 2277//2277 2274//2274 2276//2276
f 2278//2278 2279//2279 2280//2280
f 2279//2279 2278//2278 2281//2281
f 2282//2282 2283//2283 2284//2284
f 2283//2283 2282//2282 2285//2285
f 2286//2286 2287//2287 2288//2288
f 2287//2287 2286//2286 2289//2289
f 2290//2290 2291//2291 2292//2292
f 2291//2291 2290//2290 2293//2293
f 2294//2294 2295//2295 2296//2296
f 2295//2295 2294//2294 2297//2297
f 2298//2298 2299//2299 2300//2300
f 2299//2299 2298//2298 2301//2301
f 2302//2302 2303//2303 2304//2304
f 2303//2303 2302//2302 2305//2305
f 2306//2306 2307//2307 2308//2308
f 2307//2307 2306//2306 2309//2309
f 2310//2310 2311//2311 2312//2312
f 2311//2311 2310//2310 2313//2313
f 2314//2314 2315//2315 2316//2316
f 2317//2317 2314//2314 2316//2316
f 2318//2318 2319//2319 2320//2320
f 2320//2320 2321//2321 2318//2318
f 2322//2322 2323//2323 2324//2324
f 2323//2323 2322//2322 2325//2325
f 2326//2326 2327//2327 2328//2328
f 2329//2329 2326//2326 2328//2328
f 2330//2330 2331//2331 2332//2332
f 2333//2333 2330//2330 2332//2332
f 2334//2334 2335//2335 2336//2336
f 2336//2336 2337//2337 2334//2334
f 2338//2338 2339//2339 2340//2340
f 2339//2339 2338//2338 2341//2341
f 2342//2342 2343//2343 2344//2344
f 2343//2343 2342//2342 2345//2345
f 2346//2346 2347//2347 2348//2348
f 2348//2348 2349//2349 2346//2346
f 2350//2350 2351//2351 2352//2352
f 2353//2353 2351//2351 2350//2350
f 2354//2354 2355//2355 2356//2356
f 2357//2357 2355//2355 2354//2354
f 2358//2358 2359//2359 2360//2360
f 2361//2361 2358//2358 2360//2360
f 2362//2362 2363//2363 2364//2364
f 2365//2365 2363//2363 2362//2362
f 2366//2366 2367//2367 2368//2368
f 2369//2369 2367//2367 2366//2366
f 2370//2370 2371//2371 2372//2372
f 2373//2373 2370//2370 2372//2372
f 2374//2374 2375//2375 2376//2376
f 2377//2377 2375//2375 2374//2374
f 2378//2378 2379//2379 2380//2380
f 2381//2381 2379//2379 2378//2378
f 2382//2382 2383//2383 2384//2384
f 2383//2383 2382//2382 2385//2385
f 2386//2386 2387//2387 2388//2388
f 2387//2387 2386//2386 2389//2389
f 2390//2390 2391//2391 2392//2392
f 2391//2391 2390//2390 2393//2393
f 2394//2394 2395//2395 2396//2396
f 2395//2395 2394//2394 2397//2397
f 2398//2398 2399//2399 2400//2400
f 2399//2399 2398//2398 2401//2401
f 2402//2402 2403//2403 2404//2404
f 2403//2403 2402//2402 2405//2405
f 2406//2406 2407//2407 2408//2408
f 2407//2407 2406//2406 2409//2409
f 2410//2410 2411//2411 2412//2412
f 2411//2411 2410//2410 2413//2413
f 2414//2414 2415//2415 2416//2416
f 2415//2415 2414//2414 2417//2417
f 2418//2418 2419//2419 2420//2420
f 2419//2419 2418//2418 2421//2421
f 2422//2422 2423//2423 2424//2424
f 2423//2423 2422//2422 2425//2425
f 2426//2426 2427//2427 2428//2428
f 2427//2427 2426//2426 2429//2429
f 2430//2430 2431//2431 2432//2432
f 2432//2432 2433//2433 2430//2430
f 2434//2434 2435//2435 2436//2436
f 2434//2434 2436//2436 2437//2437
f 2438//2438 2439//2439 2440//2440
f 2438//2438 2440//2440 2441//2441
f 2442//2442 2443//2443 2444//2444
f 2444//2444 2445//2445 2442//2442
f 2446//2446 2447//2447 2448//2448
f 2449//2449 2446//2446 2448//2448
f 2450//2450 2451//2451 2452//2452
f 2452//2452 2453//2453 2450//2450
f 2454//2454 2455//2455 2456//2456
f 2457//2457 2454//2454 2456//2456
f 2458//2458 2459//2459 2460//2460
f 2461//2461 2458//2458 2460//2460
f 2462//2462 2463//2463 2464//2464
f 2465//2465 2462//2462 2464//2464
f 2466//2466 2467//2467 2468//2468
f 2469//2469 2466//2466 2468//2468
f 2470//2470 2471//2471 2472//2472
f 2471//2471 2470//2470 2473//2473
f 2474//2474 2475//2475 2476//2476
f 2477//2477 2474//2474 2476//2476
f 2478//2478 2479//2479 2480//2480
f 2481//2481 2479//2479 2478//2478
f 2482//2482 2483//2483 2484//2484
f 2482//2482 2484//2484 2485//2485
f 2486//2486 2487//2487 2488//2488
f 2487//2487 2486//2486 2489//2489
f 2490//2490 2491//2491 2492//2492
f 2491//2491 2490//2490 2493//2493
f 2494//2494 2495//2495 2496//2496
f 2495//2495 2494//2494 2497//2497
f 2498//2498 2499//2499 2500//2500
f 2501//2501 2499//2499 2498//2498
f 2502//2502 2503//2503 2504//2504
f 2503//2503 2502//2502 2505//2505
f 2506//2506 2507//2507 2508//2508
f 2507//2507 2506//2506 2509//2509
f 2510//2510 2511//2511 2512//2512
f 2510//2510 2513//2513 2511//2511
f 2514//2514 2515//2515 2516//2516
f 2515//2515 2514//2514 2517//2517
f 2518//2518 2519//2519 2520//2520
f 2519//2519 2518//2518 2521//2521
f 2522//2522 2523//2523 2524//2524
f 2525//2525 2523//2523 2522//2522
f 2526//2526 2527//2527 2528//2528
f 2526//2526 2528//2528 2529//2529
f 2530//2530 2531//2531 2532//2532
f 2531//2531 2530//2530 2533//2533
f 2534//2534 2535//2535 2536//2536
f 2535//2535 2534//2534 2537//2537
f 2538//2538 2539//2539 2540//2540
f 2540//2540 2541//2541 2538//2538
f 2542//2542 2543//2543 2544//2544
f 2543//2543 2542//2542 2545//2545
f 2546//2546 2547//2547 2548//2548
f 2547//2547 2546//2546 2549//2549
f 2550//2550 2551//2551 2552//2552
f 2551//2551 2550//2550 2553//2553
f 2554//2554 2555//2555 2556//2556
f 2555//2555 2554//2554 2557//2557
f 2558//2558 2559//2559 2560//2560
f 2559//2559 2558//2558 2561//2561
f 2562//2562 2563//2563 2564//2564
f 2564//2564 2565//2565 2562//2562
f 2566//2566 2567//2567 2568//2568
f 2567//2567 2566//2566 2569//2569
f 2570//2570 2571//2571 2572//2572
f 2572//2572 2573//2573 2570//2570
f 2574//2574 2575//2575 2576//2576
f 2575//2575 2574//2574 2577//2577
f 2578//2578 2579//2579 2580//2580
f 2579//2579 2578//2578 2581//2581
f 2582//2582 2583//2583 2584//2584
f 2582//2582 2585//2585 2583//2583
f 2586//2586 2587//2587 2588//2588
f 2586//2586 2589//2589 2587//2587
f 2590//2590 2591//2591 2592//2592
f 2592//2592 2593//2593 2590//2590
f 2594//2594 2595//2595 2596//2596
f 2595//2595 2594//2594 2597//2597

o Material_001_1
usemtl Material_001_cccccc
v -0.48153780 0.00296318 -0.07105801
v -0.49177090 0.00940984 -0.06903521
v -0.48240651 0.01096770 -0.06379432
v -0.49053236 0.00296318 -0.07939234
v -0.49177090 0.00940984 -0.06903521
v -0.48153780 0.00296318 -0.07105801
v -0.49053236 0.00296318 -0.07939234
v -0.49770887 0.01096769 -0.07797395
v -0.49177090 0.00940984 -0.06903521
v -0.48153780 0.00296318 -0.07105801
v -0.47083180 0.00296318 -0.07703659
v -0.48029918 0.00000002 -0.08141497
v -0.48279189 0.02786075 -0.08212128
v -0.47780690 0.02786075 -0.08070881
v -0.48100577 0.02786075 -0.07892245
v -0.47959310 0.02786075 -0.08390758
v -0.48029918 0.00000002 -0.08141497
v -0.49053236 0.00296318 -0.07939234
v -0.48153780 0.00296318 -0.07105801
v -0.48240651 0.01096770 -0.06379432
v -0.47207055 0.00940986 -0.06667935
v -0.48153780 0.00296318 -0.07105801
v -0.48029918 0.00000002 -0.08141497
v -0.48538516 0.00296324 -0.09052218
v -0.49053236 0.00296318 -0.07939234
v -0.48029918 0.00000002 -0.08141497
v -0.47320964 0.00296317 -0.08906599
v -0.48538516 0.00296324 -0.09052218
v -0.48029918 0.00000002 -0.08141497
v -0.47083180 0.00296318 -0.07703659
v -0.47320964 0.00296317 -0.08906599
v -0.48240651 0.01096770 -0.06379432
v -0.47645190 0.01984097 -0.06195059
v -0.47207055 0.00940986 -0.06667935
v -0.49770887 0.01096769 -0.07797395
v -0.49762230 0.01984097 -0.07174127
v -0.49177090 0.00940984 -0.06903521
v -0.48895168 0.01096778 -0.09690924
v -0.49485245 0.01984096 -0.09490090
v -0.49561809 0.00940985 -0.08849972
v -0.46823738 0.01096769 -0.09443186
v -0.47197106 0.01984096 -0.09942352
v -0.47829527 0.00940985 -0.09817342
v -0.46419232 0.01096770 -0.07396584
v -0.46059871 0.01984097 -0.07905907
v -0.46374200 0.00940983 -0.08468754
v -0.48240651 0.01096770 -0.06379432
v -0.48862782 0.01984097 -0.06340668
v -0.47645190 0.01984097 -0.06195059
v -0.49770887 0.01096769 -0.07797395
v -0.50000000 0.01984097 -0.08377098
v -0.49762230 0.01984097 -0.07174127
v -0.48895168 0.01096778 -0.09690924
v -0.48414654 0.01984096 -0.10087944
v -0.49485245 0.01984096 -0.09490090
v -0.46823738 0.01096769 -0.09443186
v -0.46297650 0.01984097 -0.09108881
v -0.47197106 0.01984096 -0.09942352
v -0.46419232 0.01096770 -0.07396584
v -0.46574599 0.01984097 -0.06792924
v -0.46059871 0.01984097 -0.07905907
v -0.49236137 0.02871420 -0.06839830
v -0.48738920 0.03671872 -0.07376402
v -0.48230339 0.03027206 -0.06465670
v -0.49640630 0.02871420 -0.08886432
v -0.48976665 0.03671872 -0.08579357
v -0.49685679 0.03027208 -0.07814254
v -0.47819215 0.02871419 -0.09903572
v -0.47906074 0.03671871 -0.09177216
v -0.48852841 0.03027203 -0.09615085
v -0.46289000 0.02871420 -0.08485614
v -0.47006634 0.03671872 -0.08343772
v -0.46882777 0.03027208 -0.09379483
v -0.47164690 0.02871414 -0.06592095
v -0.47521372 0.03671867 -0.07230801
v -0.46498062 0.03027206 -0.07433050
v -0.47521372 0.03671867 -0.07230801
v -0.48029918 0.03968189 -0.08141498
v -0.47006634 0.03671872 -0.08343772
v -0.47521372 0.03671867 -0.07230801
v -0.47006634 0.03671872 -0.08343772
v -0.46498062 0.03027206 -0.07433050
v -0.46498062 0.03027206 -0.07433050
v -0.47006634 0.03671872 -0.08343772
v -0.46289000 0.02871420 -0.08485614
v -0.47006634 0.03671872 -0.08343772
v -0.48029918 0.03968189 -0.08141498
v -0.47906074 0.03671871 -0.09177216
v -0.47006634 0.03671872 -0.08343772
v -0.47906074 0.03671871 -0.09177216
v -0.46882777 0.03027208 -0.09379483
v -0.46882777 0.03027208 -0.09379483
v -0.47906074 0.03671871 -0.09177216
v -0.47819215 0.02871419 -0.09903572
v -0.47906074 0.03671871 -0.09177216
v -0.48029918 0.03968189 -0.08141498
v -0.48976665 0.03671872 -0.08579357
v -0.47906074 0.03671871 -0.09177216
v -0.48976665 0.03671872 -0.08579357
v -0.48852841 0.03027203 -0.09615085
v -0.48852841 0.03027203 -0.09615085
v -0.48976665 0.03671872 -0.08579357
v -0.49640630 0.02871420 -0.08886432
v -0.48976665 0.03671872 -0.08579357
v -0.48029918 0.03968189 -0.08141498
v -0.48738920 0.03671872 -0.07376402
v -0.48976665 0.03671872 -0.08579357
v -0.48738920 0.03671872 -0.07376402
v -0.49685679 0.03027208 -0.07814254
v -0.49685679 0.03027208 -0.07814254
v -0.48738920 0.03671872 -0.07376402
v -0.49236137 0.02871420 -0.06839830
v -0.48738920 0.03671872 -0.07376402
v -0.48029918 0.03968189 -0.08141498
v -0.47521372 0.03671867 -0.07230801
v -0.48738920 0.03671872 -0.07376402
v -0.47521372 0.03671867 -0.07230801
v -0.48230339 0.03027206 -0.06465670
v -0.48230339 0.03027206 -0.06465670
v -0.47521372 0.03671867 -0.07230801
v -0.47164690 0.02871414 -0.06592095
v -0.46574599 0.01984097 -0.06792924
v -0.47164690 0.02871414 -0.06592095
v -0.46498062 0.03027206 -0.07433050
v -0.46574599 0.01984097 -0.06792924
v -0.46498062 0.03027206 -0.07433050
v -0.46059871 0.01984097 -0.07905907
v -0.46059871 0.01984097 -0.07905907
v -0.46498062 0.03027206 -0.07433050
v -0.46289000 0.02871420 -0.08485614
v -0.46297650 0.01984097 -0.09108881
v -0.46289000 0.02871420 -0.08485614
v -0.46882777 0.03027208 -0.09379483
v -0.46297650 0.01984097 -0.09108881
v -0.46882777 0.03027208 -0.09379483
v -0.47197106 0.01984096 -0.09942352
v -0.47197106 0.01984096 -0.09942352
v -0.46882777 0.03027208 -0.09379483
v -0.47819215 0.02871419 -0.09903572
v -0.48414654 0.01984096 -0.10087944
v -0.47819215 0.02871419 -0.09903572
v -0.48852841 0.03027203 -0.09615085
v -0.48414654 0.01984096 -0.10087944
v -0.48852841 0.03027203 -0.09615085
v -0.49485245 0.01984096 -0.09490090
v -0.49485245 0.01984096 -0.09490090
v -0.48852841 0.03027203 -0.09615085
v -0.49640630 0.02871420 -0.08886432
v -0.50000000 0.01984097 -0.08377098
v -0.49640630 0.02871420 -0.08886432
v -0.49685679 0.03027208 -0.07814254
v -0.50000000 0.01984097 -0.08377098
v -0.49685679 0.03027208 -0.07814254
v -0.49762230 0.01984097 -0.07174127
v -0.49762230 0.01984097 -0.07174127
v -0.49685679 0.03027208 -0.07814254
v -0.49236137 0.02871420 -0.06839830
v -0.48862782 0.01984097 -0.06340668
v -0.49236137 0.02871420 -0.06839830
v -0.48230339 0.03027206 -0.06465670
v -0.48862782 0.01984097 -0.06340668
v -0.48230339 0.03027206 -0.06465670
v -0.47645190 0.01984097 -0.06195059
v -0.47645190 0.01984097 -0.06195059
v -0.48230339 0.03027206 -0.06465670
v -0.47164690 0.02871414 -0.06592095
v -0.46059871 0.01984097 -0.07905907
v -0.46289000 0.02871420 -0.08485614
v -0.46297650 0.01984097 -0.09108881
v -0.46059871 0.01984097 -0.07905907
v -0.46297650 0.01984097 -0.09108881
v -0.46374200 0.00940983 -0.08468754
v -0.46374200 0.00940983 -0.08468754
v -0.46297650 0.01984097 -0.09108881
v -0.46823738 0.01096769 -0.09443186
v -0.47197106 0.01984096 -0.09942352
v -0.47819215 0.02871419 -0.09903572
v -0.48414654 0.01984096 -0.10087944
v -0.47197106 0.01984096 -0.09942352
v -0.48414654 0.01984096 -0.10087944
v -0.47829527 0.00940985 -0.09817342
v -0.47829527 0.00940985 -0.09817342
v -0.48414654 0.01984096 -0.10087944
v -0.48895168 0.01096778 -0.09690924
v -0.49485245 0.01984096 -0.09490090
v -0.49640630 0.02871420 -0.08886432
v -0.50000000 0.01984097 -0.08377098
v -0.49485245 0.01984096 -0.09490090
v -0.50000000 0.01984097 -0.08377098
v -0.49561809 0.00940985 -0.08849972
v -0.49561809 0.00940985 -0.08849972
v -0.50000000 0.01984097 -0.08377098
v -0.49770887 0.01096769 -0.07797395
v -0.49762230 0.01984097 -0.07174127
v -0.49236137 0.02871420 -0.06839830
v -0.48862782 0.01984097 -0.06340668
v -0.49762230 0.01984097 -0.07174127
v -0.48862782 0.01984097 -0.06340668
v -0.49177090 0.00940984 -0.06903521
v -0.49177090 0.00940984 -0.06903521
v -0.48862782 0.01984097 -0.06340668
v -0.48240651 0.01096770 -0.06379432
v -0.47645190 0.01984097 -0.06195059
v -0.47164690 0.02871414 -0.06592095
v -0.46574599 0.01984097 -0.06792924
v -0.47645190 0.01984097 -0.06195059
v -0.46574599 0.01984097 -0.06792924
v -0.47207055 0.00940986 -0.06667935
v -0.47207055 0.00940986 -0.06667935
v -0.46574599 0.01984097 -0.06792924
v -0.46419232 0.01096770 -0.07396584
v -0.47083180 0.00296318 -0.07703659
v -0.46419232 0.01096770 -0.07396584
v -0.46374200 0.00940983 -0.08468754
v -0.47083180 0.00296318 -0.07703659
v -0.46374200 0.00940983 -0.08468754
v -0.47320964 0.00296317 -0.08906599
v -0.47320964 0.00296317 -0.08906599
v -0.46374200 0.00940983 -0.08468754
v -0.46823738 0.01096769 -0.09443186
v -0.47320964 0.00296317 -0.08906599
v -0.46823738 0.01096769 -0.09443186
v -0.47829527 0.00940985 -0.09817342
v -0.47320964 0.00296317 -0.08906599
v -0.47829527 0.00940985 -0.09817342
v -0.48538516 0.00296324 -0.09052218
v -0.48538516 0.00296324 -0.09052218
v -0.47829527 0.00940985 -0.09817342
v -0.48895168 0.01096778 -0.09690924
v -0.48538516 0.00296324 -0.09052218
v -0.48895168 0.01096778 -0.09690924
v -0.49561809 0.00940985 -0.08849972
v -0.48538516 0.00296324 -0.09052218
v -0.49561809 0.00940985 -0.08849972
v -0.49053236 0.00296318 -0.07939234
v -0.49053236 0.00296318 -0.07939234
v -0.49561809 0.00940985 -0.08849972
v -0.49770887 0.01096769 -0.07797395
v -0.47207055 0.00940986 -0.06667935
v -0.46419232 0.01096770 -0.07396584
v -0.47083180 0.00296318 -0.07703659
v -0.47207055 0.00940986 -0.06667935
v -0.47083180 0.00296318 -0.07703659
v -0.48153780 0.00296318 -0.07105801
v -0.38011842 0.00296316 -0.30116335
v -0.38999196 0.00940980 -0.30452811
v -0.38450260 0.01096768 -0.29530719
v -0.38374077 0.00296316 -0.31287838
v -0.38999196 0.00940980 -0.30452811
v -0.38011842 0.00296316 -0.30116335
v -0.38374077 0.00296316 -0.31287838
v -0.39066503 0.01096765 -0.31523828
v -0.38999196 0.00940980 -0.30452811
v -0.38011842 0.00296316 -0.30116335
v -0.36785743 0.00296316 -0.30098796
v -0.37386727 0.00000001 -0.30951345
v -0.37206196 0.02786073 -0.30765574
v -0.37567285 0.02786073 -0.31137149
v -0.37200950 0.02786073 -0.31131907
v -0.37572548 0.02786073 -0.30770816
v -0.37386727 0.00000001 -0.30951345
v -0.38374077 0.00296316 -0.31287838
v -0.38011842 0.00296316 -0.30116335
v -0.38450260 0.01096768 -0.29530719
v -0.37410887 0.00940984 -0.29263771
v -0.38011842 0.00296316 -0.30116335
v -0.37386727 0.00000001 -0.30951345
v -0.37371828 0.00296322 -0.31994351
v -0.38374077 0.00296316 -0.31287838
v -0.37386727 0.00000001 -0.30951345
v -0.36390203 0.00296316 -0.31259464
v -0.37371828 0.00296322 -0.31994351
v -0.37386727 0.00000001 -0.30951345
v -0.36785743 0.00296316 -0.30098796
v -0.36390203 0.00296316 -0.31259464
v -0.38450260 0.01096768 -0.29530719
v -0.38026763 0.01984093 -0.29073314
v -0.37410887 0.00940984 -0.29263771
v -0.39066503 0.01096765 -0.31523828
v -0.39370640 0.01984093 -0.30979734
v -0.38999196 0.00940980 -0.30452811
v -0.37361340 0.01096776 -0.32725814
v -0.37972782 0.01984093 -0.32846922
v -0.38359147 0.00940982 -0.32330849
v -0.35691302 0.01096765 -0.31475550
v -0.35765065 0.01984093 -0.32094526
v -0.36375260 0.00940982 -0.32302471
v -0.36364290 0.01096768 -0.29500887
v -0.35798408 0.01984093 -0.29762294
v -0.35789203 0.00940980 -0.30406896
v -0.38450260 0.01096768 -0.29530719
v -0.39008426 0.01984093 -0.29808214
v -0.38026763 0.01984093 -0.29073314
v -0.39066503 0.01096765 -0.31523828
v -0.38975074 0.01984093 -0.32140422
v -0.39370640 0.01984093 -0.30979734
v -0.37361340 0.01096776 -0.32725814
v -0.36746696 0.01984093 -0.32829385
v -0.37972782 0.01984093 -0.32846922
v -0.35691302 0.01096765 -0.31475550
v -0.35402847 0.01984093 -0.30922989
v -0.35765065 0.01984093 -0.32094526
v -0.36364290 0.01096768 -0.29500887
v -0.36800668 0.01984093 -0.29055787
v -0.35798408 0.01984093 -0.29762294
v -0.39082181 0.02871418 -0.30427179
v -0.38383286 0.03671870 -0.30643254
v -0.38398211 0.03027204 -0.29600245
v -0.38409182 0.02871418 -0.32401833
v -0.37987703 0.03671870 -0.31803916
v -0.38984279 0.03027206 -0.31495827
v -0.36323221 0.02871418 -0.32371993
v -0.36761617 0.03671870 -0.31786381
v -0.37362606 0.03027202 -0.32638969
v -0.35706994 0.02871418 -0.30378899
v -0.36399399 0.03671870 -0.30614878
v -0.35774280 0.03027206 -0.31449901
v -0.37412119 0.02871410 -0.29176909
v -0.37401661 0.03671866 -0.29908388
v -0.36414324 0.03027204 -0.29571882
v -0.37401661 0.03671866 -0.29908388
v -0.37386727 0.03968187 -0.30951346
v -0.36399399 0.03671870 -0.30614878
v -0.37401661 0.03671866 -0.29908388
v -0.36399399 0.03671870 -0.30614878
v -0.36414324 0.03027204 -0.29571882
v -0.36414324 0.03027204 -0.29571882
v -0.36399399 0.03671870 -0.30614878
v -0.35706994 0.02871418 -0.30378899
v -0.36399399 0.03671870 -0.30614878
v -0.37386727 0.03968187 -0.30951346
v -0.36761617 0.03671870 -0.31786381
v -0.36399399 0.03671870 -0.30614878
v -0.36761617 0.03671870 -0.31786381
v -0.35774280 0.03027206 -0.31449901
v -0.35774280 0.03027206 -0.31449901
v -0.36761617 0.03671870 -0.31786381
v -0.36323221 0.02871418 -0.32371993
v -0.36761617 0.03671870 -0.31786381
v -0.37386727 0.03968187 -0.30951346
v -0.37987703 0.03671870 -0.31803916
v -0.36761617 0.03671870 -0.31786381
v -0.37987703 0.03671870 -0.31803916
v -0.37362606 0.03027202 -0.32638969
v -0.37362606 0.03027202 -0.32638969
v -0.37987703 0.03671870 -0.31803916
v -0.38409182 0.02871418 -0.32401833
v -0.37987703 0.03671870 -0.31803916
v -0.37386727 0.03968187 -0.30951346
v -0.38383286 0.03671870 -0.30643254
v -0.37987703 0.03671870 -0.31803916
v -0.38383286 0.03671870 -0.30643254
v -0.38984279 0.03027206 -0.31495827
v -0.38984279 0.03027206 -0.31495827
v -0.38383286 0.03671870 -0.30643254
v -0.39082181 0.02871418 -0.30427179
v -0.38383286 0.03671870 -0.30643254
v -0.37386727 0.03968187 -0.30951346
v -0.37401661 0.03671866 -0.29908388
v -0.38383286 0.03671870 -0.30643254
v -0.37401661 0.03671866 -0.29908388
v -0.38398211 0.03027204 -0.29600245
v -0.38398211 0.03027204 -0.29600245
v -0.37401661 0.03671866 -0.29908388
v -0.37412119 0.02871410 -0.29176909
v -0.36800668 0.01984093 -0.29055787
v -0.37412119 0.02871410 -0.29176909
v -0.36414324 0.03027204 -0.29571882
v -0.36800668 0.01984093 -0.29055787
v -0.36414324 0.03027204 -0.29571882
v -0.35798408 0.01984093 -0.29762294
v -0.35798408 0.01984093 -0.29762294
v -0.36414324 0.03027204 -0.29571882
v -0.35706994 0.02871418 -0.30378899
v -0.35402847 0.01984093 -0.30922989
v -0.35706994 0.02871418 -0.30378899
v -0.35774280 0.03027206 -0.31449901
v -0.35402847 0.01984093 -0.30922989
v -0.35774280 0.03027206 -0.31449901
v -0.35765065 0.01984093 -0.32094526
v -0.35765065 0.01984093 -0.32094526
v -0.35774280 0.03027206 -0.31449901
v -0.36323221 0.02871418 -0.32371993
v -0.36746696 0.01984093 -0.32829385
v -0.36323221 0.02871418 -0.32371993
v -0.37362606 0.03027202 -0.32638969
v -0.36746696 0.01984093 -0.32829385
v -0.37362606 0.03027202 -0.32638969
v -0.37972782 0.01984093 -0.32846922
v -0.37972782 0.01984093 -0.32846922
v -0.37362606 0.03027202 -0.32638969
v -0.38409182 0.02871418 -0.32401833
v -0.38975074 0.01984093 -0.32140422
v -0.38409182 0.02871418 -0.32401833
v -0.38984279 0.03027206 -0.31495827
v -0.38975074 0.01984093 -0.32140422
v -0.38984279 0.03027206 -0.31495827
v -0.39370640 0.01984093 -0.30979734
v -0.39370640 0.01984093 -0.30979734
v -0.38984279 0.03027206 -0.31495827
v -0.39082181 0.02871418 -0.30427179
v -0.39008426 0.01984093 -0.29808214
v -0.39082181 0.02871418 -0.30427179
v -0.38398211 0.03027204 -0.29600245
v -0.39008426 0.01984093 -0.29808214
v -0.38398211 0.03027204 -0.29600245
v -0.38026763 0.01984093 -0.29073314
v -0.38026763 0.01984093 -0.29073314
v -0.38398211 0.03027204 -0.29600245
v -0.37412119 0.02871410 -0.29176909
v -0.35798408 0.01984093 -0.29762294
v -0.35706994 0.02871418 -0.30378899
v -0.35402847 0.01984093 -0.30922989
v -0.35798408 0.01984093 -0.29762294
v -0.35402847 0.01984093 -0.30922989
v -0.35789203 0.00940980 -0.30406896
v -0.35789203 0.00940980 -0.30406896
v -0.35402847 0.01984093 -0.30922989
v -0.35691302 0.01096765 -0.31475550
v -0.35765065 0.01984093 -0.32094526
v -0.36323221 0.02871418 -0.32371993
v -0.36746696 0.01984093 -0.32829385
v -0.35765065 0.01984093 -0.32094526
v -0.36746696 0.01984093 -0.32829385
v -0.36375260 0.00940982 -0.32302471
v -0.36375260 0.00940982 -0.32302471
v -0.36746696 0.01984093 -0.32829385
v -0.37361340 0.01096776 -0.32725814
v -0.37972782 0.01984093 -0.32846922
v -0.38409182 0.02871418 -0.32401833
v -0.38975074 0.01984093 -0.32140422
v -0.37972782 0.01984093 -0.32846922
v -0.38975074 0.01984093 -0.32140422
v -0.38359147 0.00940982 -0.32330849
v -0.38359147 0.00940982 -0.32330849
v -0.38975074 0.01984093 -0.32140422
v -0.39066503 0.01096765 -0.31523828
v -0.39370640 0.01984093 -0.30979734
v -0.39082181 0.02871418 -0.30427179
v -0.39008426 0.01984093 -0.29808214
v -0.39370640 0.01984093 -0.30979734
v -0.39008426 0.01984093 -0.29808214
v -0.38999196 0.00940980 -0.30452811
v -0.38999196 0.00940980 -0.30452811
v -0.39008426 0.01984093 -0.29808214
v -0.38450260 0.01096768 -0.29530719
v -0.38026763 0.01984093 -0.29073314
v -0.37412119 0.02871410 -0.29176909
v -0.36800668 0.01984093 -0.29055787
v -0.38026763 0.01984093 -0.29073314
v -0.36800668 0.01984093 -0.29055787
v -0.37410887 0.00940984 -0.29263771
v -0.37410887 0.00940984 -0.29263771
v -0.36800668 0.01984093 -0.29055787
v -0.36364290 0.01096768 -0.29500887
v -0.36785743 0.00296316 -0.30098796
v -0.36364290 0.01096768 -0.29500887
v -0.35789203 0.00940980 -0.30406896
v -0.36785743 0.00296316 -0.30098796
v -0.35789203 0.00940980 -0.30406896
v -0.36390203 0.00296316 -0.31259464
v -0.36390203 0.00296316 -0.31259464
v -0.35789203 0.00940980 -0.30406896
v -0.35691302 0.01096765 -0.31475550
v -0.36390203 0.00296316 -0.31259464
v -0.35691302 0.01096765 -0.31475550
v -0.36375260 0.00940982 -0.32302471
v -0.36390203 0.00296316 -0.31259464
v -0.36375260 0.00940982 -0.32302471
v -0.37371828 0.00296322 -0.31994351
v -0.37371828 0.00296322 -0.31994351
v -0.36375260 0.00940982 -0.32302471
v -0.37361340 0.01096776 -0.32725814
v -0.37371828 0.00296322 -0.31994351
v -0.37361340 0.01096776 -0.32725814
v -0.38359147 0.00940982 -0.32330849
v -0.37371828 0.00296322 -0.31994351
v -0.38359147 0.00940982 -0.32330849
v -0.38374077 0.00296316 -0.31287838
v -0.38374077 0.00296316 -0.31287838
v -0.38359147 0.00940982 -0.32330849
v -0.39066503 0.01096765 -0.31523828
v -0.37410887 0.00940984 -0.29263771
v -0.36364290 0.01096768 -0.29500887
v -0.36785743 0.00296316 -0.30098796
v -0.37410887 0.00940984 -0.29263771
v -0.36785743 0.00296316 -0.30098796
v -0.38011842 0.00296316 -0.30116335
v -0.17723399 0.00296316 -0.44973072
v -0.18410236 0.00940979 -0.45758145
v -0.18395890 0.01096767 -0.44685122
v -0.17451352 0.00296315 -0.46168743
v -0.18410236 0.00940979 -0.45758145
v -0.17723399 0.00296316 -0.44973072
v -0.17451352 0.00296315 -0.46168743
v -0.17933014 0.01096765 -0.46719330
v -0.18410236 0.00940979 -0.45758145
v -0.17723399 0.00296316 -0.44973072
v -0.16670335 0.00296316 -0.44344836
v -0.16764527 0.00000000 -0.45383653
v -0.16827995 0.02786071 -0.45634844
v -0.16513360 0.02786071 -0.45447138
v -0.16701071 0.02786071 -0.45132505
v -0.17015716 0.02786071 -0.45320220
v -0.16764527 0.00000000 -0.45383653
v -0.17451352 0.00296315 -0.46168743
v -0.17723399 0.00296316 -0.44973072
v -0.18395890 0.01096767 -0.44685122
v -0.17629239 0.00940984 -0.43934251
v -0.17723399 0.00296316 -0.44973072
v -0.16764527 0.00000000 -0.45383653
v -0.16230121 0.00296320 -0.46279475
v -0.17451352 0.00296315 -0.46168743
v -0.16764527 0.00000000 -0.45383653
v -0.15747451 0.00296316 -0.45152231
v -0.16230121 0.00296320 -0.46279475
v -0.16764527 0.00000000 -0.45383653
v -0.16670335 0.00296316 -0.44344836
v -0.15747451 0.00296316 -0.45152231
v -0.18395890 0.01096767 -0.44685122
v -0.18257832 0.01984093 -0.44077254
v -0.17629239 0.00940984 -0.43934251
v -0.17933014 0.01096765 -0.46719330
v -0.18468454 0.01984092 -0.46400195
v -0.18410236 0.00940979 -0.45758145
v -0.15855308 0.01096774 -0.46907698
v -0.16324278 0.01984092 -0.47318301
v -0.16916918 0.00940981 -0.47064549
v -0.15034145 0.01096765 -0.44989917
v -0.14788536 0.01984093 -0.45562847
v -0.15213013 0.00940981 -0.46048033
v -0.16604298 0.01096768 -0.43616301
v -0.15983528 0.01984093 -0.43559746
v -0.15653258 0.00940980 -0.44113385
v -0.18395890 0.01096767 -0.44685122
v -0.18740525 0.01984093 -0.45204519
v -0.18257832 0.01984093 -0.44077254
v -0.17933014 0.01096765 -0.46719330
v -0.17545538 0.01984092 -0.47207599
v -0.18468454 0.01984092 -0.46400195
v -0.15855308 0.01096774 -0.46907698
v -0.15271223 0.01984092 -0.46690069
v -0.16324278 0.01984092 -0.47318301
v -0.15034145 0.01096765 -0.44989917
v -0.15060615 0.01984093 -0.44367158
v -0.14788536 0.01984093 -0.45562847
v -0.16604298 0.01096768 -0.43616301
v -0.17204769 0.01984093 -0.43449027
v -0.15983528 0.01984093 -0.43559746
v -0.18494918 0.02871418 -0.45777440
v -0.17781621 0.03671870 -0.45615122
v -0.18316049 0.03027202 -0.44719312
v -0.16924754 0.02871417 -0.47151040
v -0.16858704 0.03671869 -0.46422491
v -0.17875810 0.03027203 -0.46653968
v -0.15133178 0.02871418 -0.46082219
v -0.15805649 0.03671870 -0.45794264
v -0.15899827 0.03027201 -0.46833119
v -0.15596059 0.02871418 -0.44048036
v -0.16077710 0.03671870 -0.44598606
v -0.15118832 0.03027204 -0.45009191
v -0.17673737 0.02871409 -0.43859646
v -0.17298940 0.03671865 -0.44487895
v -0.16612132 0.03027202 -0.43702805
v -0.17298940 0.03671865 -0.44487895
v -0.16764527 0.03968185 -0.45383653
v -0.16077710 0.03671870 -0.44598606
v -0.17298940 0.03671865 -0.44487895
v -0.16077710 0.03671870 -0.44598606
v -0.16612132 0.03027202 -0.43702805
v -0.16612132 0.03027202 -0.43702805
v -0.16077710 0.03671870 -0.44598606
v -0.15596059 0.02871418 -0.44048036
v -0.16077710 0.03671870 -0.44598606
v -0.16764527 0.03968185 -0.45383653
v -0.15805649 0.03671870 -0.45794264
v -0.16077710 0.03671870 -0.44598606
v -0.15805649 0.03671870 -0.45794264
v -0.15118832 0.03027204 -0.45009191
v -0.15118832 0.03027204 -0.45009191
v -0.15805649 0.03671870 -0.45794264
v -0.15133178 0.02871418 -0.46082219
v -0.15805649 0.03671870 -0.45794264
v -0.16764527 0.03968185 -0.45383653
v -0.16858704 0.03671869 -0.46422491
v -0.15805649 0.03671870 -0.45794264
v -0.16858704 0.03671869 -0.46422491
v -0.15899827 0.03027201 -0.46833119
v -0.15899827 0.03027201 -0.46833119
v -0.16858704 0.03671869 -0.46422491
v -0.16924754 0.02871417 -0.47151040
v -0.16858704 0.03671869 -0.46422491
v -0.16764527 0.03968185 -0.45383653
v -0.17781621 0.03671870 -0.45615122
v -0.16858704 0.03671869 -0.46422491
v -0.17781621 0.03671870 -0.45615122
v -0.17875810 0.03027203 -0.46653968
v -0.17875810 0.03027203 -0.46653968
v -0.17781621 0.03671870 -0.45615122
v -0.18494918 0.02871418 -0.45777440
v -0.17781621 0.03671870 -0.45615122
v -0.16764527 0.03968185 -0.45383653
v -0.17298940 0.03671865 -0.44487895
v -0.17781621 0.03671870 -0.45615122
v -0.17298940 0.03671865 -0.44487895
v -0.18316049 0.03027202 -0.44719312
v -0.18316049 0.03027202 -0.44719312
v -0.17298940 0.03671865 -0.44487895
v -0.17673737 0.02871409 -0.43859646
v -0.17204769 0.01984093 -0.43449027
v -0.17673737 0.02871409 -0.43859646
v -0.16612132 0.03027202 -0.43702805
v -0.17204769 0.01984093 -0.43449027
v -0.16612132 0.03027202 -0.43702805
v -0.15983528 0.01984093 -0.43559746
v -0.15983528 0.01984093 -0.43559746
v -0.16612132 0.03027202 -0.43702805
v -0.15596059 0.02871418 -0.44048036
v -0.15060615 0.01984093 -0.44367158
v -0.15596059 0.02871418 -0.44048036
v -0.15118832 0.03027204 -0.45009191
v -0.15060615 0.01984093 -0.44367158
v -0.15118832 0.03027204 -0.45009191
v -0.14788536 0.01984093 -0.45562847
v -0.14788536 0.01984093 -0.45562847
v -0.15118832 0.03027204 -0.45009191
v -0.15133178 0.02871418 -0.46082219
v -0.15271223 0.01984092 -0.46690069
v -0.15133178 0.02871418 -0.46082219
v -0.15899827 0.03027201 -0.46833119
v -0.15271223 0.01984092 -0.46690069
v -0.15899827 0.03027201 -0.46833119
v -0.16324278 0.01984092 -0.47318301
v -0.16324278 0.01984092 -0.47318301
v -0.15899827 0.03027201 -0.46833119
v -0.16924754 0.02871417 -0.47151040
v -0.17545538 0.01984092 -0.47207599
v -0.16924754 0.02871417 -0.47151040
v -0.17875810 0.03027203 -0.46653968
v -0.17545538 0.01984092 -0.47207599
v -0.17875810 0.03027203 -0.46653968
v -0.18468454 0.01984092 -0.46400195
v -0.18468454 0.01984092 -0.46400195
v -0.17875810 0.03027203 -0.46653968
v -0.18494918 0.02871418 -0.45777440
v -0.18740525 0.01984093 -0.45204519
v -0.18494918 0.02871418 -0.45777440
v -0.18316049 0.03027202 -0.44719312
v -0.18740525 0.01984093 -0.45204519
v -0.18316049 0.03027202 -0.44719312
v -0.18257832 0.01984093 -0.44077254
v -0.18257832 0.01984093 -0.44077254
v -0.18316049 0.03027202 -0.44719312
v -0.17673737 0.02871409 -0.43859646
v -0.15983528 0.01984093 -0.43559746
v -0.15596059 0.02871418 -0.44048036
v -0.15060615 0.01984093 -0.44367158
v -0.15983528 0.01984093 -0.43559746
v -0.15060615 0.01984093 -0.44367158
v -0.15653258 0.00940980 -0.44113385
v -0.15653258 0.00940980 -0.44113385
v -0.15060615 0.01984093 -0.44367158
v -0.15034145 0.01096765 -0.44989917
v -0.14788536 0.01984093 -0.45562847
v -0.15133178 0.02871418 -0.46082219
v -0.15271223 0.01984092 -0.46690069
v -0.14788536 0.01984093 -0.45562847
v -0.15271223 0.01984092 -0.46690069
v -0.15213013 0.00940981 -0.46048033
v -0.15213013 0.00940981 -0.46048033
v -0.15271223 0.01984092 -0.46690069
v -0.15855308 0.01096774 -0.46907698
v -0.16324278 0.01984092 -0.47318301
v -0.16924754 0.02871417 -0.47151040
v -0.17545538 0.01984092 -0.47207599
v -0.16324278 0.01984092 -0.47318301
v -0.17545538 0.01984092 -0.47207599
v -0.16916918 0.00940981 -0.47064549
v -0.16916918 0.00940981 -0.47064549
v -0.17545538 0.01984092 -0.47207599
v -0.17933014 0.01096765 -0.46719330
v -0.18468454 0.01984092 -0.46400195
v -0.18494918 0.02871418 -0.45777440
v -0.18740525 0.01984093 -0.45204519
v -0.18468454 0.01984092 -0.46400195
v -0.18740525 0.01984093 -0.45204519
v -0.18410236 0.00940979 -0.45758145
v -0.18410236 0.00940979 -0.45758145
v -0.18740525 0.01984093 -0.45204519
v -0.18395890 0.01096767 -0.44685122
v -0.18257832 0.01984093 -0.44077254
v -0.17673737 0.02871409 -0.43859646
v -0.17204769 0.01984093 -0.43449027
v -0.18257832 0.01984093 -0.44077254
v -0.17204769 0.01984093 -0.43449027
v -0.17629239 0.00940984 -0.43934251
v -0.17629239 0.00940984 -0.43934251
v -0.17204769 0.01984093 -0.43449027
v -0.16604298 0.01096768 -0.43616301
v -0.16670335 0.00296316 -0.44344836
v -0.16604298 0.01096768 -0.43616301
v -0.15653258 0.00940980 -0.44113385
v -0.16670335 0.00296316 -0.44344836
v -0.15653258 0.00940980 -0.44113385
v -0.15747451 0.00296316 -0.45152231
v -0.15747451 0.00296316 -0.45152231
v -0.15653258 0.00940980 -0.44113385
v -0.15034145 0.01096765 -0.44989917
v -0.15747451 0.00296316 -0.45152231
v -0.15034145 0.01096765 -0.44989917
v -0.15213013 0.00940981 -0.46048033
v -0.15747451 0.00296316 -0.45152231
v -0.15213013 0.00940981 -0.46048033
v -0.16230121 0.00296320 -0.46279475
v -0.16230121 0.00296320 -0.46279475
v -0.15213013 0.00940981 -0.46048033
v -0.15855308 0.01096774 -0.46907698
v -0.16230121 0.00296320 -0.46279475
v -0.15855308 0.01096774 -0.46907698
v -0.16916918 0.00940981 -0.47064549
v -0.16230121 0.00296320 -0.46279475
v -0.16916918 0.00940981 -0.47064549
v -0.17451352 0.00296315 -0.46168743
v -0.17451352 0.00296315 -0.46168743
v -0.16916918 0.00940981 -0.47064549
v -0.17933014 0.01096765 -0.46719330
v -0.17629239 0.00940984 -0.43934251
v -0.16604298 0.01096768 -0.43616301
v -0.16670335 0.00296316 -0.44344836
v -0.17629239 0.00940984 -0.43934251
v -0.16670335 0.00296316 -0.44344836
v -0.17723399 0.00296316 -0.44973072
v 0.07275275 0.00296315 -0.47695166
v 0.07072993 0.00940979 -0.48718471
v 0.06548906 0.01096767 -0.47782033
v 0.08108710 0.00296315 -0.48594618
v 0.07072993 0.00940979 -0.48718471
v 0.07275275 0.00296315 -0.47695166
v 0.08108710 0.00296315 -0.48594618
v 0.07966870 0.01096767 -0.49312269
v 0.07072993 0.00940979 -0.48718471
v 0.07275275 0.00296315 -0.47695166
v 0.07873134 0.00296315 -0.46624562
v 0.08310971 0.00000000 -0.47571300
v 0.08381601 0.02786072 -0.47820571
v 0.08240351 0.02786073 -0.47322072
v 0.08061719 0.02786072 -0.47641959
v 0.08560232 0.02786072 -0.47500697
v 0.08310971 0.00000000 -0.47571300
v 0.08108710 0.00296315 -0.48594618
v 0.07275275 0.00296315 -0.47695166
v 0.06548906 0.01096767 -0.47782033
v 0.06837409 0.00940983 -0.46748436
v 0.07275275 0.00296315 -0.47695166
v 0.08310971 0.00000000 -0.47571300
v 0.09221692 0.00296322 -0.48079902
v 0.08108710 0.00296315 -0.48594618
v 0.08310971 0.00000000 -0.47571300
v 0.09076076 0.00296315 -0.46862345
v 0.09221692 0.00296322 -0.48079902
v 0.08310971 0.00000000 -0.47571300
v 0.07873134 0.00296315 -0.46624562
v 0.09076076 0.00296315 -0.46862345
v 0.06548906 0.01096767 -0.47782033
v 0.06364532 0.01984094 -0.47186577
v 0.06837409 0.00940983 -0.46748436
v 0.07966870 0.01096767 -0.49312269
v 0.07343599 0.01984094 -0.49303611
v 0.07072993 0.00940979 -0.48718471
v 0.09860401 0.01096775 -0.48436553
v 0.09659564 0.01984094 -0.49026632
v 0.09019445 0.00940983 -0.49103195
v 0.09612659 0.01096767 -0.46365124
v 0.10111826 0.01984094 -0.46738488
v 0.09986809 0.00940983 -0.47370909
v 0.07566058 0.01096767 -0.45960614
v 0.08075384 0.01984095 -0.45601252
v 0.08638225 0.00940979 -0.45915582
v 0.06548906 0.01096767 -0.47782033
v 0.06510141 0.01984094 -0.48404168
v 0.06364532 0.01984094 -0.47186577
v 0.07966870 0.01096767 -0.49312269
v 0.08546569 0.01984094 -0.49541386
v 0.07343599 0.01984094 -0.49303611
v 0.09860401 0.01096775 -0.48436553
v 0.10257418 0.01984094 -0.47956036
v 0.09659564 0.01984094 -0.49026632
v 0.09612659 0.01096767 -0.46365124
v 0.09278354 0.01984095 -0.45839031
v 0.10111826 0.01984094 -0.46738488
v 0.07566058 0.01096767 -0.45960614
v 0.06962396 0.01984095 -0.46115985
v 0.08075384 0.01984095 -0.45601252
v 0.07009302 0.02871417 -0.48777523
v 0.07545876 0.03671869 -0.48280302
v 0.06635143 0.03027203 -0.47771725
v 0.09055906 0.02871417 -0.49182020
v 0.08748831 0.03671869 -0.48518051
v 0.07983728 0.03027205 -0.49227061
v 0.10073044 0.02871417 -0.47360601
v 0.09346689 0.03671869 -0.47447460
v 0.09784557 0.03027201 -0.48394223
v 0.08655085 0.02871418 -0.45830387
v 0.08513249 0.03671869 -0.46548020
v 0.09548957 0.03027206 -0.46424159
v 0.06761568 0.02871409 -0.46706076
v 0.07400274 0.03671865 -0.47062754
v 0.07602523 0.03027204 -0.46039444
v 0.07400274 0.03671865 -0.47062754
v 0.08310971 0.03968187 -0.47571300
v 0.08513249 0.03671869 -0.46548020
v 0.07400274 0.03671865 -0.47062754
v 0.08513249 0.03671869 -0.46548020
v 0.07602523 0.03027204 -0.46039444
v 0.07602523 0.03027204 -0.46039444
v 0.08513249 0.03671869 -0.46548020
v 0.08655085 0.02871418 -0.45830387
v 0.08513249 0.03671869 -0.46548020
v 0.08310971 0.03968187 -0.47571300
v 0.09346689 0.03671869 -0.47447460
v 0.08513249 0.03671869 -0.46548020
v 0.09346689 0.03671869 -0.47447460
v 0.09548957 0.03027206 -0.46424159
v 0.09548957 0.03027206 -0.46424159
v 0.09346689 0.03671869 -0.47447460
v 0.10073044 0.02871417 -0.47360601
v 0.09346689 0.03671869 -0.47447460
v 0.08310971 0.03968187 -0.47571300
v 0.08748831 0.03671869 -0.48518051
v 0.09346689 0.03671869 -0.47447460
v 0.08748831 0.03671869 -0.48518051
v 0.09784557 0.03027201 -0.48394223
v 0.09784557 0.03027201 -0.48394223
v 0.08748831 0.03671869 -0.48518051
v 0.09055906 0.02871417 -0.49182020
v 0.08748831 0.03671869 -0.48518051
v 0.08310971 0.03968187 -0.47571300
v 0.07545876 0.03671869 -0.48280302
v 0.08748831 0.03671869 -0.48518051
v 0.07545876 0.03671869 -0.48280302
v 0.07983728 0.03027205 -0.49227061
v 0.07983728 0.03027205 -0.49227061
v 0.07545876 0.03671869 -0.48280302
v 0.07009302 0.02871417 -0.48777523
v 0.07545876 0.03671869 -0.48280302
v 0.08310971 0.03968187 -0.47571300
v 0.07400274 0.03671865 -0.47062754
v 0.07545876 0.03671869 -0.48280302
v 0.07400274 0.03671865 -0.47062754
v 0.06635143 0.03027203 -0.47771725
v 0.06635143 0.03027203 -0.47771725
v 0.07400274 0.03671865 -0.47062754
v 0.06761568 0.02871409 -0.46706076
v 0.06962396 0.01984095 -0.46115985
v 0.06761568 0.02871409 -0.46706076
v 0.07602523 0.03027204 -0.46039444
v 0.06962396 0.01984095 -0.46115985
v 0.07602523 0.03027204 -0.46039444
v 0.08075384 0.01984095 -0.45601252
v 0.08075384 0.01984095 -0.45601252
v 0.07602523 0.03027204 -0.46039444
v 0.08655085 0.02871418 -0.45830387
v 0.09278354 0.01984095 -0.45839031
v 0.08655085 0.02871418 -0.45830387
v 0.09548957 0.03027206 -0.46424159
v 0.09278354 0.01984095 -0.45839031
v 0.09548957 0.03027206 -0.46424159
v 0.10111826 0.01984094 -0.46738488
v 0.10111826 0.01984094 -0.46738488
v 0.09548957 0.03027206 -0.46424159
v 0.10073044 0.02871417 -0.47360601
v 0.10257418 0.01984094 -0.47956036
v 0.10073044 0.02871417 -0.47360601
v 0.09784557 0.03027201 -0.48394223
v 0.10257418 0.01984094 -0.47956036
v 0.09784557 0.03027201 -0.48394223
v 0.09659564 0.01984094 -0.49026632
v 0.09659564 0.01984094 -0.49026632
v 0.09784557 0.03027201 -0.48394223
v 0.09055906 0.02871417 -0.49182020
v 0.08546569 0.01984094 -0.49541386
v 0.09055906 0.02871417 -0.49182020
v 0.07983728 0.03027205 -0.49227061
v 0.08546569 0.01984094 -0.49541386
v 0.07983728 0.03027205 -0.49227061
v 0.07343599 0.01984094 -0.49303611
v 0.07343599 0.01984094 -0.49303611
v 0.07983728 0.03027205 -0.49227061
v 0.07009302 0.02871417 -0.48777523
v 0.06510141 0.01984094 -0.48404168
v 0.07009302 0.02871417 -0.48777523
v 0.06635143 0.03027203 -0.47771725
v 0.06510141 0.01984094 -0.48404168
v 0.06635143 0.03027203 -0.47771725
v 0.06364532 0.01984094 -0.47186577
v 0.06364532 0.01984094 -0.47186577
v 0.06635143 0.03027203 -0.47771725
v 0.06761568 0.02871409 -0.46706076
v 0.08075384 0.01984095 -0.45601252
v 0.08655085 0.02871418 -0.45830387
v 0.09278354 0.01984095 -0.45839031
v 0.08075384 0.01984095 -0.45601252
v 0.09278354 0.01984095 -0.45839031
v 0.08638225 0.00940979 -0.45915582
v 0.08638225 0.00940979 -0.45915582
v 0.09278354 0.01984095 -0.45839031
v 0.09612659 0.01096767 -0.46365124
v 0.10111826 0.01984094 -0.46738488
v 0.10073044 0.02871417 -0.47360601
v 0.10257418 0.01984094 -0.47956036
v 0.10111826 0.01984094 -0.46738488
v 0.10257418 0.01984094 -0.47956036
v 0.09986809 0.00940983 -0.47370909
v 0.09986809 0.00940983 -0.47370909
v 0.10257418 0.01984094 -0.47956036
v 0.09860401 0.01096775 -0.48436553
v 0.09659564 0.01984094 -0.49026632
v 0.09055906 0.02871417 -0.49182020
v 0.08546569 0.01984094 -0.49541386
v 0.09659564 0.01984094 -0.49026632
v 0.08546569 0.01984094 -0.49541386
v 0.09019445 0.00940983 -0.49103195
v 0.09019445 0.00940983 -0.49103195
v 0.08546569 0.01984094 -0.49541386
v 0.07966870 0.01096767 -0.49312269
v 0.07343599 0.01984094 -0.49303611
v 0.07009302 0.02871417 -0.48777523
v 0.06510141 0.01984094 -0.48404168
v 0.07343599 0.01984094 -0.49303611
v 0.06510141 0.01984094 -0.48404168
v 0.07072993 0.00940979 -0.48718471
v 0.07072993 0.00940979 -0.48718471
v 0.06510141 0.01984094 -0.48404168
v 0.06548906 0.01096767 -0.47782033
v 0.06364532 0.01984094 -0.47186577
v 0.06761568 0.02871409 -0.46706076
v 0.06962396 0.01984095 -0.46115985
v 0.06364532 0.01984094 -0.47186577
v 0.06962396 0.01984095 -0.46115985
v 0.06837409 0.00940983 -0.46748436
v 0.06837409 0.00940983 -0.46748436
v 0.06962396 0.01984095 -0.46115985
v 0.07566058 0.01096767 -0.45960614
v 0.07873134 0.00296315 -0.46624562
v 0.07566058 0.01096767 -0.45960614
v 0.08638225 0.00940979 -0.45915582
v 0.07873134 0.00296315 -0.46624562
v 0.08638225 0.00940979 -0.45915582
v 0.09076076 0.00296315 -0.46862345
v 0.09076076 0.00296315 -0.46862345
v 0.08638225 0.00940979 -0.45915582
v 0.09612659 0.01096767 -0.46365124
v 0.09076076 0.00296315 -0.46862345
v 0.09612659 0.01096767 -0.46365124
v 0.09986809 0.00940983 -0.47370909
v 0.09076076 0.00296315 -0.46862345
v 0.09986809 0.00940983 -0.47370909
v 0.09221692 0.00296322 -0.48079902
v 0.09221692 0.00296322 -0.48079902
v 0.09986809 0.00940983 -0.47370909
v 0.09860401 0.01096775 -0.48436553
v 0.09221692 0.00296322 -0.48079902
v 0.09860401 0.01096775 -0.48436553
v 0.09019445 0.00940983 -0.49103195
v 0.09221692 0.00296322 -0.48079902
v 0.09019445 0.00940983 -0.49103195
v 0.08108710 0.00296315 -0.48594618
v 0.08108710 0.00296315 -0.48594618
v 0.09019445 0.00940983 -0.49103195
v 0.07966870 0.01096767 -0.49312269
v 0.06837409 0.00940983 -0.46748436
v 0.07566058 0.01096767 -0.45960614
v 0.07873134 0.00296315 -0.46624562
v 0.06837409 0.00940983 -0.46748436
v 0.07873134 0.00296315 -0.46624562
v 0.07275275 0.00296315 -0.47695166
v 0.30285804 0.00296319 -0.37553228
v 0.30622278 0.00940983 -0.38540582
v 0.29700185 0.01096771 -0.37991641
v 0.31457309 0.00296319 -0.37915463
v 0.30622278 0.00940983 -0.38540582
v 0.30285804 0.00296319 -0.37553228
v 0.31457309 0.00296319 -0.37915463
v 0.31693297 0.01096769 -0.38607880
v 0.30622278 0.00940983 -0.38540582
v 0.30285804 0.00296319 -0.37553228
v 0.30268267 0.00296319 -0.36327129
v 0.31120812 0.00000004 -0.36928113
v 0.31306617 0.02786074 -0.37108671
v 0.30935038 0.02786074 -0.36747582
v 0.30940284 0.02786074 -0.37113930
v 0.31301373 0.02786074 -0.36742332
v 0.31120812 0.00000004 -0.36928113
v 0.31457309 0.00296319 -0.37915463
v 0.30285804 0.00296319 -0.37553228
v 0.29700185 0.01096771 -0.37991641
v 0.29433238 0.00940987 -0.36952273
v 0.30285804 0.00296319 -0.37553228
v 0.31120812 0.00000004 -0.36928113
v 0.32163820 0.00296323 -0.36913209
v 0.31457309 0.00296319 -0.37915463
v 0.31120812 0.00000004 -0.36928113
v 0.31428935 0.00296319 -0.35931584
v 0.32163820 0.00296323 -0.36913209
v 0.31120812 0.00000004 -0.36928113
v 0.30268267 0.00296319 -0.36327129
v 0.31428935 0.00296319 -0.35931584
v 0.29700185 0.01096771 -0.37991641
v 0.29242783 0.01984096 -0.37568145
v 0.29433238 0.00940987 -0.36952273
v 0.31693297 0.01096769 -0.38607880
v 0.31149198 0.01984096 -0.38912022
v 0.30622278 0.00940983 -0.38540582
v 0.32895285 0.01096779 -0.36902726
v 0.33016393 0.01984096 -0.37514168
v 0.32500313 0.00940985 -0.37900529
v 0.31645019 0.01096769 -0.35232685
v 0.32263990 0.01984096 -0.35306448
v 0.32471933 0.00940985 -0.35916646
v 0.29670356 0.01096771 -0.35905671
v 0.29931765 0.01984096 -0.35339792
v 0.30576363 0.00940983 -0.35330587
v 0.29700185 0.01096771 -0.37991641
v 0.29977680 0.01984096 -0.38549808
v 0.29242783 0.01984096 -0.37568145
v 0.31693297 0.01096769 -0.38607880
v 0.32309888 0.01984096 -0.38516452
v 0.31149198 0.01984096 -0.38912022
v 0.32895285 0.01096779 -0.36902726
v 0.32998853 0.01984096 -0.36288078
v 0.33016393 0.01984096 -0.37514168
v 0.31645019 0.01096769 -0.35232685
v 0.31092455 0.01984096 -0.34944231
v 0.32263990 0.01984096 -0.35306448
v 0.29670356 0.01096771 -0.35905671
v 0.29225252 0.01984096 -0.36342054
v 0.29931765 0.01984096 -0.35339792
v 0.30596645 0.02871421 -0.38623567
v 0.30812724 0.03671873 -0.37924672
v 0.29769714 0.03027205 -0.37939593
v 0.32571304 0.02871421 -0.37950568
v 0.31973382 0.03671873 -0.37529089
v 0.31665291 0.03027209 -0.38525665
v 0.32541459 0.02871422 -0.35864598
v 0.31955849 0.03671873 -0.36303003
v 0.32808435 0.03027205 -0.36903992
v 0.30548365 0.02871422 -0.35248376
v 0.30784349 0.03671873 -0.35940781
v 0.31619369 0.03027210 -0.35315664
v 0.29346377 0.02871413 -0.36953505
v 0.30077852 0.03671869 -0.36943047
v 0.29741351 0.03027205 -0.35955706
v 0.30077852 0.03671869 -0.36943047
v 0.31120812 0.03968190 -0.36928114
v 0.30784349 0.03671873 -0.35940781
v 0.30077852 0.03671869 -0.36943047
v 0.30784349 0.03671873 -0.35940781
v 0.29741351 0.03027205 -0.35955706
v 0.29741351 0.03027205 -0.35955706
v 0.30784349 0.03671873 -0.35940781
v 0.30548365 0.02871422 -0.35248376
v 0.30784349 0.03671873 -0.35940781
v 0.31120812 0.03968190 -0.36928114
v 0.31955849 0.03671873 -0.36303003
v 0.30784349 0.03671873 -0.35940781
v 0.31955849 0.03671873 -0.36303003
v 0.31619369 0.03027210 -0.35315664
v 0.31619369 0.03027210 -0.35315664
v 0.31955849 0.03671873 -0.36303003
v 0.32541459 0.02871422 -0.35864598
v 0.31955849 0.03671873 -0.36303003
v 0.31120812 0.03968190 -0.36928114
v 0.31973382 0.03671873 -0.37529089
v 0.31955849 0.03671873 -0.36303003
v 0.31973382 0.03671873 -0.37529089
v 0.32808435 0.03027205 -0.36903992
v 0.32808435 0.03027205 -0.36903992
v 0.31973382 0.03671873 -0.37529089
v 0.32571304 0.02871421 -0.37950568
v 0.31973382 0.03671873 -0.37529089
v 0.31120812 0.03968190 -0.36928114
v 0.30812724 0.03671873 -0.37924672
v 0.31973382 0.03671873 -0.37529089
v 0.30812724 0.03671873 -0.37924672
v 0.31665291 0.03027209 -0.38525665
v 0.31665291 0.03027209 -0.38525665
v 0.30812724 0.03671873 -0.37924672
v 0.30596645 0.02871421 -0.38623567
v 0.30812724 0.03671873 -0.37924672
v 0.31120812 0.03968190 -0.36928114
v 0.30077852 0.03671869 -0.36943047
v 0.30812724 0.03671873 -0.37924672
v 0.30077852 0.03671869 -0.36943047
v 0.29769714 0.03027205 -0.37939593
v 0.29769714 0.03027205 -0.37939593
v 0.30077852 0.03671869 -0.36943047
v 0.29346377 0.02871413 -0.36953505
v 0.29225252 0.01984096 -0.36342054
v 0.29346377 0.02871413 -0.36953505
v 0.29741351 0.03027205 -0.35955706
v 0.29225252 0.01984096 -0.36342054
v 0.29741351 0.03027205 -0.35955706
v 0.29931765 0.01984096 -0.35339792
v 0.29931765 0.01984096 -0.35339792
v 0.29741351 0.03027205 -0.35955706
v 0.30548365 0.02871422 -0.35248376
v 0.31092455 0.01984096 -0.34944231
v 0.30548365 0.02871422 -0.35248376
v 0.31619369 0.03027210 -0.35315664
v 0.31092455 0.01984096 -0.34944231
v 0.31619369 0.03027210 -0.35315664
v 0.32263990 0.01984096 -0.35306448
v 0.32263990 0.01984096 -0.35306448
v 0.31619369 0.03027210 -0.35315664
v 0.32541459 0.02871422 -0.35864598
v 0.32998853 0.01984096 -0.36288078
v 0.32541459 0.02871422 -0.35864598
v 0.32808435 0.03027205 -0.36903992
v 0.32998853 0.01984096 -0.36288078
v 0.32808435 0.03027205 -0.36903992
v 0.33016393 0.01984096 -0.37514168
v 0.33016393 0.01984096 -0.37514168
v 0.32808435 0.03027205 -0.36903992
v 0.32571304 0.02871421 -0.37950568
v 0.32309888 0.01984096 -0.38516452
v 0.32571304 0.02871421 -0.37950568
v 0.31665291 0.03027209 -0.38525665
v 0.32309888 0.01984096 -0.38516452
v 0.31665291 0.03027209 -0.38525665
v 0.31149198 0.01984096 -0.38912022
v 0.31149198 0.01984096 -0.38912022
v 0.31665291 0.03027209 -0.38525665
v 0.30596645 0.02871421 -0.38623567
v 0.29977680 0.01984096 -0.38549808
v 0.30596645 0.02871421 -0.38623567
v 0.29769714 0.03027205 -0.37939593
v 0.29977680 0.01984096 -0.38549808
v 0.29769714 0.03027205 -0.37939593
v 0.29242783 0.01984096 -0.37568145
v 0.29242783 0.01984096 -0.37568145
v 0.29769714 0.03027205 -0.37939593
v 0.29346377 0.02871413 -0.36953505
v 0.29931765 0.01984096 -0.35339792
v 0.30548365 0.02871422 -0.35248376
v 0.31092455 0.01984096 -0.34944231
v 0.29931765 0.01984096 -0.35339792
v 0.31092455 0.01984096 -0.34944231
v 0.30576363 0.00940983 -0.35330587
v 0.30576363 0.00940983 -0.35330587
v 0.31092455 0.01984096 -0.34944231
v 0.31645019 0.01096769 -0.35232685
v 0.32263990 0.01984096 -0.35306448
v 0.32541459 0.02871422 -0.35864598
v 0.32998853 0.01984096 -0.36288078
v 0.32263990 0.01984096 -0.35306448
v 0.32998853 0.01984096 -0.36288078
v 0.32471933 0.00940985 -0.35916646
v 0.32471933 0.00940985 -0.35916646
v 0.32998853 0.01984096 -0.36288078
v 0.32895285 0.01096779 -0.36902726
v 0.33016393 0.01984096 -0.37514168
v 0.32571304 0.02871421 -0.37950568
v 0.32309888 0.01984096 -0.38516452
v 0.33016393 0.01984096 -0.37514168
v 0.32309888 0.01984096 -0.38516452
v 0.32500313 0.00940985 -0.37900529
v 0.32500313 0.00940985 -0.37900529
v 0.32309888 0.01984096 -0.38516452
v 0.31693297 0.01096769 -0.38607880
v 0.31149198 0.01984096 -0.38912022
v 0.30596645 0.02871421 -0.38623567
v 0.29977680 0.01984096 -0.38549808
v 0.31149198 0.01984096 -0.38912022
v 0.29977680 0.01984096 -0.38549808
v 0.30622278 0.00940983 -0.38540582
v 0.30622278 0.00940983 -0.38540582
v 0.29977680 0.01984096 -0.38549808
v 0.29700185 0.01096771 -0.37991641
v 0.29242783 0.01984096 -0.37568145
v 0.29346377 0.02871413 -0.36953505
v 0.29225252 0.01984096 -0.36342054
v 0.29242783 0.01984096 -0.37568145
v 0.29225252 0.01984096 -0.36342054
v 0.29433238 0.00940987 -0.36952273
v 0.29433238 0.00940987 -0.36952273
v 0.29225252 0.01984096 -0.36342054
v 0.29670356 0.01096771 -0.35905671
v 0.30268267 0.00296319 -0.36327129
v 0.29670356 0.01096771 -0.35905671
v 0.30576363 0.00940983 -0.35330587
v 0.30268267 0.00296319 -0.36327129
v 0.30576363 0.00940983 -0.35330587
v 0.31428935 0.00296319 -0.35931584
v 0.31428935 0.00296319 -0.35931584
v 0.30576363 0.00940983 -0.35330587
v 0.31645019 0.01096769 -0.35232685
v 0.31428935 0.00296319 -0.35931584
v 0.31645019 0.01096769 -0.35232685
v 0.32471933 0.00940985 -0.35916646
v 0.31428935 0.00296319 -0.35931584
v 0.32471933 0.00940985 -0.35916646
v 0.32163820 0.00296323 -0.36913209
v 0.32163820 0.00296323 -0.36913209
v 0.32471933 0.00940985 -0.35916646
v 0.32895285 0.01096779 -0.36902726
v 0.32163820 0.00296323 -0.36913209
v 0.32895285 0.01096779 -0.36902726
v 0.32500313 0.00940985 -0.37900529
v 0.32163820 0.00296323 -0.36913209
v 0.32500313 0.00940985 -0.37900529
v 0.31457309 0.00296319 -0.37915463
v 0.31457309 0.00296319 -0.37915463
v 0.32500313 0.00940985 -0.37900529
v 0.31693297 0.01096769 -0.38607880
v 0.29433238 0.00940987 -0.36952273
v 0.29670356 0.01096771 -0.35905671
v 0.30268267 0.00296319 -0.36327129
v 0.29433238 0.00940987 -0.36952273
v 0.30268267 0.00296319 -0.36327129
v 0.30285804 0.00296319 -0.37553228
v 0.45142539 0.00296325 -0.17264787
v 0.45927608 0.00940988 -0.17951622
v 0.44854584 0.01096776 -0.17937274
v 0.46338210 0.00296325 -0.16992740
v 0.45927608 0.00940988 -0.17951622
v 0.45142539 0.00296325 -0.17264787
v 0.46338210 0.00296325 -0.16992740
v 0.46888788 0.01096774 -0.17474399
v 0.45927608 0.00940988 -0.17951622
v 0.45142539 0.00296325 -0.17264787
v 0.44514299 0.00296325 -0.16211722
v 0.45553120 0.00000010 -0.16305916
v 0.45301967 0.02786080 -0.16242456
v 0.45489686 0.02786080 -0.16557103
v 0.45804310 0.02786080 -0.16369384
v 0.45616600 0.02786080 -0.16054746
v 0.45553120 0.00000010 -0.16305916
v 0.46338210 0.00296325 -0.16992740
v 0.45142539 0.00296325 -0.17264787
v 0.44854584 0.01096776 -0.17937274
v 0.44103718 0.00940993 -0.17170628
v 0.45142539 0.00296325 -0.17264787
v 0.45553120 0.00000010 -0.16305916
v 0.46448938 0.00296329 -0.15771507
v 0.46338210 0.00296325 -0.16992740
v 0.45553120 0.00000010 -0.16305916
v 0.45321698 0.00296325 -0.15288835
v 0.46448938 0.00296329 -0.15771507
v 0.45553120 0.00000010 -0.16305916
v 0.44514299 0.00296325 -0.16211722
v 0.45321698 0.00296325 -0.15288835
v 0.44854584 0.01096776 -0.17937274
v 0.44246716 0.01984101 -0.17799218
v 0.44103718 0.00940993 -0.17170628
v 0.46888788 0.01096774 -0.17474399
v 0.46569657 0.01984101 -0.18009837
v 0.45927608 0.00940988 -0.17951622
v 0.47077161 0.01096783 -0.15396695
v 0.47487767 0.01984102 -0.15865667
v 0.47234011 0.00940991 -0.16458303
v 0.45159379 0.01096775 -0.14575531
v 0.45732305 0.01984102 -0.14329925
v 0.46217491 0.00940991 -0.14754399
v 0.43785767 0.01096777 -0.16145685
v 0.43729213 0.01984102 -0.15524912
v 0.44282847 0.00940989 -0.15194644
v 0.44854584 0.01096776 -0.17937274
v 0.45373986 0.01984101 -0.18281913
v 0.44246716 0.01984101 -0.17799218
v 0.46888788 0.01096774 -0.17474399
v 0.47377061 0.01984102 -0.17086922
v 0.46569657 0.01984101 -0.18009837
v 0.47077161 0.01096783 -0.15396695
v 0.46859531 0.01984102 -0.14812609
v 0.47487767 0.01984102 -0.15865667
v 0.45159379 0.01096775 -0.14575531
v 0.44536620 0.01984102 -0.14602004
v 0.45732305 0.01984102 -0.14329925
v 0.43785767 0.01096777 -0.16145685
v 0.43618485 0.01984102 -0.16746158
v 0.43729213 0.01984102 -0.15524912
v 0.45946907 0.02871427 -0.18036306
v 0.45784588 0.03671879 -0.17323010
v 0.44888774 0.03027210 -0.17857436
v 0.47320506 0.02871427 -0.16466144
v 0.46591957 0.03671879 -0.16400093
v 0.46823426 0.03027213 -0.17417198
v 0.46251676 0.02871427 -0.14674564
v 0.45963726 0.03671879 -0.15347038
v 0.47002585 0.03027209 -0.15441215
v 0.44217498 0.02871427 -0.15137446
v 0.44768068 0.03671879 -0.15619095
v 0.45178657 0.03027213 -0.14660218
v 0.44029108 0.02871418 -0.17215125
v 0.44657353 0.03671874 -0.16840330
v 0.43872266 0.03027211 -0.16153521
v 0.44657353 0.03671874 -0.16840330
v 0.45553120 0.03968194 -0.16305917
v 0.44768068 0.03671879 -0.15619095
v 0.44657353 0.03671874 -0.16840330
v 0.44768068 0.03671879 -0.15619095
v 0.43872266 0.03027211 -0.16153521
v 0.43872266 0.03027211 -0.16153521
v 0.44768068 0.03671879 -0.15619095
v 0.44217498 0.02871427 -0.15137446
v 0.44768068 0.03671879 -0.15619095
v 0.45553120 0.03968194 -0.16305917
v 0.45963726 0.03671879 -0.15347038
v 0.44768068 0.03671879 -0.15619095
v 0.45963726 0.03671879 -0.15347038
v 0.45178657 0.03027213 -0.14660218
v 0.45178657 0.03027213 -0.14660218
v 0.45963726 0.03671879 -0.15347038
v 0.46251676 0.02871427 -0.14674564
v 0.45963726 0.03671879 -0.15347038
v 0.45553120 0.03968194 -0.16305917
v 0.46591957 0.03671879 -0.16400093
v 0.45963726 0.03671879 -0.15347038
v 0.46591957 0.03671879 -0.16400093
v 0.47002585 0.03027209 -0.15441215
v 0.47002585 0.03027209 -0.15441215
v 0.46591957 0.03671879 -0.16400093
v 0.47320506 0.02871427 -0.16466144
v 0.46591957 0.03671879 -0.16400093
v 0.45553120 0.03968194 -0.16305917
v 0.45784588 0.03671879 -0.17323010
v 0.46591957 0.03671879 -0.16400093
v 0.45784588 0.03671879 -0.17323010
v 0.46823426 0.03027213 -0.17417198
v 0.46823426 0.03027213 -0.17417198
v 0.45784588 0.03671879 -0.17323010
v 0.45946907 0.02871427 -0.18036306
v 0.45784588 0.03671879 -0.17323010
v 0.45553120 0.03968194 -0.16305917
v 0.44657353 0.03671874 -0.16840330
v 0.45784588 0.03671879 -0.17323010
v 0.44657353 0.03671874 -0.16840330
v 0.44888774 0.03027210 -0.17857436
v 0.44888774 0.03027210 -0.17857436
v 0.44657353 0.03671874 -0.16840330
v 0.44029108 0.02871418 -0.17215125
v 0.43618485 0.01984102 -0.16746158
v 0.44029108 0.02871418 -0.17215125
v 0.43872266 0.03027211 -0.16153521
v 0.43618485 0.01984102 -0.16746158
v 0.43872266 0.03027211 -0.16153521
v 0.43729213 0.01984102 -0.15524912
v 0.43729213 0.01984102 -0.15524912
v 0.43872266 0.03027211 -0.16153521
v 0.44217498 0.02871427 -0.15137446
v 0.44536620 0.01984102 -0.14602004
v 0.44217498 0.02871427 -0.15137446
v 0.45178657 0.03027213 -0.14660218
v 0.44536620 0.01984102 -0.14602004
v 0.45178657 0.03027213 -0.14660218
v 0.45732305 0.01984102 -0.14329925
v 0.45732305 0.01984102 -0.14329925
v 0.45178657 0.03027213 -0.14660218
v 0.46251676 0.02871427 -0.14674564
v 0.46859531 0.01984102 -0.14812609
v 0.46251676 0.02871427 -0.14674564
v 0.47002585 0.03027209 -0.15441215
v 0.46859531 0.01984102 -0.14812609
v 0.47002585 0.03027209 -0.15441215
v 0.47487767 0.01984102 -0.15865667
v 0.47487767 0.01984102 -0.15865667
v 0.47002585 0.03027209 -0.15441215
v 0.47320506 0.02871427 -0.16466144
v 0.47377061 0.01984102 -0.17086922
v 0.47320506 0.02871427 -0.16466144
v 0.46823426 0.03027213 -0.17417198
v 0.47377061 0.01984102 -0.17086922
v 0.46823426 0.03027213 -0.17417198
v 0.46569657 0.01984101 -0.18009837
v 0.46569657 0.01984101 -0.18009837
v 0.46823426 0.03027213 -0.17417198
v 0.45946907 0.02871427 -0.18036306
v 0.45373986 0.01984101 -0.18281913
v 0.45946907 0.02871427 -0.18036306
v 0.44888774 0.03027210 -0.17857436
v 0.45373986 0.01984101 -0.18281913
v 0.44888774 0.03027210 -0.17857436
v 0.44246716 0.01984101 -0.17799218
v 0.44246716 0.01984101 -0.17799218
v 0.44888774 0.03027210 -0.17857436
v 0.44029108 0.02871418 -0.17215125
v 0.43729213 0.01984102 -0.15524912
v 0.44217498 0.02871427 -0.15137446
v 0.44536620 0.01984102 -0.14602004
v 0.43729213 0.01984102 -0.15524912
v 0.44536620 0.01984102 -0.14602004
v 0.44282847 0.00940989 -0.15194644
v 0.44282847 0.00940989 -0.15194644
v 0.44536620 0.01984102 -0.14602004
v 0.45159379 0.01096775 -0.14575531
v 0.45732305 0.01984102 -0.14329925
v 0.46251676 0.02871427 -0.14674564
v 0.46859531 0.01984102 -0.14812609
v 0.45732305 0.01984102 -0.14329925
v 0.46859531 0.01984102 -0.14812609
v 0.46217491 0.00940991 -0.14754399
v 0.46217491 0.00940991 -0.14754399
v 0.46859531 0.01984102 -0.14812609
v 0.47077161 0.01096783 -0.15396695
v 0.47487767 0.01984102 -0.15865667
v 0.47320506 0.02871427 -0.16466144
v 0.47377061 0.01984102 -0.17086922
v 0.47487767 0.01984102 -0.15865667
v 0.47377061 0.01984102 -0.17086922
v 0.47234011 0.00940991 -0.16458303
v 0.47234011 0.00940991 -0.16458303
v 0.47377061 0.01984102 -0.17086922
v 0.46888788 0.01096774 -0.17474399
v 0.46569657 0.01984101 -0.18009837
v 0.45946907 0.02871427 -0.18036306
v 0.45373986 0.01984101 -0.18281913
v 0.46569657 0.01984101 -0.18009837
v 0.45373986 0.01984101 -0.18281913
v 0.45927608 0.00940988 -0.17951622
v 0.45927608 0.00940988 -0.17951622
v 0.45373986 0.01984101 -0.18281913
v 0.44854584 0.01096776 -0.17937274
v 0.44246716 0.01984101 -0.17799218
v 0.44029108 0.02871418 -0.17215125
v 0.43618485 0.01984102 -0.16746158
v 0.44246716 0.01984101 -0.17799218
v 0.43618485 0.01984102 -0.16746158
v 0.44103718 0.00940993 -0.17170628
v 0.44103718 0.00940993 -0.17170628
v 0.43618485 0.01984102 -0.16746158
v 0.43785767 0.01096777 -0.16145685
v 0.44514299 0.00296325 -0.16211722
v 0.43785767 0.01096777 -0.16145685
v 0.44282847 0.00940989 -0.15194644
v 0.44514299 0.00296325 -0.16211722
v 0.44282847 0.00940989 -0.15194644
v 0.45321698 0.00296325 -0.15288835
v 0.45321698 0.00296325 -0.15288835
v 0.44282847 0.00940989 -0.15194644
v 0.45159379 0.01096775 -0.14575531
v 0.45321698 0.00296325 -0.15288835
v 0.45159379 0.01096775 -0.14575531
v 0.46217491 0.00940991 -0.14754399
v 0.45321698 0.00296325 -0.15288835
v 0.46217491 0.00940991 -0.14754399
v 0.46448938 0.00296329 -0.15771507
v 0.46448938 0.00296329 -0.15771507
v 0.46217491 0.00940991 -0.14754399
v 0.47077161 0.01096783 -0.15396695
v 0.46448938 0.00296329 -0.15771507
v 0.47077161 0.01096783 -0.15396695
v 0.47234011 0.00940991 -0.16458303
v 0.46448938 0.00296329 -0.15771507
v 0.47234011 0.00940991 -0.16458303
v 0.46338210 0.00296325 -0.16992740
v 0.46338210 0.00296325 -0.16992740
v 0.47234011 0.00940991 -0.16458303
v 0.46888788 0.01096774 -0.17474399
v 0.44103718 0.00940993 -0.17170628
v 0.43785767 0.01096777 -0.16145685
v 0.44514299 0.00296325 -0.16211722
v 0.44103718 0.00940993 -0.17170628
v 0.44514299 0.00296325 -0.16211722
v 0.45142539 0.00296325 -0.17264787
v 0.47864624 0.00296329 0.07733884
v 0.48887934 0.00940993 0.07531601
v 0.47951495 0.01096780 0.07007516
v 0.48764080 0.00296329 0.08567316
v 0.48887934 0.00940993 0.07531601
v 0.47864624 0.00296329 0.07733884
v 0.48764080 0.00296329 0.08567316
v 0.49481727 0.01096781 0.08425480
v 0.48887934 0.00940993 0.07531601
v 0.47864624 0.00296329 0.07733884
v 0.46794024 0.00296329 0.08331743
v 0.47740766 0.00000014 0.08769579
v 0.47990038 0.02786086 0.08840211
v 0.47670154 0.02786086 0.09018840
v 0.47491534 0.02786086 0.08698962
v 0.47811421 0.02786086 0.08520328
v 0.47740766 0.00000014 0.08769579
v 0.48764080 0.00296329 0.08567316
v 0.47864624 0.00296329 0.07733884
v 0.47951495 0.01096780 0.07007516
v 0.46917903 0.00940997 0.07296017
v 0.47864624 0.00296329 0.07733884
v 0.47740766 0.00000014 0.08769579
v 0.48249360 0.00296336 0.09680300
v 0.48764080 0.00296329 0.08567316
v 0.47740766 0.00000014 0.08769579
v 0.47031807 0.00296329 0.09534687
v 0.48249360 0.00296336 0.09680300
v 0.47740766 0.00000014 0.08769579
v 0.46794024 0.00296329 0.08331743
v 0.47031807 0.00296329 0.09534687
v 0.47951495 0.01096780 0.07007516
v 0.47356034 0.01984108 0.06823140
v 0.46917903 0.00940997 0.07296017
v 0.49481727 0.01096781 0.08425480
v 0.49473074 0.01984108 0.07802209
v 0.48887934 0.00940993 0.07531601
v 0.48606011 0.01096790 0.10319009
v 0.49196094 0.01984108 0.10118171
v 0.49272648 0.00940997 0.09478051
v 0.46534582 0.01096781 0.10071268
v 0.46907950 0.01984108 0.10570431
v 0.47540367 0.00940997 0.10445419
v 0.46130076 0.01096781 0.08024666
v 0.45770714 0.01984108 0.08533994
v 0.46085040 0.00940993 0.09096834
v 0.47951495 0.01096780 0.07007516
v 0.48573626 0.01984108 0.06968751
v 0.47356034 0.01984108 0.06823140
v 0.49481727 0.01096781 0.08425480
v 0.49710844 0.01984108 0.09005181
v 0.49473074 0.01984108 0.07802209
v 0.48606011 0.01096790 0.10319009
v 0.48125498 0.01984108 0.10716026
v 0.49196094 0.01984108 0.10118171
v 0.46534582 0.01096781 0.10071268
v 0.46008493 0.01984108 0.09736959
v 0.46907950 0.01984108 0.10570431
v 0.46130076 0.01096781 0.08024666
v 0.46285443 0.01984108 0.07421003
v 0.45770714 0.01984108 0.08533994
v 0.48946985 0.02871431 0.07467910
v 0.48449764 0.03671883 0.08004483
v 0.47941183 0.03027217 0.07093754
v 0.49351478 0.02871431 0.09514512
v 0.48687513 0.03671883 0.09207441
v 0.49396523 0.03027219 0.08442336
v 0.47530059 0.02871431 0.10531653
v 0.47616922 0.03671883 0.09805298
v 0.48563690 0.03027215 0.10243166
v 0.45999844 0.02871431 0.09113693
v 0.46717478 0.03671883 0.08971858
v 0.46593621 0.03027219 0.10007565
v 0.46875534 0.02871422 0.07220177
v 0.47232215 0.03671879 0.07858879
v 0.46208906 0.03027217 0.08061129
v 0.47232215 0.03671879 0.07858879
v 0.47740766 0.03968200 0.08769579
v 0.46717478 0.03671883 0.08971858
v 0.47232215 0.03671879 0.07858879
v 0.46717478 0.03671883 0.08971858
v 0.46208906 0.03027217 0.08061129
v 0.46208906 0.03027217 0.08061129
v 0.46717478 0.03671883 0.08971858
v 0.45999844 0.02871431 0.09113693
v 0.46717478 0.03671883 0.08971858
v 0.47740766 0.03968200 0.08769579
v 0.47616922 0.03671883 0.09805298
v 0.46717478 0.03671883 0.08971858
v 0.47616922 0.03671883 0.09805298
v 0.46593621 0.03027219 0.10007565
v 0.46593621 0.03027219 0.10007565
v 0.47616922 0.03671883 0.09805298
v 0.47530059 0.02871431 0.10531653
v 0.47616922 0.03671883 0.09805298
v 0.47740766 0.03968200 0.08769579
v 0.48687513 0.03671883 0.09207441
v 0.47616922 0.03671883 0.09805298
v 0.48687513 0.03671883 0.09207441
v 0.48563690 0.03027215 0.10243166
v 0.48563690 0.03027215 0.10243166
v 0.48687513 0.03671883 0.09207441
v 0.49351478 0.02871431 0.09514512
v 0.48687513 0.03671883 0.09207441
v 0.47740766 0.03968200 0.08769579
v 0.48449764 0.03671883 0.08004483
v 0.48687513 0.03671883 0.09207441
v 0.48449764 0.03671883 0.08004483
v 0.49396523 0.03027219 0.08442336
v 0.49396523 0.03027219 0.08442336
v 0.48449764 0.03671883 0.08004483
v 0.48946985 0.02871431 0.07467910
v 0.48449764 0.03671883 0.08004483
v 0.47740766 0.03968200 0.08769579
v 0.47232215 0.03671879 0.07858879
v 0.48449764 0.03671883 0.08004483
v 0.47232215 0.03671879 0.07858879
v 0.47941183 0.03027217 0.07093754
v 0.47941183 0.03027217 0.07093754
v 0.47232215 0.03671879 0.07858879
v 0.46875534 0.02871422 0.07220177
v 0.46285443 0.01984108 0.07421003
v 0.46875534 0.02871422 0.07220177
v 0.46208906 0.03027217 0.08061129
v 0.46285443 0.01984108 0.07421003
v 0.46208906 0.03027217 0.08061129
v 0.45770714 0.01984108 0.08533994
v 0.45770714 0.01984108 0.08533994
v 0.46208906 0.03027217 0.08061129
v 0.45999844 0.02871431 0.09113693
v 0.46008493 0.01984108 0.09736959
v 0.45999844 0.02871431 0.09113693
v 0.46593621 0.03027219 0.10007565
v 0.46008493 0.01984108 0.09736959
v 0.46593621 0.03027219 0.10007565
v 0.46907950 0.01984108 0.10570431
v 0.46907950 0.01984108 0.10570431
v 0.46593621 0.03027219 0.10007565
v 0.47530059 0.02871431 0.10531653
v 0.48125498 0.01984108 0.10716026
v 0.47530059 0.02871431 0.10531653
v 0.48563690 0.03027215 0.10243166
v 0.48125498 0.01984108 0.10716026
v 0.48563690 0.03027215 0.10243166
v 0.49196094 0.01984108 0.10118171
v 0.49196094 0.01984108 0.10118171
v 0.48563690 0.03027215 0.10243166
v 0.49351478 0.02871431 0.09514512
v 0.49710844 0.01984108 0.09005181
v 0.49351478 0.02871431 0.09514512
v 0.49396523 0.03027219 0.08442336
v 0.49710844 0.01984108 0.09005181
v 0.49396523 0.03027219 0.08442336
v 0.49473074 0.01984108 0.07802209
v 0.49473074 0.01984108 0.07802209
v 0.49396523 0.03027219 0.08442336
v 0.48946985 0.02871431 0.07467910
v 0.48573626 0.01984108 0.06968751
v 0.48946985 0.02871431 0.07467910
v 0.47941183 0.03027217 0.07093754
v 0.48573626 0.01984108 0.06968751
v 0.47941183 0.03027217 0.07093754
v 0.47356034 0.01984108 0.06823140
v 0.47356034 0.01984108 0.06823140
v 0.47941183 0.03027217 0.07093754
v 0.46875534 0.02871422 0.07220177
v 0.45770714 0.01984108 0.08533994
v 0.45999844 0.02871431 0.09113693
v 0.46008493 0.01984108 0.09736959
v 0.45770714 0.01984108 0.08533994
v 0.46008493 0.01984108 0.09736959
v 0.46085040 0.00940993 0.09096834
v 0.46085040 0.00940993 0.09096834
v 0.46008493 0.01984108 0.09736959
v 0.46534582 0.01096781 0.10071268
v 0.46907950 0.01984108 0.10570431
v 0.47530059 0.02871431 0.10531653
v 0.48125498 0.01984108 0.10716026
v 0.46907950 0.01984108 0.10570431
v 0.48125498 0.01984108 0.10716026
v 0.47540367 0.00940997 0.10445419
v 0.47540367 0.00940997 0.10445419
v 0.48125498 0.01984108 0.10716026
v 0.48606011 0.01096790 0.10319009
v 0.49196094 0.01984108 0.10118171
v 0.49351478 0.02871431 0.09514512
v 0.49710844 0.01984108 0.09005181
v 0.49196094 0.01984108 0.10118171
v 0.49710844 0.01984108 0.09005181
v 0.49272648 0.00940997 0.09478051
v 0.49272648 0.00940997 0.09478051
v 0.49710844 0.01984108 0.09005181
v 0.49481727 0.01096781 0.08425480
v 0.49473074 0.01984108 0.07802209
v 0.48946985 0.02871431 0.07467910
v 0.48573626 0.01984108 0.06968751
v 0.49473074 0.01984108 0.07802209
v 0.48573626 0.01984108 0.06968751
v 0.48887934 0.00940993 0.07531601
v 0.48887934 0.00940993 0.07531601
v 0.48573626 0.01984108 0.06968751
v 0.47951495 0.01096780 0.07007516
v 0.47356034 0.01984108 0.06823140
v 0.46875534 0.02871422 0.07220177
v 0.46285443 0.01984108 0.07421003
v 0.47356034 0.01984108 0.06823140
v 0.46285443 0.01984108 0.07421003
v 0.46917903 0.00940997 0.07296017
v 0.46917903 0.00940997 0.07296017
v 0.46285443 0.01984108 0.07421003
v 0.46130076 0.01096781 0.08024666
v 0.46794024 0.00296329 0.08331743
v 0.46130076 0.01096781 0.08024666
v 0.46085040 0.00940993 0.09096834
v 0.46794024 0.00296329 0.08331743
v 0.46085040 0.00940993 0.09096834
v 0.47031807 0.00296329 0.09534687
v 0.47031807 0.00296329 0.09534687
v 0.46085040 0.00940993 0.09096834
v 0.46534582 0.01096781 0.10071268
v 0.47031807 0.00296329 0.09534687
v 0.46534582 0.01096781 0.10071268
v 0.47540367 0.00940997 0.10445419
v 0.47031807 0.00296329 0.09534687
v 0.47540367 0.00940997 0.10445419
v 0.48249360 0.00296336 0.09680300
v 0.48249360 0.00296336 0.09680300
v 0.47540367 0.00940997 0.10445419
v 0.48606011 0.01096790 0.10319009
v 0.48249360 0.00296336 0.09680300
v 0.48606011 0.01096790 0.10319009
v 0.49272648 0.00940997 0.09478051
v 0.48249360 0.00296336 0.09680300
v 0.49272648 0.00940997 0.09478051
v 0.48764080 0.00296329 0.08567316
v 0.48764080 0.00296329 0.08567316
v 0.49272648 0.00940997 0.09478051
v 0.49481727 0.01096781 0.08425480
v 0.46917903 0.00940997 0.07296017
v 0.46130076 0.01096781 0.08024666
v 0.46794024 0.00296329 0.08331743
v 0.46917903 0.00940997 0.07296017
v 0.46794024 0.00296329 0.08331743
v 0.47864624 0.00296329 0.07733884
v 0.37722686 0.00296335 0.30744406
v 0.38710040 0.00940999 0.31080881
v 0.38161104 0.01096787 0.30158791
v 0.38084921 0.00296335 0.31915910
v 0.38710040 0.00940999 0.31080881
v 0.37722686 0.00296335 0.30744406
v 0.38084921 0.00296335 0.31915910
v 0.38777343 0.01096785 0.32151900
v 0.38710040 0.00940999 0.31080881
v 0.37722686 0.00296335 0.30744406
v 0.36496591 0.00296335 0.30726868
v 0.37097575 0.00000020 0.31579417
v 0.37278133 0.02786090 0.31765220
v 0.36917039 0.02786090 0.31393644
v 0.37283387 0.02786090 0.31398887
v 0.36911794 0.02786090 0.31759977
v 0.37097575 0.00000020 0.31579417
v 0.38084921 0.00296335 0.31915910
v 0.37722686 0.00296335 0.30744406
v 0.38161104 0.01096787 0.30158791
v 0.37121740 0.00941003 0.29891843
v 0.37722686 0.00296335 0.30744406
v 0.37097575 0.00000020 0.31579417
v 0.37082672 0.00296339 0.32622422
v 0.38084921 0.00296335 0.31915910
v 0.37097575 0.00000020 0.31579417
v 0.36101047 0.00296335 0.31887541
v 0.37082672 0.00296339 0.32622422
v 0.37097575 0.00000020 0.31579417
v 0.36496591 0.00296335 0.30726868
v 0.36101047 0.00296335 0.31887541
v 0.38161104 0.01096787 0.30158791
v 0.37737603 0.01984112 0.29701386
v 0.37121740 0.00941003 0.29891843
v 0.38777343 0.01096785 0.32151900
v 0.39081475 0.01984112 0.31607801
v 0.38710040 0.00940999 0.31080881
v 0.37072184 0.01096796 0.33353884
v 0.37683630 0.01984112 0.33474994
v 0.38069987 0.00941001 0.32958910
v 0.35402146 0.01096785 0.32103620
v 0.35475909 0.01984112 0.32722591
v 0.36086109 0.00941001 0.32930539
v 0.36075134 0.01096787 0.30128957
v 0.35509252 0.01984112 0.30390371
v 0.35500047 0.00940999 0.31034964
v 0.38161104 0.01096787 0.30158791
v 0.38719266 0.01984112 0.30436284
v 0.37737603 0.01984112 0.29701386
v 0.38777343 0.01096785 0.32151900
v 0.38685914 0.01984112 0.32768494
v 0.39081475 0.01984112 0.31607801
v 0.37072184 0.01096796 0.33353884
v 0.36457540 0.01984112 0.33457452
v 0.37683630 0.01984112 0.33474994
v 0.35402146 0.01096785 0.32103620
v 0.35113691 0.01984112 0.31551054
v 0.35475909 0.01984112 0.32722591
v 0.36075134 0.01096787 0.30128957
v 0.36511521 0.01984112 0.29683855
v 0.35509252 0.01984112 0.30390371
v 0.38793025 0.02871437 0.31055248
v 0.38094130 0.03671889 0.31271323
v 0.38109055 0.03027221 0.30228319
v 0.38120026 0.02871437 0.33029902
v 0.37698551 0.03671889 0.32431992
v 0.38695123 0.03027225 0.32123894
v 0.36034060 0.02871437 0.33000065
v 0.36472465 0.03671889 0.32414454
v 0.37073454 0.03027221 0.33267040
v 0.35417836 0.02871437 0.31006966
v 0.36110243 0.03671889 0.31242954
v 0.35485124 0.03027225 0.32077972
v 0.37122963 0.02871428 0.29804980
v 0.37112505 0.03671885 0.30536451
v 0.36125168 0.03027221 0.30199950
v 0.37112505 0.03671885 0.30536451
v 0.37097575 0.03968206 0.31579417
v 0.36110243 0.03671889 0.31242954
v 0.37112505 0.03671885 0.30536451
v 0.36110243 0.03671889 0.31242954
v 0.36125168 0.03027221 0.30199950
v 0.36125168 0.03027221 0.30199950
v 0.36110243 0.03671889 0.31242954
v 0.35417836 0.02871437 0.31006966
v 0.36110243 0.03671889 0.31242954
v 0.37097575 0.03968206 0.31579417
v 0.36472465 0.03671889 0.32414454
v 0.36110243 0.03671889 0.31242954
v 0.36472465 0.03671889 0.32414454
v 0.35485124 0.03027225 0.32077972
v 0.35485124 0.03027225 0.32077972
v 0.36472465 0.03671889 0.32414454
v 0.36034060 0.02871437 0.33000065
v 0.36472465 0.03671889 0.32414454
v 0.37097575 0.03968206 0.31579417
v 0.37698551 0.03671889 0.32431992
v 0.36472465 0.03671889 0.32414454
v 0.37698551 0.03671889 0.32431992
v 0.37073454 0.03027221 0.33267040
v 0.37073454 0.03027221 0.33267040
v 0.37698551 0.03671889 0.32431992
v 0.38120026 0.02871437 0.33029902
v 0.37698551 0.03671889 0.32431992
v 0.37097575 0.03968206 0.31579417
v 0.38094130 0.03671889 0.31271323
v 0.37698551 0.03671889 0.32431992
v 0.38094130 0.03671889 0.31271323
v 0.38695123 0.03027225 0.32123894
v 0.38695123 0.03027225 0.32123894
v 0.38094130 0.03671889 0.31271323
v 0.38793025 0.02871437 0.31055248
v 0.38094130 0.03671889 0.31271323
v 0.37097575 0.03968206 0.31579417
v 0.37112505 0.03671885 0.30536451
v 0.38094130 0.03671889 0.31271323
v 0.37112505 0.03671885 0.30536451
v 0.38109055 0.03027221 0.30228319
v 0.38109055 0.03027221 0.30228319
v 0.37112505 0.03671885 0.30536451
v 0.37122963 0.02871428 0.29804980
v 0.36511521 0.01984112 0.29683855
v 0.37122963 0.02871428 0.29804980
v 0.36125168 0.03027221 0.30199950
v 0.36511521 0.01984112 0.29683855
v 0.36125168 0.03027221 0.30199950
v 0.35509252 0.01984112 0.30390371
v 0.35509252 0.01984112 0.30390371
v 0.36125168 0.03027221 0.30199950
v 0.35417836 0.02871437 0.31006966
v 0.35113691 0.01984112 0.31551054
v 0.35417836 0.02871437 0.31006966
v 0.35485124 0.03027225 0.32077972
v 0.35113691 0.01984112 0.31551054
v 0.35485124 0.03027225 0.32077972
v 0.35475909 0.01984112 0.32722591
v 0.35475909 0.01984112 0.32722591
v 0.35485124 0.03027225 0.32077972
v 0.36034060 0.02871437 0.33000065
v 0.36457540 0.01984112 0.33457452
v 0.36034060 0.02871437 0.33000065
v 0.37073454 0.03027221 0.33267040
v 0.36457540 0.01984112 0.33457452
v 0.37073454 0.03027221 0.33267040
v 0.37683630 0.01984112 0.33474994
v 0.37683630 0.01984112 0.33474994
v 0.37073454 0.03027221 0.33267040
v 0.38120026 0.02871437 0.33029902
v 0.38685914 0.01984112 0.32768494
v 0.38120026 0.02871437 0.33029902
v 0.38695123 0.03027225 0.32123894
v 0.38685914 0.01984112 0.32768494
v 0.38695123 0.03027225 0.32123894
v 0.39081475 0.01984112 0.31607801
v 0.39081475 0.01984112 0.31607801
v 0.38695123 0.03027225 0.32123894
v 0.38793025 0.02871437 0.31055248
v 0.38719266 0.01984112 0.30436284
v 0.38793025 0.02871437 0.31055248
v 0.38109055 0.03027221 0.30228319
v 0.38719266 0.01984112 0.30436284
v 0.38109055 0.03027221 0.30228319
v 0.37737603 0.01984112 0.29701386
v 0.37737603 0.01984112 0.29701386
v 0.38109055 0.03027221 0.30228319
v 0.37122963 0.02871428 0.29804980
v 0.35509252 0.01984112 0.30390371
v 0.35417836 0.02871437 0.31006966
v 0.35113691 0.01984112 0.31551054
v 0.35509252 0.01984112 0.30390371
v 0.35113691 0.01984112 0.31551054
v 0.35500047 0.00940999 0.31034964
v 0.35500047 0.00940999 0.31034964
v 0.35113691 0.01984112 0.31551054
v 0.35402146 0.01096785 0.32103620
v 0.35475909 0.01984112 0.32722591
v 0.36034060 0.02871437 0.33000065
v 0.36457540 0.01984112 0.33457452
v 0.35475909 0.01984112 0.32722591
v 0.36457540 0.01984112 0.33457452
v 0.36086109 0.00941001 0.32930539
v 0.36086109 0.00941001 0.32930539
v 0.36457540 0.01984112 0.33457452
v 0.37072184 0.01096796 0.33353884
v 0.37683630 0.01984112 0.33474994
v 0.38120026 0.02871437 0.33029902
v 0.38685914 0.01984112 0.32768494
v 0.37683630 0.01984112 0.33474994
v 0.38685914 0.01984112 0.32768494
v 0.38069987 0.00941001 0.32958910
v 0.38069987 0.00941001 0.32958910
v 0.38685914 0.01984112 0.32768494
v 0.38777343 0.01096785 0.32151900
v 0.39081475 0.01984112 0.31607801
v 0.38793025 0.02871437 0.31055248
v 0.38719266 0.01984112 0.30436284
v 0.39081475 0.01984112 0.31607801
v 0.38719266 0.01984112 0.30436284
v 0.38710040 0.00940999 0.31080881
v 0.38710040 0.00940999 0.31080881
v 0.38719266 0.01984112 0.30436284
v 0.38161104 0.01096787 0.30158791
v 0.37737603 0.01984112 0.29701386
v 0.37122963 0.02871428 0.29804980
v 0.36511521 0.01984112 0.29683855
v 0.37737603 0.01984112 0.29701386
v 0.36511521 0.01984112 0.29683855
v 0.37121740 0.00941003 0.29891843
v 0.37121740 0.00941003 0.29891843
v 0.36511521 0.01984112 0.29683855
v 0.36075134 0.01096787 0.30128957
v 0.36496591 0.00296335 0.30726868
v 0.36075134 0.01096787 0.30128957
v 0.35500047 0.00940999 0.31034964
v 0.36496591 0.00296335 0.30726868
v 0.35500047 0.00940999 0.31034964
v 0.36101047 0.00296335 0.31887541
v 0.36101047 0.00296335 0.31887541
v 0.35500047 0.00940999 0.31034964
v 0.35402146 0.01096785 0.32103620
v 0.36101047 0.00296335 0.31887541
v 0.35402146 0.01096785 0.32103620
v 0.36086109 0.00941001 0.32930539
v 0.36101047 0.00296335 0.31887541
v 0.36086109 0.00941001 0.32930539
v 0.37082672 0.00296339 0.32622422
v 0.37082672 0.00296339 0.32622422
v 0.36086109 0.00941001 0.32930539
v 0.37072184 0.01096796 0.33353884
v 0.37082672 0.00296339 0.32622422
v 0.37072184 0.01096796 0.33353884
v 0.38069987 0.00941001 0.32958910
v 0.37082672 0.00296339 0.32622422
v 0.38069987 0.00941001 0.32958910
v 0.38084921 0.00296335 0.31915910
v 0.38084921 0.00296335 0.31915910
v 0.38069987 0.00941001 0.32958910
v 0.38777343 0.01096785 0.32151900
v 0.37121740 0.00941003 0.29891843
v 0.36075134 0.01096787 0.30128957
v 0.36496591 0.00296335 0.30726868
v 0.37121740 0.00941003 0.29891843
v 0.36496591 0.00296335 0.30726868
v 0.37722686 0.00296335 0.30744406
v 0.17434250 0.00296337 0.45601136
v 0.18121086 0.00941003 0.46386209
v 0.18106736 0.01096789 0.45313185
v 0.17162200 0.00296338 0.46796803
v 0.18121086 0.00941003 0.46386209
v 0.17434250 0.00296337 0.45601136
v 0.17162200 0.00296338 0.46796803
v 0.17643863 0.01096789 0.47347389
v 0.18121086 0.00941003 0.46386209
v 0.17434250 0.00296337 0.45601136
v 0.16381185 0.00296337 0.44972896
v 0.16475380 0.00000022 0.46011721
v 0.16538846 0.02786095 0.46262907
v 0.16411917 0.02786095 0.45760568
v 0.16726562 0.02786095 0.45948283
v 0.16224208 0.02786095 0.46075197
v 0.16475380 0.00000022 0.46011721
v 0.17162200 0.00296338 0.46796803
v 0.17434250 0.00296337 0.45601136
v 0.18106736 0.01096789 0.45313185
v 0.17340093 0.00941007 0.44562323
v 0.17434250 0.00296337 0.45601136
v 0.16475380 0.00000022 0.46011721
v 0.15940969 0.00296344 0.46907535
v 0.17162200 0.00296338 0.46796803
v 0.16475380 0.00000022 0.46011721
v 0.15458296 0.00296337 0.45780295
v 0.15940969 0.00296344 0.46907535
v 0.16475380 0.00000022 0.46011721
v 0.16381185 0.00296337 0.44972896
v 0.15458296 0.00296337 0.45780295
v 0.18106736 0.01096789 0.45313185
v 0.17968678 0.01984116 0.44705313
v 0.17340093 0.00941007 0.44562323
v 0.17643863 0.01096789 0.47347389
v 0.18179300 0.01984117 0.47028250
v 0.18121086 0.00941003 0.46386209
v 0.15566160 0.01096798 0.47535758
v 0.16035130 0.01984117 0.47946368
v 0.16627768 0.00941006 0.47692604
v 0.14744992 0.01096789 0.45617976
v 0.14499391 0.01984117 0.46190901
v 0.14923863 0.00941006 0.46676092
v 0.16315148 0.01096789 0.44244364
v 0.15694376 0.01984116 0.44187814
v 0.15364109 0.00941003 0.44741449
v 0.18106736 0.01096789 0.45313185
v 0.18451371 0.01984117 0.45832583
v 0.17968678 0.01984116 0.44705313
v 0.17643863 0.01096789 0.47347389
v 0.17256384 0.01984117 0.47835658
v 0.18179300 0.01984117 0.47028250
v 0.15566160 0.01096798 0.47535758
v 0.14982074 0.01984117 0.47318128
v 0.16035130 0.01984117 0.47946368
v 0.14744992 0.01096789 0.45617976
v 0.14771470 0.01984116 0.44995213
v 0.14499391 0.01984117 0.46190901
v 0.16315148 0.01096789 0.44244364
v 0.16915620 0.01984116 0.44077086
v 0.15694376 0.01984116 0.44187814
v 0.18205768 0.02871442 0.46405499
v 0.17492471 0.03671894 0.46243180
v 0.18026898 0.03027225 0.45347375
v 0.16635606 0.02871442 0.47779103
v 0.16569553 0.03671894 0.47050558
v 0.17586660 0.03027228 0.47282027
v 0.14844026 0.02871442 0.46710277
v 0.15516500 0.03671894 0.46422327
v 0.15610680 0.03027224 0.47461182
v 0.15306910 0.02871442 0.44676095
v 0.15788558 0.03671893 0.45226664
v 0.14829678 0.03027228 0.45637254
v 0.17384587 0.02871433 0.44487705
v 0.17009795 0.03671889 0.45115949
v 0.16322985 0.03027225 0.44330863
v 0.17009795 0.03671889 0.45115949
v 0.16475380 0.03968209 0.46011720
v 0.15788558 0.03671893 0.45226664
v 0.17009795 0.03671889 0.45115949
v 0.15788558 0.03671893 0.45226664
v 0.16322985 0.03027225 0.44330863
v 0.16322985 0.03027225 0.44330863
v 0.15788558 0.03671893 0.45226664
v 0.15306910 0.02871442 0.44676095
v 0.15788558 0.03671893 0.45226664
v 0.16475380 0.03968209 0.46011720
v 0.15516500 0.03671894 0.46422327
v 0.15788558 0.03671893 0.45226664
v 0.15516500 0.03671894 0.46422327
v 0.14829678 0.03027228 0.45637254
v 0.14829678 0.03027228 0.45637254
v 0.15516500 0.03671894 0.46422327
v 0.14844026 0.02871442 0.46710277
v 0.15516500 0.03671894 0.46422327
v 0.16475380 0.03968209 0.46011720
v 0.16569553 0.03671894 0.47050558
v 0.15516500 0.03671894 0.46422327
v 0.16569553 0.03671894 0.47050558
v 0.15610680 0.03027224 0.47461182
v 0.15610680 0.03027224 0.47461182
v 0.16569553 0.03671894 0.47050558
v 0.16635606 0.02871442 0.47779103
v 0.16569553 0.03671894 0.47050558
v 0.16475380 0.03968209 0.46011720
v 0.17492471 0.03671894 0.46243180
v 0.16569553 0.03671894 0.47050558
v 0.17492471 0.03671894 0.46243180
v 0.17586660 0.03027228 0.47282027
v 0.17586660 0.03027228 0.47282027
v 0.17492471 0.03671894 0.46243180
v 0.18205768 0.02871442 0.46405499
v 0.17492471 0.03671894 0.46243180
v 0.16475380 0.03968209 0.46011720
v 0.17009795 0.03671889 0.45115949
v 0.17492471 0.03671894 0.46243180
v 0.17009795 0.03671889 0.45115949
v 0.18026898 0.03027225 0.45347375
v 0.18026898 0.03027225 0.45347375
v 0.17009795 0.03671889 0.45115949
v 0.17384587 0.02871433 0.44487705
v 0.16915620 0.01984116 0.44077086
v 0.17384587 0.02871433 0.44487705
v 0.16322985 0.03027225 0.44330863
v 0.16915620 0.01984116 0.44077086
v 0.16322985 0.03027225 0.44330863
v 0.15694376 0.01984116 0.44187814
v 0.15694376 0.01984116 0.44187814
v 0.16322985 0.03027225 0.44330863
v 0.15306910 0.02871442 0.44676095
v 0.14771470 0.01984116 0.44995213
v 0.15306910 0.02871442 0.44676095
v 0.14829678 0.03027228 0.45637254
v 0.14771470 0.01984116 0.44995213
v 0.14829678 0.03027228 0.45637254
v 0.14499391 0.01984117 0.46190901
v 0.14499391 0.01984117 0.46190901
v 0.14829678 0.03027228 0.45637254
v 0.14844026 0.02871442 0.46710277
v 0.14982074 0.01984117 0.47318128
v 0.14844026 0.02871442 0.46710277
v 0.15610680 0.03027224 0.47461182
v 0.14982074 0.01984117 0.47318128
v 0.15610680 0.03027224 0.47461182
v 0.16035130 0.01984117 0.47946368
v 0.16035130 0.01984117 0.47946368
v 0.15610680 0.03027224 0.47461182
v 0.16635606 0.02871442 0.47779103
v 0.17256384 0.01984117 0.47835658
v 0.16635606 0.02871442 0.47779103
v 0.17586660 0.03027228 0.47282027
v 0.17256384 0.01984117 0.47835658
v 0.17586660 0.03027228 0.47282027
v 0.18179300 0.01984117 0.47028250
v 0.18179300 0.01984117 0.47028250
v 0.17586660 0.03027228 0.47282027
v 0.18205768 0.02871442 0.46405499
v 0.18451371 0.01984117 0.45832583
v 0.18205768 0.02871442 0.46405499
v 0.18026898 0.03027225 0.45347375
v 0.18451371 0.01984117 0.45832583
v 0.18026898 0.03027225 0.45347375
v 0.17968678 0.01984116 0.44705313
v 0.17968678 0.01984116 0.44705313
v 0.18026898 0.03027225 0.45347375
v 0.17384587 0.02871433 0.44487705
v 0.15694376 0.01984116 0.44187814
v 0.15306910 0.02871442 0.44676095
v 0.14771470 0.01984116 0.44995213
v 0.15694376 0.01984116 0.44187814
v 0.14771470 0.01984116 0.44995213
v 0.15364109 0.00941003 0.44741449
v 0.15364109 0.00941003 0.44741449
v 0.14771470 0.01984116 0.44995213
v 0.14744992 0.01096789 0.45617976
v 0.14499391 0.01984117 0.46190901
v 0.14844026 0.02871442 0.46710277
v 0.14982074 0.01984117 0.47318128
v 0.14499391 0.01984117 0.46190901
v 0.14982074 0.01984117 0.47318128
v 0.14923863 0.00941006 0.46676092
v 0.14923863 0.00941006 0.46676092
v 0.14982074 0.01984117 0.47318128
v 0.15566160 0.01096798 0.47535758
v 0.16035130 0.01984117 0.47946368
v 0.16635606 0.02871442 0.47779103
v 0.17256384 0.01984117 0.47835658
v 0.16035130 0.01984117 0.47946368
v 0.17256384 0.01984117 0.47835658
v 0.16627768 0.00941006 0.47692604
v 0.16627768 0.00941006 0.47692604
v 0.17256384 0.01984117 0.47835658
v 0.17643863 0.01096789 0.47347389
v 0.18179300 0.01984117 0.47028250
v 0.18205768 0.02871442 0.46405499
v 0.18451371 0.01984117 0.45832583
v 0.18179300 0.01984117 0.47028250
v 0.18451371 0.01984117 0.45832583
v 0.18121086 0.00941003 0.46386209
v 0.18121086 0.00941003 0.46386209
v 0.18451371 0.01984117 0.45832583
v 0.18106736 0.01096789 0.45313185
v 0.17968678 0.01984116 0.44705313
v 0.17384587 0.02871433 0.44487705
v 0.16915620 0.01984116 0.44077086
v 0.17968678 0.01984116 0.44705313
v 0.16915620 0.01984116 0.44077086
v 0.17340093 0.00941007 0.44562323
v 0.17340093 0.00941007 0.44562323
v 0.16915620 0.01984116 0.44077086
v 0.16315148 0.01096789 0.44244364
v 0.16381185 0.00296337 0.44972896
v 0.16315148 0.01096789 0.44244364
v 0.15364109 0.00941003 0.44741449
v 0.16381185 0.00296337 0.44972896
v 0.15364109 0.00941003 0.44741449
v 0.15458296 0.00296337 0.45780295
v 0.15458296 0.00296337 0.45780295
v 0.15364109 0.00941003 0.44741449
v 0.14744992 0.01096789 0.45617976
v 0.15458296 0.00296337 0.45780295
v 0.14744992 0.01096789 0.45617976
v 0.14923863 0.00941006 0.46676092
v 0.15458296 0.00296337 0.45780295
v 0.14923863 0.00941006 0.46676092
v 0.15940969 0.00296344 0.46907535
v 0.15940969 0.00296344 0.46907535
v 0.14923863 0.00941006 0.46676092
v 0.15566160 0.01096798 0.47535758
v 0.15940969 0.00296344 0.46907535
v 0.15566160 0.01096798 0.47535758
v 0.16627768 0.00941006 0.47692604
v 0.15940969 0.00296344 0.46907535
v 0.16627768 0.00941006 0.47692604
v 0.17162200 0.00296338 0.46796803
v 0.17162200 0.00296338 0.46796803
v 0.16627768 0.00941006 0.47692604
v 0.17643863 0.01096789 0.47347389
v 0.17340093 0.00941007 0.44562323
v 0.16315148 0.01096789 0.44244364
v 0.16381185 0.00296337 0.44972896
v 0.17340093 0.00941007 0.44562323
v 0.16381185 0.00296337 0.44972896
v 0.17434250 0.00296337 0.45601136
v -0.27576325 0.00296338 0.39840823
v -0.27374044 0.00941002 0.40864137
v -0.26849959 0.01096790 0.39927694
v -0.28409763 0.00296339 0.40740280
v -0.27374044 0.00941002 0.40864137
v -0.27576325 0.00296338 0.39840823
v -0.28409763 0.00296339 0.40740280
v -0.28267922 0.01096788 0.41457930
v -0.27374044 0.00941002 0.40864137
v -0.27576325 0.00296338 0.39840823
v -0.28174184 0.00296338 0.38770224
v -0.28612025 0.00000023 0.39716970
v -0.28541408 0.02786096 0.39467733
v -0.28362771 0.02786096 0.39787620
v -0.28682654 0.02786096 0.39966237
v -0.28861279 0.02786096 0.39646353
v -0.28612025 0.00000023 0.39716970
v -0.28409763 0.00296339 0.40740280
v -0.27576325 0.00296338 0.39840823
v -0.26849959 0.01096790 0.39927694
v -0.27138463 0.00941006 0.38894111
v -0.27576325 0.00296338 0.39840823
v -0.28612025 0.00000023 0.39716970
v -0.29522743 0.00296345 0.40225564
v -0.28409763 0.00296339 0.40740280
v -0.28612025 0.00000023 0.39716970
v -0.29377132 0.00296338 0.39008007
v -0.29522743 0.00296345 0.40225564
v -0.28612025 0.00000023 0.39716970
v -0.28174184 0.00296338 0.38770224
v -0.29377132 0.00296338 0.39008007
v -0.26849959 0.01096790 0.39927694
v -0.26665586 0.01984115 0.39332234
v -0.27138463 0.00941006 0.38894111
v -0.28267922 0.01096788 0.41457930
v -0.27644650 0.01984116 0.41449268
v -0.27374044 0.00941002 0.40864137
v -0.30161447 0.01096799 0.40582215
v -0.29960611 0.01984116 0.41172301
v -0.29320492 0.00941007 0.41248848
v -0.29913710 0.01096788 0.38510786
v -0.30412868 0.01984115 0.38884149
v -0.30287861 0.00941006 0.39516571
v -0.27867110 0.01096790 0.38106276
v -0.28376435 0.01984115 0.37746914
v -0.28939274 0.00941002 0.38061243
v -0.26849959 0.01096790 0.39927694
v -0.26811198 0.01984116 0.40549829
v -0.26665586 0.01984115 0.39332234
v -0.28267922 0.01096788 0.41457930
v -0.28847621 0.01984116 0.41687047
v -0.27644650 0.01984116 0.41449268
v -0.30161447 0.01096799 0.40582215
v -0.30558466 0.01984116 0.40101698
v -0.29960611 0.01984116 0.41172301
v -0.29913710 0.01096788 0.38510786
v -0.29579400 0.01984115 0.37984693
v -0.30412868 0.01984115 0.38884149
v -0.27867110 0.01096790 0.38106276
v -0.27263443 0.01984115 0.38261643
v -0.28376435 0.01984115 0.37746914
v -0.27310354 0.02871441 0.40923188
v -0.27846926 0.03671893 0.40425963
v -0.26936195 0.03027227 0.39917386
v -0.29356954 0.02871441 0.41327681
v -0.29049882 0.03671893 0.40663716
v -0.28284777 0.03027229 0.41372722
v -0.30374095 0.02871441 0.39506258
v -0.29647739 0.03671892 0.39593125
v -0.30085604 0.03027225 0.40539889
v -0.28956134 0.02871440 0.37976048
v -0.28814299 0.03671892 0.38693681
v -0.29850007 0.03027229 0.38569820
v -0.27062620 0.02871432 0.38851737
v -0.27701318 0.03671888 0.39208414
v -0.27903570 0.03027226 0.38185105
v -0.27701318 0.03671888 0.39208414
v -0.28612025 0.03968210 0.39716970
v -0.28814299 0.03671892 0.38693681
v -0.27701318 0.03671888 0.39208414
v -0.28814299 0.03671892 0.38693681
v -0.27903570 0.03027226 0.38185105
v -0.27903570 0.03027226 0.38185105
v -0.28814299 0.03671892 0.38693681
v -0.28956134 0.02871440 0.37976048
v -0.28814299 0.03671892 0.38693681
v -0.28612025 0.03968210 0.39716970
v -0.29647739 0.03671892 0.39593125
v -0.28814299 0.03671892 0.38693681
v -0.29647739 0.03671892 0.39593125
v -0.29850007 0.03027229 0.38569820
v -0.29850007 0.03027229 0.38569820
v -0.29647739 0.03671892 0.39593125
v -0.30374095 0.02871441 0.39506258
v -0.29647739 0.03671892 0.39593125
v -0.28612025 0.03968210 0.39716970
v -0.29049882 0.03671893 0.40663716
v -0.29647739 0.03671892 0.39593125
v -0.29049882 0.03671893 0.40663716
v -0.30085604 0.03027225 0.40539889
v -0.30085604 0.03027225 0.40539889
v -0.29049882 0.03671893 0.40663716
v -0.29356954 0.02871441 0.41327681
v -0.29049882 0.03671893 0.40663716
v -0.28612025 0.03968210 0.39716970
v -0.27846926 0.03671893 0.40425963
v -0.29049882 0.03671893 0.40663716
v -0.27846926 0.03671893 0.40425963
v -0.28284777 0.03027229 0.41372722
v -0.28284777 0.03027229 0.41372722
v -0.27846926 0.03671893 0.40425963
v -0.27310354 0.02871441 0.40923188
v -0.27846926 0.03671893 0.40425963
v -0.28612025 0.03968210 0.39716970
v -0.27701318 0.03671888 0.39208414
v -0.27846926 0.03671893 0.40425963
v -0.27701318 0.03671888 0.39208414
v -0.26936195 0.03027227 0.39917386
v -0.26936195 0.03027227 0.39917386
v -0.27701318 0.03671888 0.39208414
v -0.27062620 0.02871432 0.38851737
v -0.27263443 0.01984115 0.38261643
v -0.27062620 0.02871432 0.38851737
v -0.27903570 0.03027226 0.38185105
v -0.27263443 0.01984115 0.38261643
v -0.27903570 0.03027226 0.38185105
v -0.28376435 0.01984115 0.37746914
v -0.28376435 0.01984115 0.37746914
v -0.27903570 0.03027226 0.38185105
v -0.28956134 0.02871440 0.37976048
v -0.29579400 0.01984115 0.37984693
v -0.28956134 0.02871440 0.37976048
v -0.29850007 0.03027229 0.38569820
v -0.29579400 0.01984115 0.37984693
v -0.29850007 0.03027229 0.38569820
v -0.30412868 0.01984115 0.38884149
v -0.30412868 0.01984115 0.38884149
v -0.29850007 0.03027229 0.38569820
v -0.30374095 0.02871441 0.39506258
v -0.30558466 0.01984116 0.40101698
v -0.30374095 0.02871441 0.39506258
v -0.30085604 0.03027225 0.40539889
v -0.30558466 0.01984116 0.40101698
v -0.30085604 0.03027225 0.40539889
v -0.29960611 0.01984116 0.41172301
v -0.29960611 0.01984116 0.41172301
v -0.30085604 0.03027225 0.40539889
v -0.29356954 0.02871441 0.41327681
v -0.28847621 0.01984116 0.41687047
v -0.29356954 0.02871441 0.41327681
v -0.28284777 0.03027229 0.41372722
v -0.28847621 0.01984116 0.41687047
v -0.28284777 0.03027229 0.41372722
v -0.27644650 0.01984116 0.41449268
v -0.27644650 0.01984116 0.41449268
v -0.28284777 0.03027229 0.41372722
v -0.27310354 0.02871441 0.40923188
v -0.26811198 0.01984116 0.40549829
v -0.27310354 0.02871441 0.40923188
v -0.26936195 0.03027227 0.39917386
v -0.26811198 0.01984116 0.40549829
v -0.26936195 0.03027227 0.39917386
v -0.26665586 0.01984115 0.39332234
v -0.26665586 0.01984115 0.39332234
v -0.26936195 0.03027227 0.39917386
v -0.27062620 0.02871432 0.38851737
v -0.28376435 0.01984115 0.37746914
v -0.28956134 0.02871440 0.37976048
v -0.29579400 0.01984115 0.37984693
v -0.28376435 0.01984115 0.37746914
v -0.29579400 0.01984115 0.37984693
v -0.28939274 0.00941002 0.38061243
v -0.28939274 0.00941002 0.38061243
v -0.29579400 0.01984115 0.37984693
v -0.29913710 0.01096788 0.38510786
v -0.30412868 0.01984115 0.38884149
v -0.30374095 0.02871441 0.39506258
v -0.30558466 0.01984116 0.40101698
v -0.30412868 0.01984115 0.38884149
v -0.30558466 0.01984116 0.40101698
v -0.30287861 0.00941006 0.39516571
v -0.30287861 0.00941006 0.39516571
v -0.30558466 0.01984116 0.40101698
v -0.30161447 0.01096799 0.40582215
v -0.29960611 0.01984116 0.41172301
v -0.29356954 0.02871441 0.41327681
v -0.28847621 0.01984116 0.41687047
v -0.29960611 0.01984116 0.41172301
v -0.28847621 0.01984116 0.41687047
v -0.29320492 0.00941007 0.41248848
v -0.29320492 0.00941007 0.41248848
v -0.28847621 0.01984116 0.41687047
v -0.28267922 0.01096788 0.41457930
v -0.27644650 0.01984116 0.41449268
v -0.27310354 0.02871441 0.40923188
v -0.26811198 0.01984116 0.40549829
v -0.27644650 0.01984116 0.41449268
v -0.26811198 0.01984116 0.40549829
v -0.27374044 0.00941002 0.40864137
v -0.27374044 0.00941002 0.40864137
v -0.26811198 0.01984116 0.40549829
v -0.26849959 0.01096790 0.39927694
v -0.26665586 0.01984115 0.39332234
v -0.27062620 0.02871432 0.38851737
v -0.27263443 0.01984115 0.38261643
v -0.26665586 0.01984115 0.39332234
v -0.27263443 0.01984115 0.38261643
v -0.27138463 0.00941006 0.38894111
v -0.27138463 0.00941006 0.38894111
v -0.27263443 0.01984115 0.38261643
v -0.27867110 0.01096790 0.38106276
v -0.28174184 0.00296338 0.38770224
v -0.27867110 0.01096790 0.38106276
v -0.28939274 0.00941002 0.38061243
v -0.28174184 0.00296338 0.38770224
v -0.28939274 0.00941002 0.38061243
v -0.29377132 0.00296338 0.39008007
v -0.29377132 0.00296338 0.39008007
v -0.28939274 0.00941002 0.38061243
v -0.29913710 0.01096788 0.38510786
v -0.29377132 0.00296338 0.39008007
v -0.29913710 0.01096788 0.38510786
v -0.30287861 0.00941006 0.39516571
v -0.29377132 0.00296338 0.39008007
v -0.30287861 0.00941006 0.39516571
v -0.29522743 0.00296345 0.40225564
v -0.29522743 0.00296345 0.40225564
v -0.30287861 0.00941006 0.39516571
v -0.30161447 0.01096799 0.40582215
v -0.29522743 0.00296345 0.40225564
v -0.30161447 0.01096799 0.40582215
v -0.29320492 0.00941007 0.41248848
v -0.29522743 0.00296345 0.40225564
v -0.29320492 0.00941007 0.41248848
v -0.28409763 0.00296339 0.40740280
v -0.28409763 0.00296339 0.40740280
v -0.29320492 0.00941007 0.41248848
v -0.28267922 0.01096788 0.41457930
v -0.27138463 0.00941006 0.38894111
v -0.27867110 0.01096790 0.38106276
v -0.28174184 0.00296338 0.38770224
v -0.27138463 0.00941006 0.38894111
v -0.28174184 0.00296338 0.38770224
v -0.27576325 0.00296338 0.39840823
v -0.45431656 0.00296337 0.17892849
v -0.46216734 0.00941003 0.18579683
v -0.45143706 0.01096789 0.18565333
v -0.46627328 0.00296337 0.17620795
v -0.46216734 0.00941003 0.18579683
v -0.45431656 0.00296337 0.17892849
v -0.46627328 0.00296337 0.17620795
v -0.47177905 0.01096789 0.18102460
v -0.46216734 0.00941003 0.18579683
v -0.45431656 0.00296337 0.17892849
v -0.44803416 0.00296337 0.16839786
v -0.45842241 0.00000022 0.16933979
v -0.46093432 0.02786094 0.16997446
v -0.45591089 0.02786094 0.16870514
v -0.45778803 0.02786094 0.17185163
v -0.45905718 0.02786094 0.16682806
v -0.45842241 0.00000022 0.16933979
v -0.46627328 0.00296337 0.17620795
v -0.45431656 0.00296337 0.17892849
v -0.45143706 0.01096789 0.18565333
v -0.44392844 0.00941007 0.17798689
v -0.45431656 0.00296337 0.17892849
v -0.45842241 0.00000022 0.16933979
v -0.46738055 0.00296343 0.16399568
v -0.46627328 0.00296337 0.17620795
v -0.45842241 0.00000022 0.16933979
v -0.45610820 0.00296337 0.15916896
v -0.46738055 0.00296343 0.16399568
v -0.45842241 0.00000022 0.16933979
v -0.44803416 0.00296337 0.16839786
v -0.45610820 0.00296337 0.15916896
v -0.45143706 0.01096789 0.18565333
v -0.44535834 0.01984116 0.18427275
v -0.44392844 0.00941007 0.17798689
v -0.47177905 0.01096789 0.18102460
v -0.46858775 0.01984116 0.18637896
v -0.46216734 0.00941003 0.18579683
v -0.47366282 0.01096797 0.16024759
v -0.47776893 0.01984116 0.16493730
v -0.47523120 0.00941005 0.17086367
v -0.45448501 0.01096788 0.15203590
v -0.46021422 0.01984116 0.14957987
v -0.46506608 0.00941005 0.15382457
v -0.44074885 0.01096789 0.16773745
v -0.44018330 0.01984116 0.16152974
v -0.44571969 0.00941002 0.15822705
v -0.45143706 0.01096789 0.18565333
v -0.45663112 0.01984116 0.18909970
v -0.44535834 0.01984116 0.18427275
v -0.47177905 0.01096789 0.18102460
v -0.47666178 0.01984116 0.17714984
v -0.46858775 0.01984116 0.18637896
v -0.47366282 0.01096797 0.16024759
v -0.47148653 0.01984116 0.15440673
v -0.47776893 0.01984116 0.16493730
v -0.45448501 0.01096788 0.15203590
v -0.44825738 0.01984116 0.15230068
v -0.46021422 0.01984116 0.14957987
v -0.44074885 0.01096789 0.16773745
v -0.43907607 0.01984116 0.17374217
v -0.44018330 0.01984116 0.16152974
v -0.46236024 0.02871439 0.18664365
v -0.46073706 0.03671891 0.17951069
v -0.45177896 0.03027225 0.18485492
v -0.47609624 0.02871439 0.17094205
v -0.46881079 0.03671891 0.17028150
v -0.47112544 0.03027227 0.18045258
v -0.46540803 0.02871439 0.15302626
v -0.46252852 0.03671891 0.15975099
v -0.47291703 0.03027223 0.16069280
v -0.44506616 0.02871439 0.15765508
v -0.45057189 0.03671891 0.16247156
v -0.45467775 0.03027227 0.15288276
v -0.44318226 0.02871433 0.17843183
v -0.44946466 0.03671889 0.17468392
v -0.44161380 0.03027225 0.16781581
v -0.44946466 0.03671889 0.17468392
v -0.45842241 0.03968208 0.16933979
v -0.45057189 0.03671891 0.16247156
v -0.44946466 0.03671889 0.17468392
v -0.45057189 0.03671891 0.16247156
v -0.44161380 0.03027225 0.16781581
v -0.44161380 0.03027225 0.16781581
v -0.45057189 0.03671891 0.16247156
v -0.44506616 0.02871439 0.15765508
v -0.45057189 0.03671891 0.16247156
v -0.45842241 0.03968208 0.16933979
v -0.46252852 0.03671891 0.15975099
v -0.45057189 0.03671891 0.16247156
v -0.46252852 0.03671891 0.15975099
v -0.45467775 0.03027227 0.15288276
v -0.45467775 0.03027227 0.15288276
v -0.46252852 0.03671891 0.15975099
v -0.46540803 0.02871439 0.15302626
v -0.46252852 0.03671891 0.15975099
v -0.45842241 0.03968208 0.16933979
v -0.46881079 0.03671891 0.17028150
v -0.46252852 0.03671891 0.15975099
v -0.46881079 0.03671891 0.17028150
v -0.47291703 0.03027223 0.16069280
v -0.47291703 0.03027223 0.16069280
v -0.46881079 0.03671891 0.17028150
v -0.47609624 0.02871439 0.17094205
v -0.46881079 0.03671891 0.17028150
v -0.45842241 0.03968208 0.16933979
v -0.46073706 0.03671891 0.17951069
v -0.46881079 0.03671891 0.17028150
v -0.46073706 0.03671891 0.17951069
v -0.47112544 0.03027227 0.18045258
v -0.47112544 0.03027227 0.18045258
v -0.46073706 0.03671891 0.17951069
v -0.46236024 0.02871439 0.18664365
v -0.46073706 0.03671891 0.17951069
v -0.45842241 0.03968208 0.16933979
v -0.44946466 0.03671889 0.17468392
v -0.46073706 0.03671891 0.17951069
v -0.44946466 0.03671889 0.17468392
v -0.45177896 0.03027225 0.18485492
v -0.45177896 0.03027225 0.18485492
v -0.44946466 0.03671889 0.17468392
v -0.44318226 0.02871433 0.17843183
v -0.43907607 0.01984116 0.17374217
v -0.44318226 0.02871433 0.17843183
v -0.44161380 0.03027225 0.16781581
v -0.43907607 0.01984116 0.17374217
v -0.44161380 0.03027225 0.16781581
v -0.44018330 0.01984116 0.16152974
v -0.44018330 0.01984116 0.16152974
v -0.44161380 0.03027225 0.16781581
v -0.44506616 0.02871439 0.15765508
v -0.44825738 0.01984116 0.15230068
v -0.44506616 0.02871439 0.15765508
v -0.45467775 0.03027227 0.15288276
v -0.44825738 0.01984116 0.15230068
v -0.45467775 0.03027227 0.15288276
v -0.46021422 0.01984116 0.14957987
v -0.46021422 0.01984116 0.14957987
v -0.45467775 0.03027227 0.15288276
v -0.46540803 0.02871439 0.15302626
v -0.47148653 0.01984116 0.15440673
v -0.46540803 0.02871439 0.15302626
v -0.47291703 0.03027223 0.16069280
v -0.47148653 0.01984116 0.15440673
v -0.47291703 0.03027223 0.16069280
v -0.47776893 0.01984116 0.16493730
v -0.47776893 0.01984116 0.16493730
v -0.47291703 0.03027223 0.16069280
v -0.47609624 0.02871439 0.17094205
v -0.47666178 0.01984116 0.17714984
v -0.47609624 0.02871439 0.17094205
v -0.47112544 0.03027227 0.18045258
v -0.47666178 0.01984116 0.17714984
v -0.47112544 0.03027227 0.18045258
v -0.46858775 0.01984116 0.18637896
v -0.46858775 0.01984116 0.18637896
v -0.47112544 0.03027227 0.18045258
v -0.46236024 0.02871439 0.18664365
v -0.45663112 0.01984116 0.18909970
v -0.46236024 0.02871439 0.18664365
v -0.45177896 0.03027225 0.18485492
v -0.45663112 0.01984116 0.18909970
v -0.45177896 0.03027225 0.18485492
v -0.44535834 0.01984116 0.18427275
v -0.44535834 0.01984116 0.18427275
v -0.45177896 0.03027225 0.18485492
v -0.44318226 0.02871433 0.17843183
v -0.44018330 0.01984116 0.16152974
v -0.44506616 0.02871439 0.15765508
v -0.44825738 0.01984116 0.15230068
v -0.44018330 0.01984116 0.16152974
v -0.44825738 0.01984116 0.15230068
v -0.44571969 0.00941002 0.15822705
v -0.44571969 0.00941002 0.15822705
v -0.44825738 0.01984116 0.15230068
v -0.45448501 0.01096788 0.15203590
v -0.46021422 0.01984116 0.14957987
v -0.46540803 0.02871439 0.15302626
v -0.47148653 0.01984116 0.15440673
v -0.46021422 0.01984116 0.14957987
v -0.47148653 0.01984116 0.15440673
v -0.46506608 0.00941005 0.15382457
v -0.46506608 0.00941005 0.15382457
v -0.47148653 0.01984116 0.15440673
v -0.47366282 0.01096797 0.16024759
v -0.47776893 0.01984116 0.16493730
v -0.47609624 0.02871439 0.17094205
v -0.47666178 0.01984116 0.17714984
v -0.47776893 0.01984116 0.16493730
v -0.47666178 0.01984116 0.17714984
v -0.47523120 0.00941005 0.17086367
v -0.47523120 0.00941005 0.17086367
v -0.47666178 0.01984116 0.17714984
v -0.47177905 0.01096789 0.18102460
v -0.46858775 0.01984116 0.18637896
v -0.46236024 0.02871439 0.18664365
v -0.45663112 0.01984116 0.18909970
v -0.46858775 0.01984116 0.18637896
v -0.45663112 0.01984116 0.18909970
v -0.46216734 0.00941003 0.18579683
v -0.46216734 0.00941003 0.18579683
v -0.45663112 0.01984116 0.18909970
v -0.45143706 0.01096789 0.18565333
v -0.44535834 0.01984116 0.18427275
v -0.44318226 0.02871433 0.17843183
v -0.43907607 0.01984116 0.17374217
v -0.44535834 0.01984116 0.18427275
v -0.43907607 0.01984116 0.17374217
v -0.44392844 0.00941007 0.17798689
v -0.44392844 0.00941007 0.17798689
v -0.43907607 0.01984116 0.17374217
v -0.44074885 0.01096789 0.16773745
v -0.44803416 0.00296337 0.16839786
v -0.44074885 0.01096789 0.16773745
v -0.44571969 0.00941002 0.15822705
v -0.44803416 0.00296337 0.16839786
v -0.44571969 0.00941002 0.15822705
v -0.45610820 0.00296337 0.15916896
v -0.45610820 0.00296337 0.15916896
v -0.44571969 0.00941002 0.15822705
v -0.45448501 0.01096788 0.15203590
v -0.45610820 0.00296337 0.15916896
v -0.45448501 0.01096788 0.15203590
v -0.46506608 0.00941005 0.15382457
v -0.45610820 0.00296337 0.15916896
v -0.46506608 0.00941005 0.15382457
v -0.46738055 0.00296343 0.16399568
v -0.46738055 0.00296343 0.16399568
v -0.46506608 0.00941005 0.15382457
v -0.47366282 0.01096797 0.16024759
v -0.46738055 0.00296343 0.16399568
v -0.47366282 0.01096797 0.16024759
v -0.47523120 0.00941005 0.17086367
v -0.46738055 0.00296343 0.16399568
v -0.47523120 0.00941005 0.17086367
v -0.46627328 0.00296337 0.17620795
v -0.46627328 0.00296337 0.17620795
v -0.47523120 0.00941005 0.17086367
v -0.47177905 0.01096789 0.18102460
v -0.44392844 0.00941007 0.17798689
v -0.44074885 0.01096789 0.16773745
v -0.44803416 0.00296337 0.16839786
v -0.44392844 0.00941007 0.17798689
v -0.44803416 0.00296337 0.16839786
v -0.45431656 0.00296337 0.17892849
vn 0.27932487 0.66170690 -0.69578847
vn 0.27932487 0.66170690 -0.69578847
vn 0.27932487 0.66170690 -0.69578847
vn 0.41259958 0.79465878 -0.44528531
vn 0.41259958 0.79465878 -0.44528531
vn 0.41259958 0.79465878 -0.44528531
vn 0.67253505 0.66169723 -0.33144137
vn 0.67253505 0.66169723 -0.33144137
vn 0.67253505 0.66169723 -0.33144137
vn -0.16153359 0.94352220 -0.28926245
vn -0.16153359 0.94352220 -0.28926245
vn -0.16153359 0.94352220 -0.28926245
vn -0.00000000 -1.00000000 0.00000017
vn -0.00000000 -1.00000000 0.00000017
vn -0.00000000 -1.00000000 0.00000017
vn -0.00000000 -1.00000000 0.00000017
vn 0.22517699 0.94352469 -0.24301538
vn 0.22517699 0.94352469 -0.24301538
vn 0.22517699 0.94352469 -0.24301538
vn -0.10738862 0.66170392 -0.74203478
vn -0.10738862 0.66170392 -0.74203478
vn -0.10738862 0.66170392 -0.74203478
vn 0.30069769 0.94352575 0.13906856
vn 0.30069769 0.94352575 0.13906856
vn 0.30069769 0.94352575 0.13906856
vn -0.03933901 0.94352297 0.32896330
vn -0.03933901 0.94352297 0.32896330
vn -0.03933901 0.94352297 0.32896330
vn -0.32502070 0.94352211 0.06424617
vn -0.32502070 0.94352211 0.06424617
vn -0.32502070 0.94352211 0.06424617
vn -0.20722537 0.33039410 -0.92081344
vn -0.20722537 0.33039410 -0.92081344
vn -0.20722537 0.33039410 -0.92081344
vn 0.81170924 0.33038621 -0.48163582
vn 0.81170924 0.33038621 -0.48163582
vn 0.81170924 0.33038621 -0.48163582
vn 0.70889065 0.33037658 0.62315758
vn 0.70889065 0.33037658 0.62315758
vn 0.70889065 0.33037658 0.62315758
vn -0.37360698 0.33038646 0.86675407
vn -0.37360698 0.33038646 0.86675407
vn -0.37360698 0.33038646 0.86675407
vn -0.93978080 0.33039316 -0.08747800
vn -0.93978080 0.33039316 -0.08747800
vn -0.93978080 0.33039316 -0.08747800
vn 0.11780092 0.12562720 -0.98505875
vn 0.11780092 0.12562720 -0.98505875
vn 0.11780092 0.12562720 -0.98505875
vn 0.97324936 0.12562347 -0.19236535
vn 0.97324936 0.12562347 -0.19236535
vn 0.97324936 0.12562347 -0.19236535
vn 0.48369964 0.12561820 0.86617246
vn 0.48369964 0.12561820 0.86617246
vn 0.48369964 0.12561820 0.86617246
vn -0.67430421 0.12562860 0.72768901
vn -0.67430421 0.12562860 0.72768901
vn -0.67430421 0.12562860 0.72768901
vn -0.90044271 0.12564181 -0.41643374
vn -0.90044271 0.12564181 -0.41643374
vn -0.90044271 0.12564181 -0.41643374
vn 0.34929046 -0.66169735 -0.66344012
vn 0.34929046 -0.66169735 -0.66344012
vn 0.34929046 -0.66169735 -0.66344012
vn 0.73889938 -0.66170225 0.12719216
vn 0.73889938 -0.66170225 0.12719216
vn 0.73889938 -0.66170225 0.12719216
vn 0.10737609 -0.66169996 0.74204012
vn 0.10737609 -0.66169996 0.74204012
vn 0.10737609 -0.66169996 0.74204012
vn -0.67254499 -0.66169137 0.33143291
vn -0.67254499 -0.66169137 0.33143291
vn -0.67254499 -0.66169137 0.33143291
vn -0.52303307 -0.66170763 -0.53719589
vn -0.52303307 -0.66170763 -0.53719589
vn -0.52303307 -0.66170763 -0.53719589
vn -0.30071164 -0.94351969 -0.13907949
vn -0.30071164 -0.94351969 -0.13907949
vn -0.30071164 -0.94351969 -0.13907949
vn -0.55098137 -0.79465917 -0.25482610
vn -0.55098137 -0.79465917 -0.25482610
vn -0.55098137 -0.79465917 -0.25482610
vn -0.74806391 -0.66169124 -0.05064673
vn -0.74806391 -0.66169124 -0.05064673
vn -0.74806391 -0.66169124 -0.05064673
vn -0.22518355 -0.94352330 0.24301472
vn -0.22518355 -0.94352330 0.24301472
vn -0.22518355 -0.94352330 0.24301472
vn -0.41260825 -0.79465698 0.44528049
vn -0.41260825 -0.79465698 0.44528049
vn -0.41260825 -0.79465698 0.44528049
vn -0.27932837 -0.66169803 0.69579550
vn -0.27932837 -0.66169803 0.69579550
vn -0.27932837 -0.66169803 0.69579550
vn 0.16153158 -0.94352451 0.28925603
vn 0.16153158 -0.94352451 0.28925603
vn 0.16153158 -0.94352451 0.28925603
vn 0.29597615 -0.79466393 0.53000694
vn 0.29597615 -0.79466393 0.53000694
vn 0.29597615 -0.79466393 0.53000694
vn 0.57542777 -0.66170342 0.48065733
vn 0.57542777 -0.66170342 0.48065733
vn 0.57542777 -0.66170342 0.48065733
vn 0.32501647 -0.94352438 -0.06423417
vn 0.32501647 -0.94352438 -0.06423417
vn 0.32501647 -0.94352438 -0.06423417
vn 0.59553124 -0.79466340 -0.11769713
vn 0.59553124 -0.79466340 -0.11769713
vn 0.59553124 -0.79466340 -0.11769713
vn 0.63496068 -0.66169806 -0.39872373
vn 0.63496068 -0.66169806 -0.39872373
vn 0.63496068 -0.66169806 -0.39872373
vn 0.03933646 -0.94352142 -0.32896804
vn 0.03933646 -0.94352142 -0.32896804
vn 0.03933646 -0.94352142 -0.32896804
vn 0.07207806 -0.79466304 -0.60275650
vn 0.07207806 -0.79466304 -0.60275650
vn 0.07207806 -0.79466304 -0.60275650
vn -0.18299724 -0.66170763 -0.72708666
vn -0.18299724 -0.66170763 -0.72708666
vn -0.18299724 -0.66170763 -0.72708666
vn -0.70889093 -0.33039370 -0.62314818
vn -0.70889093 -0.33039370 -0.62314818
vn -0.70889093 -0.33039370 -0.62314818
vn -0.89151947 -0.18760612 -0.41230690
vn -0.89151947 -0.18760612 -0.41230690
vn -0.89151947 -0.18760612 -0.41230690
vn -0.93390580 -0.33039746 -0.13659240
vn -0.93390580 -0.33039746 -0.13659240
vn -0.93390580 -0.33039746 -0.13659240
vn -0.81171690 -0.33038600 0.48162305
vn -0.81171690 -0.33038600 0.48162305
vn -0.81171690 -0.33038600 0.48162305
vn -0.66762242 -0.18759359 0.72047828
vn -0.66762242 -0.18759359 0.72047828
vn -0.66762242 -0.18759359 0.72047828
vn -0.41850342 -0.33038912 0.84598931
vn -0.41850342 -0.33038912 0.84598931
vn -0.41850342 -0.33038912 0.84598931
vn 0.20720946 -0.33038066 0.92082184
vn 0.20720946 -0.33038066 0.92082184
vn 0.20720946 -0.33038066 0.92082184
vn 0.47890700 -0.18758230 0.85759021
vn 0.47890700 -0.18758230 0.85759021
vn 0.47890700 -0.18758230 0.85759021
vn 0.67527081 -0.33037598 0.65943995
vn 0.67527081 -0.33037598 0.65943995
vn 0.67527081 -0.33037598 0.65943995
vn 0.93977929 -0.33039349 0.08749307
vn 0.93977929 -0.33039349 0.08749307
vn 0.93977929 -0.33039349 0.08749307
vn 0.96360442 -0.18759505 -0.19045895
vn 0.96360442 -0.18759505 -0.19045895
vn 0.96360442 -0.18759505 -0.19045895
vn 0.83583698 -0.33039009 -0.43842780
vn 0.83583698 -0.33039009 -0.43842780
vn 0.83583698 -0.33039009 -0.43842780
vn 0.37360765 -0.33038884 -0.86675287
vn 0.37360765 -0.33038884 -0.86675287
vn 0.37360765 -0.33038884 -0.86675287
vn 0.11663365 -0.18759175 -0.97529787
vn 0.11663365 -0.18759175 -0.97529787
vn 0.11663365 -0.18759175 -0.97529787
vn -0.15868177 -0.33038918 -0.93041017
vn -0.15868177 -0.33038918 -0.93041017
vn -0.15868177 -0.33038918 -0.93041017
vn -0.97324639 -0.12563740 0.19237126
vn -0.97324639 -0.12563740 0.19237126
vn -0.97324639 -0.12563740 0.19237126
vn -0.96360264 0.18759806 0.19046502
vn -0.96360264 0.18759806 0.19046502
vn -0.96360264 0.18759806 0.19046502
vn -0.83584186 0.33038566 0.43842182
vn -0.83584186 0.33038566 0.43842182
vn -0.83584186 0.33038566 0.43842182
vn -0.11779166 -0.12563568 0.98505878
vn -0.11779166 -0.12563568 0.98505878
vn -0.11779166 -0.12563568 0.98505878
vn -0.11662463 0.18759065 0.97529916
vn -0.11662463 0.18759065 0.97529916
vn -0.11662463 0.18759065 0.97529916
vn 0.15867517 0.33037504 0.93041632
vn 0.15867517 0.33037504 0.93041632
vn 0.15867517 0.33037504 0.93041632
vn 0.90043685 -0.12563530 0.41644838
vn 0.90043685 -0.12563530 0.41644838
vn 0.90043685 -0.12563530 0.41644838
vn 0.89151565 0.18759039 0.41232231
vn 0.89151565 0.18759039 0.41232231
vn 0.89151565 0.18759039 0.41232231
vn 0.93390689 0.33038786 0.13660815
vn 0.93390689 0.33038786 0.13660815
vn 0.93390689 0.33038786 0.13660815
vn 0.67430179 -0.12563732 -0.72768974
vn 0.67430179 -0.12563732 -0.72768974
vn 0.67430179 -0.12563732 -0.72768974
vn 0.66762023 0.18759772 -0.72047923
vn 0.66762023 0.18759772 -0.72047923
vn 0.66762023 0.18759772 -0.72047923
vn 0.41850578 0.33038451 -0.84598994
vn 0.41850578 0.33038451 -0.84598994
vn 0.41850578 0.33038451 -0.84598994
vn -0.48370547 -0.12563590 -0.86616663
vn -0.48370547 -0.12563590 -0.86616663
vn -0.48370547 -0.12563590 -0.86616663
vn -0.47891096 0.18761340 -0.85758120
vn -0.47891096 0.18761340 -0.85758120
vn -0.47891096 0.18761340 -0.85758120
vn -0.67525086 0.33039835 -0.65944917
vn -0.67525086 0.33039835 -0.65944917
vn -0.67525086 0.33039835 -0.65944917
vn -0.73891144 0.66169135 -0.12717880
vn -0.73891144 0.66169135 -0.12717880
vn -0.73891144 0.66169135 -0.12717880
vn -0.59553512 0.79465736 0.11771835
vn -0.59553512 0.79465736 0.11771835
vn -0.59553512 0.79465736 0.11771835
vn -0.63495771 0.66170530 0.39871644
vn -0.63495771 0.66170530 0.39871644
vn -0.63495771 0.66170530 0.39871644
vn -0.34928808 0.66170637 0.66343238
vn -0.34928808 0.66170637 0.66343238
vn -0.34928808 0.66170637 0.66343238
vn -0.07208517 0.79466390 0.60275452
vn -0.07208517 0.79466390 0.60275452
vn -0.07208517 0.79466390 0.60275452
vn 0.18299354 0.66170315 0.72709168
vn 0.18299354 0.66170315 0.72709168
vn 0.18299354 0.66170315 0.72709168
vn 0.52303587 0.66169730 0.53720588
vn 0.52303587 0.66169730 0.53720588
vn 0.52303587 0.66169730 0.53720588
vn 0.55098733 0.79465735 0.25481886
vn 0.55098733 0.79465735 0.25481886
vn 0.55098733 0.79465735 0.25481886
vn 0.74805645 0.66169889 0.05065697
vn 0.74805645 0.66169889 0.05065697
vn 0.74805645 0.66169889 0.05065697
vn -0.57541977 0.66169344 -0.48068065
vn -0.57541977 0.66169344 -0.48068065
vn -0.57541977 0.66169344 -0.48068065
vn -0.29597975 0.79465484 -0.53001856
vn -0.29597975 0.79465484 -0.53001856
vn -0.29597975 0.79465484 -0.53001856
vn 0.58979513 0.66170681 -0.46291014
vn 0.58979513 0.66170681 -0.46291014
vn 0.58979513 0.66170681 -0.46291014
vn 0.57996244 0.79466040 -0.17932767
vn 0.57996244 0.79466040 -0.17932767
vn 0.57996244 0.79466040 -0.17932767
vn 0.74815093 0.66169968 0.04923124
vn 0.74815093 0.66169968 0.04923124
vn 0.74815093 0.66169968 0.04923124
vn 0.00473898 0.94352237 -0.33127492
vn 0.00473898 0.94352237 -0.33127492
vn 0.00473898 0.94352237 -0.33127492
vn 0.00000000 -1.00000000 0.00000017
vn 0.00000000 -1.00000000 0.00000017
vn -0.00000000 -1.00000000 0.00000017
vn 0.00000000 -1.00000000 0.00000017
vn 0.31651689 0.94352463 -0.09786890
vn 0.31651689 0.94352463 -0.09786890
vn 0.31651689 0.94352463 -0.09786890
vn 0.27801638 0.66170304 -0.69631601
vn 0.27801638 0.66170304 -0.69631601
vn 0.27801638 0.66170304 -0.69631601
vn 0.19087823 0.94352571 0.27078539
vn 0.19087823 0.94352571 0.27078539
vn 0.19087823 0.94352571 0.27078539
vn -0.19855023 0.94352285 0.26522148
vn -0.19855023 0.94352285 0.26522148
vn -0.19855023 0.94352285 0.26522148
vn -0.31359871 0.94352243 -0.10687032
vn -0.31359871 0.94352243 -0.10687032
vn -0.31359871 0.94352243 -0.10687032
vn 0.28094474 0.33039685 -0.90105936
vn 0.28094474 0.33039685 -0.90105936
vn 0.28094474 0.33039685 -0.90105936
vn 0.94377851 0.33038684 -0.01125424
vn 0.94377851 0.33038684 -0.01125424
vn 0.94377851 0.33038684 -0.01125424
vn 0.30233735 0.33037466 0.89411672
vn 0.30233735 0.33037466 0.89411672
vn 0.30233735 0.33037466 0.89411672
vn -0.75693035 0.33038717 0.56382689
vn -0.75693035 0.33038717 0.56382689
vn -0.75693035 0.33038717 0.56382689
vn -0.77013291 0.33039413 -0.54565101
vn -0.77013291 0.33039413 -0.54565101
vn -0.77013291 0.33039413 -0.54565101
vn 0.59454821 0.12562984 -0.79418484
vn 0.59454821 0.12562984 -0.79418484
vn 0.59454821 0.12562984 -0.79418484
vn 0.93904203 0.12562666 0.32002814
vn 0.93904203 0.12562666 0.32002814
vn 0.93904203 0.12562666 0.32002814
vn -0.01418895 0.12561608 0.99197746
vn -0.01418895 0.12561608 0.99197746
vn -0.01418895 0.12561608 0.99197746
vn -0.94780888 0.12562964 0.29304525
vn -0.94780888 0.12562964 0.29304525
vn -0.94780888 0.12562964 0.29304525
vn -0.57158902 0.12564311 -0.81086361
vn -0.57158902 0.12564311 -0.81086361
vn -0.57158902 0.12564311 -0.81086361
vn 0.63421291 -0.66169954 -0.39990962
vn 0.63421291 -0.66169954 -0.39990962
vn 0.63421291 -0.66169954 -0.39990962
vn 0.57630946 -0.66170415 0.47959882
vn 0.57630946 -0.66170415 0.47959882
vn 0.57630946 -0.66170415 0.47959882
vn -0.27803054 -0.66169860 0.69631457
vn -0.27803054 -0.66169860 0.69631457
vn -0.27803054 -0.66169860 0.69631457
vn -0.74815941 -0.66168899 -0.04924610
vn -0.74815941 -0.66168899 -0.04924610
vn -0.74815941 -0.66168899 -0.04924610
vn -0.18435987 -0.66170858 -0.72674149
vn -0.18435987 -0.66170858 -0.72674149
vn -0.18435987 -0.66170858 -0.72674149
vn -0.19088370 -0.94351962 -0.27080277
vn -0.19088370 -0.94351962 -0.27080277
vn -0.19088370 -0.94351962 -0.27080277
vn -0.34974926 -0.79465984 -0.49617657
vn -0.34974926 -0.79465984 -0.49617657
vn -0.34974926 -0.79465984 -0.49617657
vn -0.62252140 -0.66168959 -0.41789232
vn -0.62252140 -0.66168959 -0.41789232
vn -0.62252140 -0.66168959 -0.41789232
vn -0.31652179 -0.94352331 0.09786580
vn -0.31652179 -0.94352331 0.09786580
vn -0.31652179 -0.94352331 0.09786580
vn -0.57996893 -0.79465713 0.17932121
vn -0.57996893 -0.79465713 0.17932121
vn -0.57996893 -0.79465713 0.17932121
vn -0.58980246 -0.66169653 0.46291550
vn -0.58980246 -0.66169653 0.46291550
vn -0.58980246 -0.66169653 0.46291550
vn -0.00473779 -0.94352452 0.33126884
vn -0.00473779 -0.94352452 0.33126884
vn -0.00473779 -0.94352452 0.33126884
vn -0.00868112 -0.79466297 0.60698880
vn -0.00868112 -0.79466297 0.60698880
vn -0.00868112 -0.79466297 0.60698880
vn 0.25800358 -0.66170380 0.70397602
vn 0.25800358 -0.66170380 0.70397602
vn 0.25800358 -0.66170380 0.70397602
vn 0.31359037 -0.94352415 0.10687962
vn 0.31359037 -0.94352415 0.10687962
vn 0.31359037 -0.94352415 0.10687962
vn 0.57459347 -0.79466383 0.19583600
vn 0.57459347 -0.79466383 0.19583600
vn 0.57459347 -0.79466383 0.19583600
vn 0.74925159 -0.66170083 -0.02782205
vn 0.74925159 -0.66170083 -0.02782205
vn 0.74925159 -0.66170083 -0.02782205
vn 0.19855065 -0.94352121 -0.26522700
vn 0.19855065 -0.94352121 -0.26522700
vn 0.19855065 -0.94352121 -0.26522700
vn 0.36379854 -0.79466419 -0.48596239
vn 0.36379854 -0.79466419 -0.48596239
vn 0.36379854 -0.79466419 -0.48596239
vn 0.20506064 -0.66170848 -0.72117405
vn 0.20506064 -0.66170848 -0.72117405
vn 0.20506064 -0.66170848 -0.72117405
vn -0.30234265 -0.33039298 -0.89410816
vn -0.30234265 -0.33039298 -0.89410816
vn -0.30234265 -0.33039298 -0.89410816
vn -0.56592476 -0.18760621 -0.80282817
vn -0.56592476 -0.18760621 -0.80282817
vn -0.56592476 -0.18760621 -0.80282817
vn -0.74049149 -0.33039966 -0.58524219
vn -0.74049149 -0.33039966 -0.58524219
vn -0.74049149 -0.33039966 -0.58524219
vn -0.94377864 -0.33038712 0.01123487
vn -0.94377864 -0.33038712 0.01123487
vn -0.94377864 -0.33038712 0.01123487
vn -0.93841718 -0.18759281 0.29014156
vn -0.93841718 -0.18759281 0.29014156
vn -0.93841718 -0.18759281 0.29014156
vn -0.78542631 -0.33039065 0.52339997
vn -0.78542631 -0.33039065 0.52339997
vn -0.78542631 -0.33039065 0.52339997
vn -0.28096305 -0.33038176 0.90105918
vn -0.28096305 -0.33038176 0.90105918
vn -0.28096305 -0.33038176 0.90105918
vn -0.01404835 -0.18758299 0.98214829
vn -0.01404835 -0.18758299 0.98214829
vn -0.01404835 -0.18758299 0.98214829
vn 0.25507823 -0.33037423 0.90872876
vn 0.25507823 -0.33037423 0.90872876
vn 0.25507823 -0.33037423 0.90872876
vn 0.77012743 -0.33039520 0.54565809
vn 0.77012743 -0.33039520 0.54565809
vn 0.77012743 -0.33039520 0.54565809
vn 0.92973588 -0.18759817 0.31685663
vn 0.92973588 -0.18759817 0.31685663
vn 0.92973588 -0.18759817 0.31685663
vn 0.94307000 -0.33038951 0.03823286
vn 0.94307000 -0.33038951 0.03823286
vn 0.94307000 -0.33038951 0.03823286
vn 0.75693006 -0.33038830 -0.56382662
vn 0.75693006 -0.33038830 -0.56382662
vn 0.75693006 -0.33038830 -0.56382662
vn 0.58865717 -0.18759105 -0.78631567
vn 0.58865717 -0.18759105 -0.78631567
vn 0.58865717 -0.18759105 -0.78631567
vn 0.32778090 -0.33038957 -0.88510023
vn 0.32778090 -0.33038957 -0.88510023
vn 0.32778090 -0.33038957 -0.88510023
vn -0.93904167 -0.12564297 -0.32002279
vn -0.93904167 -0.12564297 -0.32002279
vn -0.93904167 -0.12564297 -0.32002279
vn -0.92973762 0.18759727 -0.31685205
vn -0.92973762 0.18759727 -0.31685205
vn -0.92973762 0.18759727 -0.31685205
vn -0.94307133 0.33038558 -0.03823399
vn -0.94307133 0.33038558 -0.03823399
vn -0.94307133 0.33038558 -0.03823399
vn -0.59453883 -0.12563995 0.79419027
vn -0.59453883 -0.12563995 0.79419027
vn -0.59453883 -0.12563995 0.79419027
vn -0.58864858 0.18759164 0.78632196
vn -0.58864858 0.18759164 0.78632196
vn -0.58864858 0.18759164 0.78632196
vn -0.32779356 0.33037497 0.88510099
vn -0.32779356 0.33037497 0.88510099
vn -0.32779356 0.33037497 0.88510099
vn 0.57157408 -0.12563299 0.81087571
vn 0.57157408 -0.12563299 0.81087571
vn 0.57157408 -0.12563299 0.81087571
vn 0.56591103 0.18758992 0.80284166
vn 0.56591103 0.18758992 0.80284166
vn 0.56591103 0.18758992 0.80284166
vn 0.74048304 0.33039102 0.58525776
vn 0.74048304 0.33039102 0.58525776
vn 0.74048304 0.33039102 0.58525776
vn 0.94780788 -0.12563599 -0.29304576
vn 0.94780788 -0.12563599 -0.29304576
vn 0.94780788 -0.12563599 -0.29304576
vn 0.93841587 0.18759878 -0.29014196
vn 0.93841587 0.18759878 -0.29014196
vn 0.93841587 0.18759878 -0.29014196
vn 0.78542961 0.33038654 -0.52339761
vn 0.78542961 0.33038654 -0.52339761
vn 0.78542961 0.33038654 -0.52339761
vn 0.01418016 -0.12563600 -0.99197506
vn 0.01418016 -0.12563600 -0.99197506
vn 0.01418016 -0.12563600 -0.99197506
vn 0.01403961 0.18761453 -0.98214239
vn 0.01403961 0.18761453 -0.98214239
vn 0.01403961 0.18761453 -0.98214239
vn -0.25505916 0.33039889 -0.90872515
vn -0.25505916 0.33039889 -0.90872515
vn -0.25505916 0.33039889 -0.90872515
vn -0.57632617 0.66168948 -0.47959897
vn -0.57632617 0.66168948 -0.47959897
vn -0.57632617 0.66168948 -0.47959897
vn -0.57460739 0.79465808 -0.19581850
vn -0.57460739 0.79465808 -0.19581850
vn -0.57460739 0.79465808 -0.19581850
vn -0.74924760 0.66170536 0.02782158
vn -0.74924760 0.66170536 0.02782158
vn -0.74924760 0.66170536 0.02782158
vn -0.63420869 0.66170667 0.39990451
vn -0.63420869 0.66170667 0.39990451
vn -0.63420869 0.66170667 0.39990451
vn -0.36380384 0.79466467 0.48595764
vn -0.36380384 0.79466467 0.48595764
vn -0.36380384 0.79466467 0.48595764
vn -0.20506937 0.66170406 0.72117563
vn -0.20506937 0.66170406 0.72117563
vn -0.20506937 0.66170406 0.72117563
vn 0.18435718 0.66169767 0.72675211
vn 0.18435718 0.66169767 0.72675211
vn 0.18435718 0.66169767 0.72675211
vn 0.34975945 0.79465910 0.49617058
vn 0.34975945 0.79465910 0.49617058
vn 0.34975945 0.79465910 0.49617058
vn 0.62250622 0.66170153 0.41789603
vn 0.62250622 0.66170153 0.41789603
vn 0.62250622 0.66170153 0.41789603
vn -0.25798746 0.66169213 -0.70399290
vn -0.25798746 0.66169213 -0.70399290
vn -0.25798746 0.66169213 -0.70399290
vn 0.00868331 0.79465427 -0.60700016
vn 0.00868331 0.79465427 -0.60700016
vn 0.00868331 0.79465427 -0.60700016
vn 0.74223172 0.66170785 -0.10599427
vn 0.74223172 0.66170785 -0.10599427
vn 0.74223172 0.66170785 -0.10599427
vn 0.59192541 0.79466091 0.13467869
vn 0.59192541 0.79466091 0.13467869
vn 0.59192541 0.79466091 0.13467869
vn 0.62330206 0.66169920 0.41671177
vn 0.62330206 0.66169920 0.41671177
vn 0.62330206 0.66169920 0.41671177
vn 0.16974101 0.94352209 -0.28452425
vn 0.16974101 0.94352209 -0.28452425
vn 0.16974101 0.94352209 -0.28452425
vn 0.00000000 -1.00000000 0.00000017
vn 0.00000000 -1.00000000 0.00000017
vn 0.00000000 -1.00000000 0.00000017
vn -0.00000000 -1.00000000 0.00000017
vn 0.32304546 0.94352488 0.07350130
vn 0.32304546 0.94352488 0.07350130
vn 0.32304546 0.94352488 0.07350130
vn 0.58892635 0.66170391 -0.46401906
vn 0.58892635 0.66170391 -0.46401906
vn 0.58892635 0.66170391 -0.46401906
vn 0.02991356 0.94352650 0.32994382
vn 0.02991356 0.94352650 0.32994382
vn 0.02991356 0.94352650 0.32994382
vn -0.30455962 0.94352332 0.13041156
vn -0.30455962 0.94352332 0.13041156
vn -0.30455962 0.94352332 0.13041156
vn -0.21814917 0.94352213 -0.24935302
vn -0.21814917 0.94352213 -0.24935302
vn -0.21814917 0.94352213 -0.24935302
vn 0.69383495 0.33039352 -0.63986966
vn 0.69383495 0.33039352 -0.63986966
vn 0.69383495 0.33039352 -0.63986966
vn 0.82296284 0.33038634 0.46214396
vn 0.82296284 0.33038634 0.46214396
vn 0.82296284 0.33038634 0.46214396
vn -0.18522298 0.33037445 0.92549725
vn -0.18522298 0.33037445 0.92549725
vn -0.18522298 0.33037445 0.92549725
vn -0.93743323 0.33038995 0.10982445
vn -0.93743323 0.33038995 0.10982445
vn -0.93743323 0.33038995 0.10982445
vn -0.39413139 0.33039375 -0.85761321
vn -0.39413139 0.33039375 -0.85761321
vn -0.39413139 0.33039375 -0.85761321
vn 0.91198617 0.12562709 -0.39051128
vn 0.91198617 0.12562709 -0.39051128
vn 0.91198617 0.12562709 -0.39051128
vn 0.65322022 0.12562502 0.74667376
vn 0.65322022 0.12562502 0.74667376
vn 0.65322022 0.12562502 0.74667376
vn -0.50827644 0.12561472 0.85198357
vn -0.50827644 0.12561472 0.85198357
vn -0.50827644 0.12561472 0.85198357
vn -0.96734879 0.12563158 -0.22012048
vn -0.96734879 0.12563158 -0.22012048
vn -0.96734879 0.12563158 -0.22012048
vn -0.08957554 0.12563931 -0.98802378
vn -0.08957554 0.12563931 -0.98802378
vn -0.08957554 0.12563931 -0.98802378
vn 0.74919981 -0.66169888 -0.02922734
vn 0.74919981 -0.66169888 -0.02922734
vn 0.74919981 -0.66169888 -0.02922734
vn 0.25929745 -0.66170298 0.70350124
vn 0.25929745 -0.66170298 0.70350124
vn 0.25929745 -0.66170298 0.70350124
vn -0.58893765 -0.66169854 0.46401238
vn -0.58893765 -0.66169854 0.46401238
vn -0.58893765 -0.66169854 0.46401238
vn -0.62330215 -0.66168971 -0.41672672
vn -0.62330215 -0.66168971 -0.41672672
vn -0.62330215 -0.66168971 -0.41672672
vn 0.20370985 -0.66170731 -0.72155785
vn 0.20370985 -0.66170731 -0.72155785
vn 0.20370985 -0.66170731 -0.72155785
vn -0.02990953 -0.94351990 -0.32996307
vn -0.02990953 -0.94351990 -0.32996307
vn -0.02990953 -0.94351990 -0.32996307
vn -0.05480515 -0.79465937 -0.60457661
vn -0.05480515 -0.79465937 -0.60457661
vn -0.05480515 -0.79465937 -0.60457661
vn -0.33017209 -0.66169098 -0.67316524
vn -0.33017209 -0.66169098 -0.67316524
vn -0.33017209 -0.66169098 -0.67316524
vn -0.32304704 -0.94352395 -0.07350621
vn -0.32304704 -0.94352395 -0.07350621
vn -0.32304704 -0.94352395 -0.07350621
vn -0.59192999 -0.79465591 -0.13468806
vn -0.59192999 -0.79465591 -0.13468806
vn -0.59192999 -0.79465591 -0.13468806
vn -0.74224188 -0.66169697 0.10599108
vn -0.74224188 -0.66169697 0.10599108
vn -0.74224188 -0.66169697 0.10599108
vn -0.16973530 -0.94352554 0.28451624
vn -0.16973530 -0.94352554 0.28451624
vn -0.16973530 -0.94352554 0.28451624
vn -0.31101156 -0.79466258 0.52132829
vn -0.31101156 -0.79466258 0.52132829
vn -0.31101156 -0.79466258 0.52132829
vn -0.12854949 -0.66170316 0.73866363
vn -0.12854949 -0.66170316 0.73866363
vn -0.12854949 -0.66170316 0.73866363
vn 0.21813480 -0.94352533 0.24935347
vn 0.21813480 -0.94352533 0.24935347
vn 0.21813480 -0.94352533 0.24935347
vn 0.39969413 -0.79466342 0.45689676
vn 0.39969413 -0.79466342 0.45689676
vn 0.39969413 -0.79466342 0.45689676
vn 0.66278275 -0.66169991 0.35053139
vn 0.66278275 -0.66169991 0.35053139
vn 0.66278275 -0.66169991 0.35053139
vn 0.30456142 -0.94352197 -0.13041720
vn 0.30456142 -0.94352197 -0.13041720
vn 0.30456142 -0.94352197 -0.13041720
vn 0.55804147 -0.79466291 -0.23895730
vn 0.55804147 -0.79466291 -0.23895730
vn 0.55804147 -0.79466291 -0.23895730
vn 0.53817640 -0.66170765 -0.52202409
vn 0.53817640 -0.66170765 -0.52202409
vn 0.53817640 -0.66170765 -0.52202409
vn 0.18521818 -0.33039320 -0.92549153
vn 0.18521818 -0.33039320 -0.92549153
vn 0.18521818 -0.33039320 -0.92549153
vn -0.08868784 -0.18760623 -0.97823227
vn -0.08868784 -0.18760623 -0.97823227
vn -0.08868784 -0.18760623 -0.97823227
vn -0.34866310 -0.33040112 -0.87707989
vn -0.34866310 -0.33040112 -0.87707989
vn -0.34866310 -0.33040112 -0.87707989
vn -0.82295417 -0.33038722 -0.46215876
vn -0.82295417 -0.33038722 -0.46215876
vn -0.82295417 -0.33038722 -0.46215876
vn -0.95776343 -0.18759447 -0.21793927
vn -0.95776343 -0.18759447 -0.21793927
vn -0.95776343 -0.18759447 -0.21793927
vn -0.94189915 -0.33039134 0.06056027
vn -0.94189915 -0.33039134 0.06056027
vn -0.94189915 -0.33039134 0.06056027
vn -0.69384917 -0.33038238 0.63985999
vn -0.69384917 -0.33038238 0.63985999
vn -0.69384917 -0.33038238 0.63985999
vn -0.50323991 -0.18758389 0.84354127
vn -0.50323991 -0.18758389 0.84354127
vn -0.50323991 -0.18758389 0.84354127
vn -0.23345879 -0.33037515 0.91452133
vn -0.23345879 -0.33037515 0.91452133
vn -0.23345879 -0.33037515 0.91452133
vn 0.39411710 -0.33039445 0.85761951
vn 0.39411710 -0.33039445 0.85761951
vn 0.39411710 -0.33039445 0.85761951
vn 0.64674693 -0.18759466 0.73927441
vn 0.64674693 -0.18759466 0.73927441
vn 0.64674693 -0.18759466 0.73927441
vn 0.79760737 -0.33038784 0.50464478
vn 0.79760737 -0.33038784 0.50464478
vn 0.79760737 -0.33038784 0.50464478
vn 0.93743402 -0.33038770 -0.10982453
vn 0.93743402 -0.33038770 -0.10982453
vn 0.93743402 -0.33038770 -0.10982453
vn 0.90294934 -0.18759190 -0.38664167
vn 0.90294934 -0.18759190 -0.38664167
vn 0.90294934 -0.18759190 -0.38664167
vn 0.72641731 -0.33038929 -0.60262825
vn 0.72641731 -0.33038929 -0.60262825
vn 0.72641731 -0.33038929 -0.60262825
vn -0.65322347 -0.12564335 -0.74666783
vn -0.65322347 -0.12564335 -0.74666783
vn -0.65322347 -0.12564335 -0.74666783
vn -0.64675126 0.18759785 -0.73926981
vn -0.64675126 0.18759785 -0.73926981
vn -0.64675126 0.18759785 -0.73926981
vn -0.79760666 0.33038623 -0.50464697
vn -0.79760666 0.33038623 -0.50464697
vn -0.79760666 0.33038623 -0.50464697
vn -0.91198134 -0.12563867 0.39051883
vn -0.91198134 -0.12563867 0.39051883
vn -0.91198134 -0.12563867 0.39051883
vn -0.90294533 0.18759510 0.38664948
vn -0.90294533 0.18759510 0.38664948
vn -0.90294533 0.18759510 0.38664948
vn -0.72642964 0.33037609 0.60262062
vn -0.72642964 0.33037609 0.60262062
vn -0.72642964 0.33037609 0.60262062
vn 0.08956039 -0.12563499 0.98802570
vn 0.08956039 -0.12563499 0.98802570
vn 0.08956039 -0.12563499 0.98802570
vn 0.08867305 0.18759095 0.97823654
vn 0.08867305 0.18759095 0.97823654
vn 0.08867305 0.18759095 0.97823654
vn 0.34864600 0.33039016 0.87709082
vn 0.34864600 0.33039016 0.87709082
vn 0.34864600 0.33039016 0.87709082
vn 0.96734928 -0.12563412 0.22011690
vn 0.96734928 -0.12563412 0.22011690
vn 0.96734928 -0.12563412 0.22011690
vn 0.95776385 0.18759647 0.21793571
vn 0.95776385 0.18759647 0.21793571
vn 0.95776385 0.18759647 0.21793571
vn 0.94190178 0.33038389 -0.06056013
vn 0.94190178 0.33038389 -0.06056013
vn 0.94190178 0.33038389 -0.06056013
vn 0.50826945 -0.12563621 -0.85198457
vn 0.50826945 -0.12563621 -0.85198457
vn 0.50826945 -0.12563621 -0.85198457
vn 0.50323167 0.18761145 -0.84354006
vn 0.50323167 0.18761145 -0.84354006
vn 0.50323167 0.18761145 -0.84354006
vn 0.23347554 0.33039580 -0.91450959
vn 0.23347554 0.33039580 -0.91450959
vn 0.23347554 0.33039580 -0.91450959
vn -0.25931371 0.66169226 -0.70350533
vn -0.25931371 0.66169226 -0.70350533
vn -0.25931371 0.66169226 -0.70350533
vn -0.39971413 0.79465799 -0.45688870
vn -0.39971413 0.79465799 -0.45688870
vn -0.39971413 0.79465799 -0.45688870
vn -0.66277935 0.66170371 -0.35053064
vn -0.66277935 0.66170371 -0.35053064
vn -0.66277935 0.66170371 -0.35053064
vn -0.74919474 0.66170472 0.02922522
vn -0.74919474 0.66170472 0.02922522
vn -0.74919474 0.66170472 0.02922522
vn -0.55804469 0.79466290 0.23894976
vn -0.55804469 0.79466290 0.23894976
vn -0.55804469 0.79466290 0.23894976
vn -0.53818538 0.66170402 0.52201943
vn -0.53818538 0.66170402 0.52201943
vn -0.53818538 0.66170402 0.52201943
vn -0.20371454 0.66169793 0.72156512
vn -0.20371454 0.66169793 0.72156512
vn -0.20371454 0.66169793 0.72156512
vn 0.05481583 0.79465776 0.60457776
vn 0.05481583 0.79465776 0.60457776
vn 0.05481583 0.79465776 0.60457776
vn 0.33015669 0.66170108 0.67316286
vn 0.33015669 0.66170108 0.67316286
vn 0.33015669 0.66170108 0.67316286
vn 0.12857166 0.66169492 -0.73866715
vn 0.12857166 0.66169492 -0.73866715
vn 0.12857166 0.66169492 -0.73866715
vn 0.31101771 0.79465530 -0.52133573
vn 0.31101771 0.79465530 -0.52133573
vn 0.31101771 0.79465530 -0.52133573
vn 0.69578963 0.66170653 0.27932286
vn 0.69578963 0.66170653 0.27932286
vn 0.69578963 0.66170653 0.27932286
vn 0.44528276 0.79466001 0.41259997
vn 0.44528276 0.79466001 0.41259997
vn 0.44528276 0.79466001 0.41259997
vn 0.33143897 0.66169772 0.67253575
vn 0.33143897 0.66169772 0.67253575
vn 0.33143897 0.66169772 0.67253575
vn 0.28926291 0.94352200 -0.16153388
vn 0.28926291 0.94352200 -0.16153388
vn 0.28926291 0.94352200 -0.16153388
vn -0.00000000 -1.00000000 0.00000017
vn -0.00000000 -1.00000000 0.00000017
vn -0.00000000 -1.00000000 0.00000017
vn -0.00000000 -1.00000000 0.00000017
vn 0.24301425 0.94352488 0.22517744
vn 0.24301425 0.94352488 0.22517744
vn 0.24301425 0.94352488 0.22517744
vn 0.74203438 0.66170431 -0.10738899
vn 0.74203438 0.66170431 -0.10738899
vn 0.74203438 0.66170431 -0.10738899
vn -0.13906753 0.94352607 0.30069716
vn -0.13906753 0.94352607 0.30069716
vn -0.13906753 0.94352607 0.30069716
vn -0.32896308 0.94352307 -0.03933840
vn -0.32896308 0.94352307 -0.03933840
vn -0.32896308 0.94352307 -0.03933840
vn -0.06424625 0.94352210 -0.32502073
vn -0.06424625 0.94352210 -0.32502073
vn -0.06424625 0.94352210 -0.32502073
vn 0.92081346 0.33039363 -0.20722601
vn 0.92081346 0.33039363 -0.20722601
vn 0.92081346 0.33039363 -0.20722601
vn 0.48163391 0.33038657 0.81171023
vn 0.48163391 0.33038657 0.81171023
vn 0.48163391 0.33038657 0.81171023
vn -0.62315626 0.33037630 0.70889193
vn -0.62315626 0.33037630 0.70889193
vn -0.62315626 0.33037630 0.70889193
vn -0.86675380 0.33038999 -0.37360447
vn -0.86675380 0.33038999 -0.37360447
vn -0.86675380 0.33038999 -0.37360447
vn 0.08747874 0.33039236 -0.93978102
vn 0.08747874 0.33039236 -0.93978102
vn 0.08747874 0.33039236 -0.93978102
vn 0.98505866 0.12562794 0.11780090
vn 0.98505866 0.12562794 0.11780090
vn 0.98505866 0.12562794 0.11780090
vn 0.19236867 0.12562660 0.97324830
vn 0.19236867 0.12562660 0.97324830
vn 0.19236867 0.12562660 0.97324830
vn -0.86617365 0.12561493 0.48369835
vn -0.86617365 0.12561493 0.48369835
vn -0.86617365 0.12561493 0.48369835
vn -0.72768826 0.12563199 -0.67430438
vn -0.72768826 0.12563199 -0.67430438
vn -0.72768826 0.12563199 -0.67430438
vn 0.41643538 0.12563935 -0.90044230
vn 0.41643538 0.12563935 -0.90044230
vn 0.41643538 0.12563935 -0.90044230
vn 0.66343871 -0.66169921 0.34928962
vn 0.66343871 -0.66169921 0.34928962
vn 0.66343871 -0.66169921 0.34928962
vn -0.12718617 -0.66170365 0.73889915
vn -0.12718617 -0.66170365 0.73889915
vn -0.12718617 -0.66170365 0.73889915
vn -0.74204096 -0.66169885 0.10737710
vn -0.74204096 -0.66169885 0.10737710
vn -0.74204096 -0.66169885 0.10737710
vn -0.33143021 -0.66169037 -0.67254730
vn -0.33143021 -0.66169037 -0.67254730
vn -0.33143021 -0.66169037 -0.67254730
vn 0.53719937 -0.66170545 -0.52303225
vn 0.53719937 -0.66170545 -0.52303225
vn 0.53719937 -0.66170545 -0.52303225
vn 0.13907867 -0.94351937 -0.30071303
vn 0.13907867 -0.94351937 -0.30071303
vn 0.13907867 -0.94351937 -0.30071303
vn 0.25482314 -0.79466020 -0.55098124
vn 0.25482314 -0.79466020 -0.55098124
vn 0.25482314 -0.79466020 -0.55098124
vn 0.05064376 -0.66169201 -0.74806342
vn 0.05064376 -0.66169201 -0.74806342
vn 0.05064376 -0.66169201 -0.74806342
vn -0.24301536 -0.94352324 -0.22518312
vn -0.24301536 -0.94352324 -0.22518312
vn -0.24301536 -0.94352324 -0.22518312
vn -0.44528077 -0.79465766 -0.41260665
vn -0.44528077 -0.79465766 -0.41260665
vn -0.44528077 -0.79465766 -0.41260665
vn -0.69579685 -0.66169746 -0.27932634
vn -0.69579685 -0.66169746 -0.27932634
vn -0.69579685 -0.66169746 -0.27932634
vn -0.28925508 -0.94352487 0.16153116
vn -0.28925508 -0.94352487 0.16153116
vn -0.28925508 -0.94352487 0.16153116
vn -0.53000858 -0.79466251 0.29597701
vn -0.53000858 -0.79466251 0.29597701
vn -0.53000858 -0.79466251 0.29597701
vn -0.48066101 -0.66170454 0.57542341
vn -0.48066101 -0.66170454 0.57542341
vn -0.48066101 -0.66170454 0.57542341
vn 0.06423531 -0.94352455 0.32501576
vn 0.06423531 -0.94352455 0.32501576
vn 0.06423531 -0.94352455 0.32501576
vn 0.11769946 -0.79466263 0.59553182
vn 0.11769946 -0.79466263 0.59553182
vn 0.11769946 -0.79466263 0.59553182
vn 0.39872080 -0.66170007 0.63496042
vn 0.39872080 -0.66170007 0.63496042
vn 0.39872080 -0.66170007 0.63496042
vn 0.32896835 -0.94352129 0.03933692
vn 0.32896835 -0.94352129 0.03933692
vn 0.32896835 -0.94352129 0.03933692
vn 0.60275611 -0.79466329 0.07207866
vn 0.60275611 -0.79466329 0.07207866
vn 0.60275611 -0.79466329 0.07207866
vn 0.72708775 -0.66170613 -0.18299836
vn 0.72708775 -0.66170613 -0.18299836
vn 0.72708775 -0.66170613 -0.18299836
vn 0.62315087 -0.33039355 -0.70888863
vn 0.62315087 -0.33039355 -0.70888863
vn 0.62315087 -0.33039355 -0.70888863
vn 0.41230860 -0.18760424 -0.89151908
vn 0.41230860 -0.18760424 -0.89151908
vn 0.41230860 -0.18760424 -0.89151908
vn 0.13658882 -0.33039891 -0.93390580
vn 0.13658882 -0.33039891 -0.93390580
vn 0.13658882 -0.33039891 -0.93390580
vn -0.48161839 -0.33038803 -0.81171884
vn -0.48161839 -0.33038803 -0.81171884
vn -0.48161839 -0.33038803 -0.81171884
vn -0.72047787 -0.18759347 -0.66762290
vn -0.72047787 -0.18759347 -0.66762290
vn -0.72047787 -0.18759347 -0.66762290
vn -0.84599035 -0.33039098 -0.41849986
vn -0.84599035 -0.33039098 -0.41849986
vn -0.84599035 -0.33039098 -0.41849986
vn -0.92082117 -0.33038219 0.20720999
vn -0.92082117 -0.33038219 0.20720999
vn -0.92082117 -0.33038219 0.20720999
vn -0.85759055 -0.18758501 0.47890533
vn -0.85759055 -0.18758501 0.47890533
vn -0.85759055 -0.18758501 0.47890533
vn -0.65944503 -0.33037633 0.67526567
vn -0.65944503 -0.33037633 0.67526567
vn -0.65944503 -0.33037633 0.67526567
vn -0.08748540 -0.33039318 0.93978011
vn -0.08748540 -0.33039318 0.93978011
vn -0.08748540 -0.33039318 0.93978011
vn 0.19046228 -0.18759699 0.96360339
vn 0.19046228 -0.18759699 0.96360339
vn 0.19046228 -0.18759699 0.96360339
vn 0.43842454 -0.33038846 0.83583933
vn 0.43842454 -0.33038846 0.83583933
vn 0.43842454 -0.33038846 0.83583933
vn 0.86675343 -0.33038821 0.37360691
vn 0.86675343 -0.33038821 0.37360691
vn 0.86675343 -0.33038821 0.37360691
vn 0.97529790 -0.18759156 0.11663368
vn 0.97529790 -0.18759156 0.11663368
vn 0.97529790 -0.18759156 0.11663368
vn 0.93041000 -0.33038937 -0.15868239
vn 0.93041000 -0.33038937 -0.15868239
vn 0.93041000 -0.33038937 -0.15868239
vn -0.19237160 -0.12564301 -0.97324560
vn -0.19237160 -0.12564301 -0.97324560
vn -0.19237160 -0.12564301 -0.97324560
vn -0.19046553 0.18759816 -0.96360252
vn -0.19046553 0.18759816 -0.96360252
vn -0.19046553 0.18759816 -0.96360252
vn -0.43842461 0.33038718 -0.83583980
vn -0.43842461 0.33038718 -0.83583980
vn -0.43842461 0.33038718 -0.83583980
vn -0.98505840 -0.12563876 -0.11779160
vn -0.98505840 -0.12563876 -0.11779160
vn -0.98505840 -0.12563876 -0.11779160
vn -0.97529809 0.18759625 -0.11662453
vn -0.97529809 0.18759625 -0.11662453
vn -0.97529809 0.18759625 -0.11662453
vn -0.93041715 0.33037647 0.15866733
vn -0.93041715 0.33037647 0.15866733
vn -0.93041715 0.33037647 0.15866733
vn -0.41644798 -0.12562996 0.90043778
vn -0.41644798 -0.12562996 0.90043778
vn -0.41644798 -0.12562996 0.90043778
vn -0.41232169 0.18759047 0.89151592
vn -0.41232169 0.18759047 0.89151592
vn -0.41232169 0.18759047 0.89151592
vn -0.13660446 0.33038955 0.93390683
vn -0.13660446 0.33038955 0.93390683
vn -0.13660446 0.33038955 0.93390683
vn 0.72768879 -0.12563505 0.67430324
vn 0.72768879 -0.12563505 0.67430324
vn 0.72768879 -0.12563505 0.67430324
vn 0.72047801 0.18759819 0.66762142
vn 0.72047801 0.18759819 0.66762142
vn 0.72047801 0.18759819 0.66762142
vn 0.84599057 0.33038542 0.41850379
vn 0.84599057 0.33038542 0.41850379
vn 0.84599057 0.33038542 0.41850379
vn 0.86616709 -0.12563691 -0.48370440
vn 0.86616709 -0.12563691 -0.48370440
vn 0.86616709 -0.12563691 -0.48370440
vn 0.85758185 0.18761263 -0.47891009
vn 0.85758185 0.18761263 -0.47891009
vn 0.85758185 0.18761263 -0.47891009
vn 0.65944990 0.33039683 -0.67525090
vn 0.65944990 0.33039683 -0.67525090
vn 0.65944990 0.33039683 -0.67525090
vn 0.12718035 0.66169162 -0.73891093
vn 0.12718035 0.66169162 -0.73891093
vn 0.12718035 0.66169162 -0.73891093
vn -0.11771822 0.79465788 -0.59553444
vn -0.11771822 0.79465788 -0.59553444
vn -0.11771822 0.79465788 -0.59553444
vn -0.39871977 0.66170265 -0.63495838
vn -0.39871977 0.66170265 -0.63495838
vn -0.39871977 0.66170265 -0.63495838
vn -0.66343600 0.66170330 -0.34928701
vn -0.66343600 0.66170330 -0.34928701
vn -0.66343600 0.66170330 -0.34928701
vn -0.60275804 0.79466130 -0.07208440
vn -0.60275804 0.79466130 -0.07208440
vn -0.60275804 0.79466130 -0.07208440
vn -0.72709319 0.66170328 0.18298706
vn -0.72709319 0.66170328 0.18298706
vn -0.72709319 0.66170328 0.18298706
vn -0.53720459 0.66169791 0.52303643
vn -0.53720459 0.66169791 0.52303643
vn -0.53720459 0.66169791 0.52303643
vn -0.25481721 0.79465784 0.55098739
vn -0.25481721 0.79465784 0.55098739
vn -0.25481721 0.79465784 0.55098739
vn -0.05065405 0.66169941 0.74805619
vn -0.05065405 0.66169941 0.74805619
vn -0.05065405 0.66169941 0.74805619
vn 0.48068032 0.66169395 -0.57541946
vn 0.48068032 0.66169395 -0.57541946
vn 0.48068032 0.66169395 -0.57541946
vn 0.53001809 0.79465532 -0.29597930
vn 0.53001809 0.79465532 -0.29597930
vn 0.53001809 0.79465532 -0.29597930
vn 0.46291216 0.66170620 0.58979423
vn 0.46291216 0.66170620 0.58979423
vn 0.46291216 0.66170620 0.58979423
vn 0.17932711 0.79466086 0.57996199
vn 0.17932711 0.79466086 0.57996199
vn 0.17932711 0.79466086 0.57996199
vn -0.04923646 0.66169588 0.74815395
vn -0.04923646 0.66169588 0.74815395
vn -0.04923646 0.66169588 0.74815395
vn 0.33127589 0.94352204 0.00473826
vn 0.33127589 0.94352204 0.00473826
vn 0.33127589 0.94352204 0.00473826
vn 0.00000000 -1.00000000 0.00000017
vn 0.00000000 -1.00000000 0.00000017
vn 0.00000000 -1.00000000 0.00000017
vn -0.00000000 -1.00000000 0.00000017
vn 0.09786868 0.94352459 0.31651710
vn 0.09786868 0.94352459 0.31651710
vn 0.09786868 0.94352459 0.31651710
vn 0.69631514 0.66170357 0.27801728
vn 0.69631514 0.66170357 0.27801728
vn 0.69631514 0.66170357 0.27801728
vn -0.27078399 0.94352624 0.19087760
vn -0.27078399 0.94352624 0.19087760
vn -0.27078399 0.94352624 0.19087760
vn -0.26521864 0.94352378 -0.19854963
vn -0.26521864 0.94352378 -0.19854963
vn -0.26521864 0.94352378 -0.19854963
vn 0.10687112 0.94352248 -0.31359830
vn 0.10687112 0.94352248 -0.31359830
vn 0.10687112 0.94352248 -0.31359830
vn 0.90105987 0.33039471 0.28094563
vn 0.90105987 0.33039471 0.28094563
vn 0.90105987 0.33039471 0.28094563
vn 0.01124663 0.33038701 0.94377854
vn 0.01124663 0.33038701 0.94377854
vn 0.01124663 0.33038701 0.94377854
vn -0.89411376 0.33037783 0.30234263
vn -0.89411376 0.33037783 0.30234263
vn -0.89411376 0.33037783 0.30234263
vn -0.56383079 0.33038716 -0.75692745
vn -0.56383079 0.33038716 -0.75692745
vn -0.56383079 0.33038716 -0.75692745
vn 0.54565075 0.33039172 -0.77013412
vn 0.54565075 0.33039172 -0.77013412
vn 0.54565075 0.33039172 -0.77013412
vn 0.79418575 0.12562913 0.59454715
vn 0.79418575 0.12562913 0.59454715
vn 0.79418575 0.12562913 0.59454715
vn -0.32003069 0.12562785 0.93904100
vn -0.32003069 0.12562785 0.93904100
vn -0.32003069 0.12562785 0.93904100
vn -0.99197760 0.12561476 -0.01419065
vn -0.99197760 0.12561476 -0.01419065
vn -0.99197760 0.12561476 -0.01419065
vn -0.29304579 0.12562839 -0.94780888
vn -0.29304579 0.12562839 -0.94780888
vn -0.29304579 0.12562839 -0.94780888
vn 0.81086183 0.12564208 -0.57159177
vn 0.81086183 0.12564208 -0.57159177
vn 0.81086183 0.12564208 -0.57159177
vn 0.39991328 -0.66169996 0.63421016
vn 0.39991328 -0.66169996 0.63421016
vn 0.39991328 -0.66169996 0.63421016
vn -0.47959608 -0.66170523 0.57631049
vn -0.47959608 -0.66170523 0.57631049
vn -0.47959608 -0.66170523 0.57631049
vn -0.69631498 -0.66169910 -0.27802832
vn -0.69631498 -0.66169910 -0.27802832
vn -0.69631498 -0.66169910 -0.27802832
vn 0.04924459 -0.66168904 -0.74815947
vn 0.04924459 -0.66168904 -0.74815947
vn 0.04924459 -0.66168904 -0.74815947
vn 0.72674331 -0.66170615 -0.18436143
vn 0.72674331 -0.66170615 -0.18436143
vn 0.72674331 -0.66170615 -0.18436143
vn 0.27080239 -0.94351965 -0.19088408
vn 0.27080239 -0.94351965 -0.19088408
vn 0.27080239 -0.94351965 -0.19088408
vn 0.49617682 -0.79465897 -0.34975089
vn 0.49617682 -0.79465897 -0.34975089
vn 0.49617682 -0.79465897 -0.34975089
vn 0.41789352 -0.66169063 -0.62251950
vn 0.41789352 -0.66169063 -0.62251950
vn 0.41789352 -0.66169063 -0.62251950
vn -0.09786655 -0.94352375 -0.31652025
vn -0.09786655 -0.94352375 -0.31652025
vn -0.09786655 -0.94352375 -0.31652025
vn -0.17932335 -0.79465714 -0.57996824
vn -0.17932335 -0.79465714 -0.57996824
vn -0.17932335 -0.79465714 -0.57996824
vn -0.46291245 -0.66169929 -0.58980176
vn -0.46291245 -0.66169929 -0.58980176
vn -0.46291245 -0.66169929 -0.58980176
vn -0.33126831 -0.94352470 -0.00473705
vn -0.33126831 -0.94352470 -0.00473705
vn -0.33126831 -0.94352470 -0.00473705
vn -0.60698917 -0.79466270 -0.00867994
vn -0.60698917 -0.79466270 -0.00867994
vn -0.60698917 -0.79466270 -0.00867994
vn -0.70397523 -0.66170567 0.25800093
vn -0.70397523 -0.66170567 0.25800093
vn -0.70397523 -0.66170567 0.25800093
vn -0.10687974 -0.94352420 0.31359018
vn -0.10687974 -0.94352420 0.31359018
vn -0.10687974 -0.94352420 0.31359018
vn -0.19583671 -0.79466329 0.57459398
vn -0.19583671 -0.79466329 0.57459398
vn -0.19583671 -0.79466329 0.57459398
vn 0.02782223 -0.66170079 0.74925162
vn 0.02782223 -0.66170079 0.74925162
vn 0.02782223 -0.66170079 0.74925162
vn 0.26522656 -0.94352103 0.19855210
vn 0.26522656 -0.94352103 0.19855210
vn 0.26522656 -0.94352103 0.19855210
vn 0.48596326 -0.79466189 0.36380240
vn 0.48596326 -0.79466189 0.36380240
vn 0.48596326 -0.79466189 0.36380240
vn 0.72117555 -0.66170579 0.20506407
vn 0.72117555 -0.66170579 0.20506407
vn 0.72117555 -0.66170579 0.20506407
vn 0.89410748 -0.33039614 -0.30234120
vn 0.89410748 -0.33039614 -0.30234120
vn 0.89410748 -0.33039614 -0.30234120
vn 0.80282643 -0.18760565 -0.56592741
vn 0.80282643 -0.18760565 -0.56592741
vn 0.80282643 -0.18760565 -0.56592741
vn 0.58524467 -0.33039683 -0.74049079
vn 0.58524467 -0.33039683 -0.74049079
vn 0.58524467 -0.33039683 -0.74049079
vn -0.01123683 -0.33038635 -0.94377889
vn -0.01123683 -0.33038635 -0.94377889
vn -0.01123683 -0.33038635 -0.94377889
vn -0.29014206 -0.18759216 -0.93841716
vn -0.29014206 -0.18759216 -0.93841716
vn -0.29014206 -0.18759216 -0.93841716
vn -0.52339710 -0.33038702 -0.78542975
vn -0.52339710 -0.33038702 -0.78542975
vn -0.52339710 -0.33038702 -0.78542975
vn -0.90105911 -0.33038374 -0.28096095
vn -0.90105911 -0.33038374 -0.28096095
vn -0.90105911 -0.33038374 -0.28096095
vn -0.98214768 -0.18758609 -0.01404997
vn -0.98214768 -0.18758609 -0.01404997
vn -0.98214768 -0.18758609 -0.01404997
vn -0.90872900 -0.33037615 0.25507490
vn -0.90872900 -0.33037615 0.25507490
vn -0.90872900 -0.33037615 0.25507490
vn -0.54565582 -0.33038856 0.77013188
vn -0.54565582 -0.33038856 0.77013188
vn -0.54565582 -0.33038856 0.77013188
vn -0.31685947 -0.18759287 0.92973598
vn -0.31685947 -0.18759287 0.92973598
vn -0.31685947 -0.18759287 0.92973598
vn -0.03823355 -0.33038561 0.94307134
vn -0.03823355 -0.33038561 0.94307134
vn -0.03823355 -0.33038561 0.94307134
vn 0.56383073 -0.33038749 0.75692735
vn 0.56383073 -0.33038749 0.75692735
vn 0.56383073 -0.33038749 0.75692735
vn 0.78631635 -0.18759197 0.58865598
vn 0.78631635 -0.18759197 0.58865598
vn 0.78631635 -0.18759197 0.58865598
vn 0.88509968 -0.33038905 0.32778289
vn 0.88509968 -0.33038905 0.32778289
vn 0.88509968 -0.33038905 0.32778289
vn 0.32002399 -0.12564009 -0.93904164
vn 0.32002399 -0.12564009 -0.93904164
vn 0.32002399 -0.12564009 -0.93904164
vn 0.31685311 0.18759654 -0.92973741
vn 0.31685311 0.18759654 -0.92973741
vn 0.31685311 0.18759654 -0.92973741
vn 0.03823385 0.33038547 -0.94307137
vn 0.03823385 0.33038547 -0.94307137
vn 0.03823385 0.33038547 -0.94307137
vn -0.79418832 -0.12563666 -0.59454212
vn -0.79418832 -0.12563666 -0.59454212
vn -0.79418832 -0.12563666 -0.59454212
vn -0.78631899 0.18759626 -0.58865107
vn -0.78631899 0.18759626 -0.58865107
vn -0.78631899 0.18759626 -0.58865107
vn -0.88509776 0.33037783 -0.32779939
vn -0.88509776 0.33037783 -0.32779939
vn -0.88509776 0.33037783 -0.32779939
vn -0.81087225 -0.12562840 0.57158001
vn -0.81087225 -0.12562840 0.57158001
vn -0.81087225 -0.12562840 0.57158001
vn -0.80283731 0.18759305 0.56591616
vn -0.80283731 0.18759305 0.56591616
vn -0.80283731 0.18759305 0.56591616
vn -0.58525784 0.33038958 0.74048362
vn -0.58525784 0.33038958 0.74048362
vn -0.58525784 0.33038958 0.74048362
vn 0.29304642 -0.12563163 0.94780826
vn 0.29304642 -0.12563163 0.94780826
vn 0.29304642 -0.12563163 0.94780826
vn 0.29014260 0.18759557 0.93841631
vn 0.29014260 0.18759557 0.93841631
vn 0.29014260 0.18759557 0.93841631
vn 0.52340025 0.33038520 0.78542842
vn 0.52340025 0.33038520 0.78542842
vn 0.52340025 0.33038520 0.78542842
vn 0.99197474 -0.12563815 0.01418369
vn 0.99197474 -0.12563815 0.01418369
vn 0.99197474 -0.12563815 0.01418369
vn 0.98214232 0.18761467 0.01404305
vn 0.98214232 0.18761467 0.01404305
vn 0.98214232 0.18761467 0.01404305
vn 0.90872405 0.33040118 -0.25506012
vn 0.90872405 0.33040118 -0.25506012
vn 0.90872405 0.33040118 -0.25506012
vn 0.47959780 0.66169197 -0.57632429
vn 0.47959780 0.66169197 -0.57632429
vn 0.47959780 0.66169197 -0.57632429
vn 0.19582006 0.79465849 -0.57460629
vn 0.19582006 0.79465849 -0.57460629
vn 0.19582006 0.79465849 -0.57460629
vn -0.02782136 0.66170402 -0.74924880
vn -0.02782136 0.66170402 -0.74924880
vn -0.02782136 0.66170402 -0.74924880
vn -0.39990920 0.66170438 -0.63420813
vn -0.39990920 0.66170438 -0.63420813
vn -0.39990920 0.66170438 -0.63420813
vn -0.48596107 0.79466108 -0.36380711
vn -0.48596107 0.79466108 -0.36380711
vn -0.48596107 0.79466108 -0.36380711
vn -0.72117520 0.66170256 -0.20507571
vn -0.72117520 0.66170256 -0.20507571
vn -0.72117520 0.66170256 -0.20507571
vn -0.72675099 0.66169754 0.18436205
vn -0.72675099 0.66169754 0.18436205
vn -0.72675099 0.66169754 0.18436205
vn -0.49617371 0.79465665 0.34976058
vn -0.49617371 0.79465665 0.34976058
vn -0.49617371 0.79465665 0.34976058
vn -0.41789858 0.66169715 0.62250916
vn -0.41789858 0.66169715 0.62250916
vn -0.41789858 0.66169715 0.62250916
vn 0.70399087 0.66169415 -0.25798781
vn 0.70399087 0.66169415 -0.25798781
vn 0.70399087 0.66169415 -0.25798781
vn 0.60699858 0.79465549 0.00868210
vn 0.60699858 0.79465549 0.00868210
vn 0.60699858 0.79465549 0.00868210
vn 0.10599539 0.66170622 0.74223302
vn 0.10599539 0.66170622 0.74223302
vn 0.10599539 0.66170622 0.74223302
vn -0.13467913 0.79465993 0.59192662
vn -0.13467913 0.79465993 0.59192662
vn -0.13467913 0.79465993 0.59192662
vn -0.41671482 0.66169551 0.62330395
vn -0.41671482 0.66169551 0.62330395
vn -0.41671482 0.66169551 0.62330395
vn 0.28452320 0.94352233 0.16974147
vn 0.28452320 0.94352233 0.16974147
vn 0.28452320 0.94352233 0.16974147
vn -0.00000000 -1.00000000 0.00000017
vn -0.00000000 -1.00000000 0.00000017
vn -0.00000000 -1.00000000 0.00000017
vn -0.00000000 -1.00000000 0.00000017
vn -0.07350154 0.94352479 0.32304565
vn -0.07350154 0.94352479 0.32304565
vn -0.07350154 0.94352479 0.32304565
vn 0.46401827 0.66170385 0.58892704
vn 0.46401827 0.66170385 0.58892704
vn 0.46401827 0.66170385 0.58892704
vn -0.32994490 0.94352616 0.02991227
vn -0.32994490 0.94352616 0.02991227
vn -0.32994490 0.94352616 0.02991227
vn -0.13041220 0.94352363 -0.30455840
vn -0.13041220 0.94352363 -0.30455840
vn -0.13041220 0.94352363 -0.30455840
vn 0.24935181 0.94352259 -0.21814855
vn 0.24935181 0.94352259 -0.21814855
vn 0.24935181 0.94352259 -0.21814855
vn 0.63986861 0.33039466 0.69383538
vn 0.63986861 0.33039466 0.69383538
vn 0.63986861 0.33039466 0.69383538
vn -0.46214635 0.33038608 0.82296160
vn -0.46214635 0.33038608 0.82296160
vn -0.46214635 0.33038608 0.82296160
vn -0.92549608 0.33037746 -0.18522351
vn -0.92549608 0.33037746 -0.18522351
vn -0.92549608 0.33037746 -0.18522351
vn -0.10982555 0.33038679 -0.93743422
vn -0.10982555 0.33038679 -0.93743422
vn -0.10982555 0.33038679 -0.93743422
vn 0.85761493 0.33039309 -0.39412820
vn 0.85761493 0.33039309 -0.39412820
vn 0.85761493 0.33039309 -0.39412820
vn 0.39051135 0.12562962 0.91198579
vn 0.39051135 0.12562962 0.91198579
vn 0.39051135 0.12562962 0.91198579
vn -0.74667351 0.12562777 0.65321997
vn -0.74667351 0.12562777 0.65321997
vn -0.74667351 0.12562777 0.65321997
vn -0.85198256 0.12561621 -0.50827776
vn -0.85198256 0.12561621 -0.50827776
vn -0.85198256 0.12561621 -0.50827776
vn 0.22012129 0.12562853 -0.96734900
vn 0.22012129 0.12562853 -0.96734900
vn 0.22012129 0.12562853 -0.96734900
vn 0.98802257 0.12564420 -0.08958198
vn 0.98802257 0.12564420 -0.08958198
vn 0.98802257 0.12564420 -0.08958198
vn 0.02922907 -0.66169797 0.74920054
vn 0.02922907 -0.66169797 0.74920054
vn 0.02922907 -0.66169797 0.74920054
vn -0.70349948 -0.66170240 0.25930371
vn -0.70349948 -0.66170240 0.25930371
vn -0.70349948 -0.66170240 0.25930371
vn -0.46401071 -0.66169890 -0.58893856
vn -0.46401071 -0.66169890 -0.58893856
vn -0.46401071 -0.66169890 -0.58893856
vn 0.41672626 -0.66168863 -0.62330360
vn 0.41672626 -0.66168863 -0.62330360
vn 0.41672626 -0.66168863 -0.62330360
vn 0.72156009 -0.66170478 0.20371013
vn 0.72156009 -0.66170478 0.20371013
vn 0.72156009 -0.66170478 0.20371013
vn 0.32996084 -0.94352065 -0.02991020
vn 0.32996084 -0.94352065 -0.02991020
vn 0.32996084 -0.94352065 -0.02991020
vn 0.60457762 -0.79465847 -0.05480702
vn 0.60457762 -0.79465847 -0.05480702
vn 0.60457762 -0.79465847 -0.05480702
vn 0.67316619 -0.66169032 -0.33017147
vn 0.67316619 -0.66169032 -0.33017147
vn 0.67316619 -0.66169032 -0.33017147
vn 0.07350503 -0.94352436 -0.32304610
vn 0.07350503 -0.94352436 -0.32304610
vn 0.07350503 -0.94352436 -0.32304610
vn 0.13468617 -0.79465602 -0.59193027
vn 0.13468617 -0.79465602 -0.59193027
vn 0.13468617 -0.79465602 -0.59193027
vn -0.10599201 -0.66169864 -0.74224026
vn -0.10599201 -0.66169864 -0.74224026
vn -0.10599201 -0.66169864 -0.74224026
vn -0.28451596 -0.94352542 -0.16973640
vn -0.28451596 -0.94352542 -0.16973640
vn -0.28451596 -0.94352542 -0.16973640
vn -0.52132714 -0.79466267 -0.31101326
vn -0.52132714 -0.79466267 -0.31101326
vn -0.52132714 -0.79466267 -0.31101326
vn -0.73866354 -0.66170305 -0.12855054
vn -0.73866354 -0.66170305 -0.12855054
vn -0.73866354 -0.66170305 -0.12855054
vn -0.24935353 -0.94352530 0.21813490
vn -0.24935353 -0.94352530 0.21813490
vn -0.24935353 -0.94352530 0.21813490
vn -0.45689941 -0.79466083 0.39969624
vn -0.45689941 -0.79466083 0.39969624
vn -0.45689941 -0.79466083 0.39969624
vn -0.35053499 -0.66169886 0.66278189
vn -0.35053499 -0.66169886 0.66278189
vn -0.35053499 -0.66169886 0.66278189
vn 0.13041629 -0.94352210 0.30456139
vn 0.13041629 -0.94352210 0.30456139
vn 0.13041629 -0.94352210 0.30456139
vn 0.23895642 -0.79466175 0.55804349
vn 0.23895642 -0.79466175 0.55804349
vn 0.23895642 -0.79466175 0.55804349
vn 0.52202436 -0.66170528 0.53817905
vn 0.52202436 -0.66170528 0.53817905
vn 0.52202436 -0.66170528 0.53817905
vn 0.92549014 -0.33039675 0.18521875
vn 0.92549014 -0.33039675 0.18521875
vn 0.92549014 -0.33039675 0.18521875
vn 0.97823168 -0.18760630 -0.08869421
vn 0.97823168 -0.18760630 -0.08869421
vn 0.97823168 -0.18760630 -0.08869421
vn 0.87708101 -0.33039895 -0.34866235
vn 0.87708101 -0.33039895 -0.34866235
vn 0.87708101 -0.33039895 -0.34866235
vn 0.46215796 -0.33038617 -0.82295504
vn 0.46215796 -0.33038617 -0.82295504
vn 0.46215796 -0.33038617 -0.82295504
vn 0.21794011 -0.18759304 -0.95776352
vn 0.21794011 -0.18759304 -0.95776352
vn 0.21794011 -0.18759304 -0.95776352
vn -0.06056027 -0.33038848 -0.94190016
vn -0.06056027 -0.33038848 -0.94190016
vn -0.06056027 -0.33038848 -0.94190016
vn -0.63985695 -0.33038326 -0.69385156
vn -0.63985695 -0.33038326 -0.69385156
vn -0.63985695 -0.33038326 -0.69385156
vn -0.84354066 -0.18758257 -0.50324142
vn -0.84354066 -0.18758257 -0.50324142
vn -0.84354066 -0.18758257 -0.50324142
vn -0.91452120 -0.33037544 -0.23345889
vn -0.91452120 -0.33037544 -0.23345889
vn -0.91452120 -0.33037544 -0.23345889
vn -0.85761664 -0.33039301 0.39412454
vn -0.85761664 -0.33039301 0.39412454
vn -0.85761664 -0.33039301 0.39412454
vn -0.73927423 -0.18759568 0.64674684
vn -0.73927423 -0.18759568 0.64674684
vn -0.73927423 -0.18759568 0.64674684
vn -0.50464969 -0.33038506 0.79760542
vn -0.50464969 -0.33038506 0.79760542
vn -0.50464969 -0.33038506 0.79760542
vn 0.10982586 -0.33038824 0.93743367
vn 0.10982586 -0.33038824 0.93743367
vn 0.10982586 -0.33038824 0.93743367
vn 0.38664189 -0.18759181 0.90294926
vn 0.38664189 -0.18759181 0.90294926
vn 0.38664189 -0.18759181 0.90294926
vn 0.60262726 -0.33038835 0.72641856
vn 0.60262726 -0.33038835 0.72641856
vn 0.60262726 -0.33038835 0.72641856
vn 0.74666782 -0.12564196 -0.65322375
vn 0.74666782 -0.12564196 -0.65322375
vn 0.74666782 -0.12564196 -0.65322375
vn 0.73926988 0.18759609 -0.64675169
vn 0.73926988 0.18759609 -0.64675169
vn 0.73926988 0.18759609 -0.64675169
vn 0.50464768 0.33038382 -0.79760720
vn 0.50464768 0.33038382 -0.79760720
vn 0.50464768 0.33038382 -0.79760720
vn -0.39051540 -0.12563819 -0.91198288
vn -0.39051540 -0.12563819 -0.91198288
vn -0.39051540 -0.12563819 -0.91198288
vn -0.38664614 0.18759430 -0.90294692
vn -0.38664614 0.18759430 -0.90294692
vn -0.38664614 0.18759430 -0.90294692
vn -0.60261923 0.33037742 -0.72643019
vn -0.60261923 0.33037742 -0.72643019
vn -0.60261923 0.33037742 -0.72643019
vn -0.98802566 -0.12563254 0.08956426
vn -0.98802566 -0.12563254 0.08956426
vn -0.98802566 -0.12563254 0.08956426
vn -0.97823585 0.18759278 0.08867677
vn -0.97823585 0.18759278 0.08867677
vn -0.97823585 0.18759278 0.08867677
vn -0.87708900 0.33039127 0.34864954
vn -0.87708900 0.33039127 0.34864954
vn -0.87708900 0.33039127 0.34864954
vn -0.22012099 -0.12563118 0.96734873
vn -0.22012099 -0.12563118 0.96734873
vn -0.22012099 -0.12563118 0.96734873
vn -0.21793972 0.18759703 0.95776283
vn -0.21793972 0.18759703 0.95776283
vn -0.21793972 0.18759703 0.95776283
vn 0.06056230 0.33038660 0.94190069
vn 0.06056230 0.33038660 0.94190069
vn 0.06056230 0.33038660 0.94190069
vn 0.85198220 -0.12563770 0.50827305
vn 0.85198220 -0.12563770 0.50827305
vn 0.85198220 -0.12563770 0.50827305
vn 0.84353715 0.18761594 0.50323488
vn 0.84353715 0.18761594 0.50323488
vn 0.84353715 0.18761594 0.50323488
vn 0.91450742 0.33040344 0.23347322
vn 0.91450742 0.33040344 0.23347322
vn 0.91450742 0.33040344 0.23347322
vn 0.70350744 0.66169078 -0.25931179
vn 0.70350744 0.66169078 -0.25931179
vn 0.70350744 0.66169078 -0.25931179
vn 0.45688789 0.79465856 -0.39971394
vn 0.45688789 0.79465856 -0.39971394
vn 0.45688789 0.79465856 -0.39971394
vn 0.35053049 0.66170372 -0.66277942
vn 0.35053049 0.66170372 -0.66277942
vn 0.35053049 0.66170372 -0.66277942
vn -0.02922583 0.66170331 -0.74919595
vn -0.02922583 0.66170331 -0.74919595
vn -0.02922583 0.66170331 -0.74919595
vn -0.23895218 0.79466155 -0.55804558
vn -0.23895218 0.79466155 -0.55804558
vn -0.23895218 0.79466155 -0.55804558
vn -0.52201870 0.66170321 -0.53818709
vn -0.52201870 0.66170321 -0.53818709
vn -0.52201870 0.66170321 -0.53818709
vn -0.72156530 0.66169765 -0.20371485
vn -0.72156530 0.66169765 -0.20371485
vn -0.72156530 0.66169765 -0.20371485
vn -0.60457910 0.79465689 0.05481360
vn -0.60457910 0.79465689 0.05481360
vn -0.60457910 0.79465689 0.05481360
vn -0.67316575 0.66169648 0.33016001
vn -0.67316575 0.66169648 0.33016001
vn -0.67316575 0.66169648 0.33016001
vn 0.73866903 0.66169271 0.12857226
vn 0.73866903 0.66169271 0.12857226
vn 0.73866903 0.66169271 0.12857226
vn 0.52133517 0.79465499 0.31101944
vn 0.52133517 0.79465499 0.31101944
vn 0.52133517 0.79465499 0.31101944
vn -0.27932133 0.66170662 0.69579015
vn -0.27932133 0.66170662 0.69579015
vn -0.27932133 0.66170662 0.69579015
vn -0.41259815 0.79466038 0.44528378
vn -0.41259815 0.79466038 0.44528378
vn -0.41259815 0.79466038 0.44528378
vn -0.67253892 0.66169524 0.33143750
vn -0.67253892 0.66169524 0.33143750
vn -0.67253892 0.66169524 0.33143750
vn 0.16153361 0.94352244 0.28926165
vn 0.16153361 0.94352244 0.28926165
vn 0.16153361 0.94352244 0.28926165
vn 0.00000000 -1.00000000 0.00000017
vn 0.00000000 -1.00000000 0.00000017
vn 0.00000000 -1.00000000 0.00000017
vn -0.00000000 -1.00000000 0.00000017
vn -0.22517765 0.94352440 0.24301593
vn -0.22517765 0.94352440 0.24301593
vn -0.22517765 0.94352440 0.24301593
vn 0.10738796 0.66170316 0.74203555
vn 0.10738796 0.66170316 0.74203555
vn 0.10738796 0.66170316 0.74203555
vn -0.30069892 0.94352522 -0.13906945
vn -0.30069892 0.94352522 -0.13906945
vn -0.30069892 0.94352522 -0.13906945
vn 0.03933745 0.94352324 -0.32896269
vn 0.03933745 0.94352324 -0.32896269
vn 0.03933745 0.94352324 -0.32896269
vn 0.32501907 0.94352269 -0.06424597
vn 0.32501907 0.94352269 -0.06424597
vn 0.32501907 0.94352269 -0.06424597
vn 0.20722397 0.33039617 0.92081301
vn 0.20722397 0.33039617 0.92081301
vn 0.20722397 0.33039617 0.92081301
vn -0.81171203 0.33038774 0.48163006
vn -0.81171203 0.33038774 0.48163006
vn -0.81171203 0.33038774 0.48163006
vn -0.70889364 0.33037998 -0.62315237
vn -0.70889364 0.33037998 -0.62315237
vn -0.70889364 0.33037998 -0.62315237
vn 0.37360516 0.33038544 -0.86675524
vn 0.37360516 0.33038544 -0.86675524
vn 0.37360516 0.33038544 -0.86675524
vn 0.93978137 0.33039045 0.08748214
vn 0.93978137 0.33039045 0.08748214
vn 0.93978137 0.33039045 0.08748214
vn -0.11780217 0.12562958 0.98505830
vn -0.11780217 0.12562958 0.98505830
vn -0.11780217 0.12562958 0.98505830
vn -0.97324876 0.12562861 0.19236502
vn -0.97324876 0.12562861 0.19236502
vn -0.97324876 0.12562861 0.19236502
vn -0.48369961 0.12561597 -0.86617280
vn -0.48369961 0.12561597 -0.86617280
vn -0.48369961 0.12561597 -0.86617280
vn 0.67430486 0.12562620 -0.72768882
vn 0.67430486 0.12562620 -0.72768882
vn 0.67430486 0.12562620 -0.72768882
vn 0.90044392 0.12564134 0.41643126
vn 0.90044392 0.12564134 0.41643126
vn 0.90044392 0.12564134 0.41643126
vn -0.34928696 -0.66169821 0.66344110
vn -0.34928696 -0.66169821 0.66344110
vn -0.34928696 -0.66169821 0.66344110
vn -0.73890062 -0.66170146 -0.12718904
vn -0.73890062 -0.66170146 -0.12718904
vn -0.73890062 -0.66170146 -0.12718904
vn -0.10737599 -0.66169936 -0.74204067
vn -0.10737599 -0.66169936 -0.74204067
vn -0.10737599 -0.66169936 -0.74204067
vn 0.67254670 -0.66168971 -0.33143275
vn 0.67254670 -0.66168971 -0.33143275
vn 0.67254670 -0.66168971 -0.33143275
vn 0.52303246 -0.66170558 0.53719901
vn 0.52303246 -0.66170558 0.53719901
vn 0.52303246 -0.66170558 0.53719901
vn 0.30071097 -0.94352005 0.13907849
vn 0.30071097 -0.94352005 0.13907849
vn 0.30071097 -0.94352005 0.13907849
vn 0.55098137 -0.79465967 0.25482453
vn 0.55098137 -0.79465967 0.25482453
vn 0.55098137 -0.79465967 0.25482453
vn 0.74806365 -0.66169152 0.05064686
vn 0.74806365 -0.66169152 0.05064686
vn 0.74806365 -0.66169152 0.05064686
vn 0.22518145 -0.94352385 -0.24301453
vn 0.22518145 -0.94352385 -0.24301453
vn 0.22518145 -0.94352385 -0.24301453
vn 0.41260609 -0.79465709 -0.44528229
vn 0.41260609 -0.79465709 -0.44528229
vn 0.41260609 -0.79465709 -0.44528229
vn 0.27932748 -0.66169869 -0.69579523
vn 0.27932748 -0.66169869 -0.69579523
vn 0.27932748 -0.66169869 -0.69579523
vn -0.16153068 -0.94352486 -0.28925538
vn -0.16153068 -0.94352486 -0.28925538
vn -0.16153068 -0.94352486 -0.28925538
vn -0.29597561 -0.79466338 -0.53000807
vn -0.29597561 -0.79466338 -0.53000807
vn -0.29597561 -0.79466338 -0.53000807
vn -0.57542890 -0.66170197 -0.48065797
vn -0.57542890 -0.66170197 -0.48065797
vn -0.57542890 -0.66170197 -0.48065797
vn -0.32501713 -0.94352406 0.06423557
vn -0.32501713 -0.94352406 0.06423557
vn -0.32501713 -0.94352406 0.06423557
vn -0.59553168 -0.79466276 0.11769923
vn -0.59553168 -0.79466276 0.11769923
vn -0.59553168 -0.79466276 0.11769923
vn -0.63496059 -0.66169980 0.39872099
vn -0.63496059 -0.66169980 0.39872099
vn -0.63496059 -0.66169980 0.39872099
vn -0.03933714 -0.94352141 0.32896799
vn -0.03933714 -0.94352141 0.32896799
vn -0.03933714 -0.94352141 0.32896799
vn -0.07207958 -0.79466146 0.60275841
vn -0.07207958 -0.79466146 0.60275841
vn -0.07207958 -0.79466146 0.60275841
vn 0.18299701 -0.66170465 0.72708944
vn 0.18299701 -0.66170465 0.72708944
vn 0.18299701 -0.66170465 0.72708944
vn 0.70888881 -0.33039472 0.62315005
vn 0.70888881 -0.33039472 0.62315005
vn 0.70888881 -0.33039472 0.62315005
vn 0.89152087 -0.18760446 0.41230464
vn 0.89152087 -0.18760446 0.41230464
vn 0.89152087 -0.18760446 0.41230464
vn 0.93390612 -0.33039640 0.13659272
vn 0.93390612 -0.33039640 0.13659272
vn 0.93390612 -0.33039640 0.13659272
vn 0.81171800 -0.33038508 -0.48162183
vn 0.81171800 -0.33038508 -0.48162183
vn 0.81171800 -0.33038508 -0.48162183
vn 0.66762321 -0.18759134 -0.72047814
vn 0.66762321 -0.18759134 -0.72047814
vn 0.66762321 -0.18759134 -0.72047814
vn 0.41850330 -0.33038732 -0.84599008
vn 0.41850330 -0.33038732 -0.84599008
vn 0.41850330 -0.33038732 -0.84599008
vn -0.20720854 -0.33038146 -0.92082176
vn -0.20720854 -0.33038146 -0.92082176
vn -0.20720854 -0.33038146 -0.92082176
vn -0.47890694 -0.18758165 -0.85759039
vn -0.47890694 -0.18758165 -0.85759039
vn -0.47890694 -0.18758165 -0.85759039
vn -0.67527131 -0.33037587 -0.65943949
vn -0.67527131 -0.33037587 -0.65943949
vn -0.67527131 -0.33037587 -0.65943949
vn -0.93978023 -0.33039185 -0.08748910
vn -0.93978023 -0.33039185 -0.08748910
vn -0.93978023 -0.33039185 -0.08748910
vn -0.96360449 -0.18759479 0.19045886
vn -0.96360449 -0.18759479 0.19045886
vn -0.96360449 -0.18759479 0.19045886
vn -0.83583953 -0.33038788 0.43842460
vn -0.83583953 -0.33038788 0.43842460
vn -0.83583953 -0.33038788 0.43842460
vn -0.37360349 -0.33038719 0.86675529
vn -0.37360349 -0.33038719 0.86675529
vn -0.37360349 -0.33038719 0.86675529
vn -0.11663488 -0.18759311 0.97529746
vn -0.11663488 -0.18759311 0.97529746
vn -0.11663488 -0.18759311 0.97529746
vn 0.15868076 -0.33039057 0.93040985
vn 0.15868076 -0.33039057 0.93040985
vn 0.15868076 -0.33039057 0.93040985
vn 0.97324603 -0.12563826 -0.19237251
vn 0.97324603 -0.12563826 -0.19237251
vn 0.97324603 -0.12563826 -0.19237251
vn 0.96360304 0.18759448 -0.19046652
vn 0.96360304 0.18759448 -0.19046652
vn 0.96360304 0.18759448 -0.19046652
vn 0.83584157 0.33038277 -0.43842455
vn 0.83584157 0.33038277 -0.43842455
vn 0.83584157 0.33038277 -0.43842455
vn 0.11779423 -0.12563543 -0.98505851
vn 0.11779423 -0.12563543 -0.98505851
vn 0.11779423 -0.12563543 -0.98505851
vn 0.11662709 0.18759324 -0.97529836
vn 0.11662709 0.18759324 -0.97529836
vn 0.11662709 0.18759324 -0.97529836
vn -0.15866832 0.33037645 -0.93041699
vn -0.15866832 0.33037645 -0.93041699
vn -0.15866832 0.33037645 -0.93041699
vn -0.90043796 -0.12563392 -0.41644640
vn -0.90043796 -0.12563392 -0.41644640
vn -0.90043796 -0.12563392 -0.41644640
vn -0.89151543 0.18759686 -0.41231984
vn -0.89151543 0.18759686 -0.41231984
vn -0.89151543 0.18759686 -0.41231984
vn -0.93390552 0.33039170 -0.13660824
vn -0.93390552 0.33039170 -0.13660824
vn -0.93390552 0.33039170 -0.13660824
vn -0.67430175 -0.12563215 0.72769068
vn -0.67430175 -0.12563215 0.72769068
vn -0.67430175 -0.12563215 0.72769068
vn -0.66762005 0.18759582 0.72047989
vn -0.66762005 0.18759582 0.72047989
vn -0.66762005 0.18759582 0.72047989
vn -0.41850252 0.33038362 0.84599190
vn -0.41850252 0.33038362 0.84599190
vn -0.41850252 0.33038362 0.84599190
vn 0.48370369 -0.12563771 0.86616736
vn 0.48370369 -0.12563771 0.86616736
vn 0.48370369 -0.12563771 0.86616736
vn 0.47890901 0.18761707 0.85758148
vn 0.47890901 0.18761707 0.85758148
vn 0.47890901 0.18761707 0.85758148
vn 0.67524832 0.33040171 0.65945009
vn 0.67524832 0.33040171 0.65945009
vn 0.67524832 0.33040171 0.65945009
vn 0.73890994 0.66169218 0.12718321
vn 0.73890994 0.66169218 0.12718321
vn 0.73890994 0.66169218 0.12718321
vn 0.59553260 0.79465933 -0.11771776
vn 0.59553260 0.79465933 -0.11771776
vn 0.59553260 0.79465933 -0.11771776
vn 0.63495720 0.66170401 -0.39871939
vn 0.63495720 0.66170401 -0.39871939
vn 0.63495720 0.66170401 -0.39871939
vn 0.34928746 0.66170339 -0.66343567
vn 0.34928746 0.66170339 -0.66343567
vn 0.34928746 0.66170339 -0.66343567
vn 0.07208291 0.79466148 -0.60275798
vn 0.07208291 0.79466148 -0.60275798
vn 0.07208291 0.79466148 -0.60275798
vn -0.18298790 0.66170379 -0.72709251
vn -0.18298790 0.66170379 -0.72709251
vn -0.18298790 0.66170379 -0.72709251
vn -0.52303928 0.66169764 -0.53720215
vn -0.52303928 0.66169764 -0.53720215
vn -0.52303928 0.66169764 -0.53720215
vn -0.55098949 0.79465545 -0.25482013
vn -0.55098949 0.79465545 -0.25482013
vn -0.55098949 0.79465545 -0.25482013
vn -0.74805837 0.66169662 -0.05065821
vn -0.74805837 0.66169662 -0.05065821
vn -0.74805837 0.66169662 -0.05065821
vn 0.57541803 0.66169381 0.48068222
vn 0.57541803 0.66169381 0.48068222
vn 0.57541803 0.66169381 0.48068222
vn 0.29598051 0.79465445 0.53001871
vn 0.29598051 0.79465445 0.53001871
vn 0.29598051 0.79465445 0.53001871
vn -0.58979506 0.66170638 0.46291085
vn -0.58979506 0.66170638 0.46291085
vn -0.58979506 0.66170638 0.46291085
vn -0.57996240 0.79466057 0.17932707
vn -0.57996240 0.79466057 0.17932707
vn -0.57996240 0.79466057 0.17932707
vn -0.74815247 0.66169774 -0.04923398
vn -0.74815247 0.66169774 -0.04923398
vn -0.74815247 0.66169774 -0.04923398
vn -0.00473842 0.94352261 0.33127425
vn -0.00473842 0.94352261 0.33127425
vn -0.00473842 0.94352261 0.33127425
vn 0.00000000 -1.00000000 0.00000017
vn 0.00000000 -1.00000000 0.00000017
vn 0.00000000 -1.00000000 0.00000017
vn 0.00000000 -1.00000000 0.00000017
vn -0.31651820 0.94352421 0.09786881
vn -0.31651820 0.94352421 0.09786881
vn -0.31651820 0.94352421 0.09786881
vn -0.27801852 0.66170250 0.69631566
vn -0.27801852 0.66170250 0.69631566
vn -0.27801852 0.66170250 0.69631566
vn -0.19087925 0.94352559 -0.27078512
vn -0.19087925 0.94352559 -0.27078512
vn -0.19087925 0.94352559 -0.27078512
vn 0.19854909 0.94352356 -0.26521983
vn 0.19854909 0.94352356 -0.26521983
vn 0.19854909 0.94352356 -0.26521983
vn 0.31359803 0.94352263 0.10687054
vn 0.31359803 0.94352263 0.10687054
vn 0.31359803 0.94352263 0.10687054
vn -0.28094676 0.33039493 0.90105944
vn -0.28094676 0.33039493 0.90105944
vn -0.28094676 0.33039493 0.90105944
vn -0.94378049 0.33038128 0.01125127
vn -0.94378049 0.33038128 0.01125127
vn -0.94378049 0.33038128 0.01125127
vn -0.30234335 0.33038147 -0.89411217
vn -0.30234335 0.33038147 -0.89411217
vn -0.30234335 0.33038147 -0.89411217
vn 0.75692790 0.33038682 -0.56383038
vn 0.75692790 0.33038682 -0.56383038
vn 0.75692790 0.33038682 -0.56383038
vn 0.77013371 0.33039055 0.54565204
vn 0.77013371 0.33039055 0.54565204
vn 0.77013371 0.33039055 0.54565204
vn -0.59454725 0.12562823 0.79418582
vn -0.59454725 0.12562823 0.79418582
vn -0.59454725 0.12562823 0.79418582
vn -0.93904380 0.12562357 -0.32002415
vn -0.93904380 0.12562357 -0.32002415
vn -0.93904380 0.12562357 -0.32002415
vn 0.01419235 0.12561571 -0.99197745
vn 0.01419235 0.12561571 -0.99197745
vn 0.01419235 0.12561571 -0.99197745
vn 0.94780905 0.12562815 -0.29304534
vn 0.94780905 0.12562815 -0.29304534
vn 0.94780905 0.12562815 -0.29304534
vn 0.57159072 0.12563875 0.81086309
vn 0.57159072 0.12563875 0.81086309
vn 0.57159072 0.12563875 0.81086309
vn -0.63421159 -0.66169900 0.39991261
vn -0.63421159 -0.66169900 0.39991261
vn -0.63421159 -0.66169900 0.39991261
vn -0.57631359 -0.66170015 -0.47959937
vn -0.57631359 -0.66170015 -0.47959937
vn -0.57631359 -0.66170015 -0.47959937
vn 0.27802843 -0.66169917 -0.69631487
vn 0.27802843 -0.66169917 -0.69631487
vn 0.27802843 -0.66169917 -0.69631487
vn 0.74815842 -0.66169021 0.04924487
vn 0.74815842 -0.66169021 0.04924487
vn 0.74815842 -0.66169021 0.04924487
vn 0.18436035 -0.66170403 0.72674551
vn 0.18436035 -0.66170403 0.72674551
vn 0.18436035 -0.66170403 0.72674551
vn 0.19088516 -0.94352005 0.27080025
vn 0.19088516 -0.94352005 0.27080025
vn 0.19088516 -0.94352005 0.27080025
vn 0.34975378 -0.79465931 0.49617424
vn 0.34975378 -0.79465931 0.49617424
vn 0.34975378 -0.79465931 0.49617424
vn 0.62251808 -0.66169266 0.41789241
vn 0.62251808 -0.66169266 0.41789241
vn 0.62251808 -0.66169266 0.41789241
vn 0.31652041 -0.94352371 -0.09786639
vn 0.31652041 -0.94352371 -0.09786639
vn 0.31652041 -0.94352371 -0.09786639
vn 0.57996776 -0.79465757 -0.17932303
vn 0.57996776 -0.79465757 -0.17932303
vn 0.57996776 -0.79465757 -0.17932303
vn 0.58980168 -0.66169931 -0.46291252
vn 0.58980168 -0.66169931 -0.46291252
vn 0.58980168 -0.66169931 -0.46291252
vn 0.00473835 -0.94352502 -0.33126739
vn 0.00473835 -0.94352502 -0.33126739
vn 0.00473835 -0.94352502 -0.33126739
vn 0.00868220 -0.79466206 -0.60698997
vn 0.00868220 -0.79466206 -0.60698997
vn 0.00868220 -0.79466206 -0.60698997
vn -0.25800610 -0.66170029 -0.70397840
vn -0.25800610 -0.66170029 -0.70397840
vn -0.25800610 -0.66170029 -0.70397840
vn -0.31359146 -0.94352398 -0.10687793
vn -0.31359146 -0.94352398 -0.10687793
vn -0.31359146 -0.94352398 -0.10687793
vn -0.57459606 -0.79466260 -0.19583342
vn -0.57459606 -0.79466260 -0.19583342
vn -0.57459606 -0.79466260 -0.19583342
vn -0.74925158 -0.66170083 0.02782233
vn -0.74925158 -0.66170083 0.02782233
vn -0.74925158 -0.66170083 0.02782233
vn -0.19855140 -0.94352133 0.26522600
vn -0.19855140 -0.94352133 0.26522600
vn -0.19855140 -0.94352133 0.26522600
vn -0.36380297 -0.79466098 0.48596433
vn -0.36380297 -0.79466098 0.48596433
vn -0.36380297 -0.79466098 0.48596433
vn -0.20506570 -0.66170337 0.72117731
vn -0.20506570 -0.66170337 0.72117731
vn -0.20506570 -0.66170337 0.72117731
vn 0.30233997 -0.33039237 0.89410929
vn 0.30233997 -0.33039237 0.89410929
vn 0.30233997 -0.33039237 0.89410929
vn 0.56592667 -0.18760089 0.80282807
vn 0.56592667 -0.18760089 0.80282807
vn 0.56592667 -0.18760089 0.80282807
vn 0.74049103 -0.33039445 0.58524571
vn 0.74049103 -0.33039445 0.58524571
vn 0.74049103 -0.33039445 0.58524571
vn 0.94377896 -0.33038616 -0.01123676
vn 0.94377896 -0.33038616 -0.01123676
vn 0.94377896 -0.33038616 -0.01123676
vn 0.93841750 -0.18759119 -0.29014159
vn 0.93841750 -0.18759119 -0.29014159
vn 0.93841750 -0.18759119 -0.29014159
vn 0.78542981 -0.33038620 -0.52339753
vn 0.78542981 -0.33038620 -0.52339753
vn 0.78542981 -0.33038620 -0.52339753
vn 0.28096073 -0.33037852 -0.90106110
vn 0.28096073 -0.33037852 -0.90106110
vn 0.28096073 -0.33037852 -0.90106110
vn 0.01405173 -0.18758140 -0.98214855
vn 0.01405173 -0.18758140 -0.98214855
vn 0.01405173 -0.18758140 -0.98214855
vn -0.25508104 -0.33037593 -0.90872736
vn -0.25508104 -0.33037593 -0.90872736
vn -0.25508104 -0.33037593 -0.90872736
vn -0.77012860 -0.33039397 -0.54565719
vn -0.77012860 -0.33039397 -0.54565719
vn -0.77012860 -0.33039397 -0.54565719
vn -0.92973816 -0.18759339 -0.31685276
vn -0.92973816 -0.18759339 -0.31685276
vn -0.92973816 -0.18759339 -0.31685276
vn -0.94307256 -0.33038205 -0.03823415
vn -0.94307256 -0.33038205 -0.03823415
vn -0.94307256 -0.33038205 -0.03823415
vn -0.75692860 -0.33038658 0.56382959
vn -0.75692860 -0.33038658 0.56382959
vn -0.75692860 -0.33038658 0.56382959
vn -0.58865603 -0.18759116 0.78631650
vn -0.58865603 -0.18759116 0.78631650
vn -0.58865603 -0.18759116 0.78631650
vn -0.32778320 -0.33038919 0.88509952
vn -0.32778320 -0.33038919 0.88509952
vn -0.32778320 -0.33038919 0.88509952
vn 0.93904117 -0.12563950 0.32002561
vn 0.93904117 -0.12563950 0.32002561
vn 0.93904117 -0.12563950 0.32002561
vn 0.92973690 0.18759644 0.31685466
vn 0.92973690 0.18759644 0.31685466
vn 0.92973690 0.18759644 0.31685466
vn 0.94307129 0.33038571 0.03823378
vn 0.94307129 0.33038571 0.03823378
vn 0.94307129 0.33038571 0.03823378
vn 0.59454051 -0.12563269 -0.79419016
vn 0.59454051 -0.12563269 -0.79419016
vn 0.59454051 -0.12563269 -0.79419016
vn 0.58864950 0.18759292 -0.78632097
vn 0.58864950 0.18759292 -0.78632097
vn 0.58864950 0.18759292 -0.78632097
vn 0.32779650 0.33037446 -0.88510009
vn 0.32779650 0.33037446 -0.88510009
vn 0.32779650 0.33037446 -0.88510009
vn -0.57157720 -0.12563519 -0.81087318
vn -0.57157720 -0.12563519 -0.81087318
vn -0.57157720 -0.12563519 -0.81087318
vn -0.56591314 0.18759982 -0.80283786
vn -0.56591314 0.18759982 -0.80283786
vn -0.56591314 0.18759982 -0.80283786
vn -0.74047891 0.33039373 -0.58526145
vn -0.74047891 0.33039373 -0.58526145
vn -0.74047891 0.33039373 -0.58526145
vn -0.94780948 -0.12562949 0.29304337
vn -0.94780948 -0.12562949 0.29304337
vn -0.94780948 -0.12562949 0.29304337
vn -0.93841765 0.18759360 0.29013955
vn -0.93841765 0.18759360 0.29013955
vn -0.93841765 0.18759360 0.29013955
vn -0.78543002 0.33038413 0.52339851
vn -0.78543002 0.33038413 0.52339851
vn -0.78543002 0.33038413 0.52339851
vn -0.01418377 -0.12563805 0.99197475
vn -0.01418377 -0.12563805 0.99197475
vn -0.01418377 -0.12563805 0.99197475
vn -0.01404317 0.18761672 0.98214192
vn -0.01404317 0.18761672 0.98214192
vn -0.01404317 0.18761672 0.98214192
vn 0.25505556 0.33040089 0.90872543
vn 0.25505556 0.33040089 0.90872543
vn 0.25505556 0.33040089 0.90872543
vn 0.57632330 0.66169231 0.47959852
vn 0.57632330 0.66169231 0.47959852
vn 0.57632330 0.66169231 0.47959852
vn 0.57460521 0.79465956 0.19581888
vn 0.57460521 0.79465956 0.19581888
vn 0.57460521 0.79465956 0.19581888
vn 0.74924773 0.66170522 -0.02782172
vn 0.74924773 0.66170522 -0.02782172
vn 0.74924773 0.66170522 -0.02782172
vn 0.63420832 0.66170420 -0.39990918
vn 0.63420832 0.66170420 -0.39990918
vn 0.63420832 0.66170420 -0.39990918
vn 0.36380515 0.79466165 -0.48596160
vn 0.36380515 0.79466165 -0.48596160
vn 0.36380515 0.79466165 -0.48596160
vn 0.20507221 0.66170248 -0.72117627
vn 0.20507221 0.66170248 -0.72117627
vn 0.20507221 0.66170248 -0.72117627
vn -0.18436447 0.66169548 -0.72675225
vn -0.18436447 0.66169548 -0.72675225
vn -0.18436447 0.66169548 -0.72675225
vn -0.34976295 0.79465486 -0.49617490
vn -0.34976295 0.79465486 -0.49617490
vn -0.34976295 0.79465486 -0.49617490
vn -0.62250536 0.66169887 -0.41790152
vn -0.62250536 0.66169887 -0.41790152
vn -0.62250536 0.66169887 -0.41790152
vn 0.25798410 0.66169378 0.70399258
vn 0.25798410 0.66169378 0.70399258
vn 0.25798410 0.66169378 0.70399258
vn -0.00868229 0.79465414 0.60700035
vn -0.00868229 0.79465414 0.60700035
vn -0.00868229 0.79465414 0.60700035
vn -0.74223391 0.66170523 0.10599533
vn -0.74223391 0.66170523 0.10599533
vn -0.74223391 0.66170523 0.10599533
vn -0.59192576 0.79466023 -0.13468111
vn -0.59192576 0.79466023 -0.13468111
vn -0.59192576 0.79466023 -0.13468111
vn -0.62330099 0.66169884 -0.41671397
vn -0.62330099 0.66169884 -0.41671397
vn -0.62330099 0.66169884 -0.41671397
vn -0.16974090 0.94352276 0.28452209
vn -0.16974090 0.94352276 0.28452209
vn -0.16974090 0.94352276 0.28452209
vn 0.00000000 -1.00000000 0.00000017
vn 0.00000000 -1.00000000 0.00000017
vn -0.00000000 -1.00000000 0.00000017
vn 0.00000000 -1.00000000 0.00000017
vn -0.32304658 0.94352436 -0.07350301
vn -0.32304658 0.94352436 -0.07350301
vn -0.32304658 0.94352436 -0.07350301
vn -0.58892707 0.66170165 0.46402137
vn -0.58892707 0.66170165 0.46402137
vn -0.58892707 0.66170165 0.46402137
vn -0.02991230 0.94352492 -0.32994845
vn -0.02991230 0.94352492 -0.32994845
vn -0.02991230 0.94352492 -0.32994845
vn 0.30455853 0.94352326 -0.13041456
vn 0.30455853 0.94352326 -0.13041456
vn 0.30455853 0.94352326 -0.13041456
vn 0.21814727 0.94352320 0.24935065
vn 0.21814727 0.94352320 0.24935065
vn 0.21814727 0.94352320 0.24935065
vn -0.69383399 0.33039606 0.63986939
vn -0.69383399 0.33039606 0.63986939
vn -0.69383399 0.33039606 0.63986939
vn -0.82296368 0.33038060 -0.46214656
vn -0.82296368 0.33038060 -0.46214656
vn -0.82296368 0.33038060 -0.46214656
vn 0.18522054 0.33038310 -0.92549466
vn 0.18522054 0.33038310 -0.92549466
vn 0.18522054 0.33038310 -0.92549466
vn 0.93743472 0.33038441 -0.10982846
vn 0.93743472 0.33038441 -0.10982846
vn 0.93743472 0.33038441 -0.10982846
vn 0.39413315 0.33039130 0.85761334
vn 0.39413315 0.33039130 0.85761334
vn 0.39413315 0.33039130 0.85761334
vn -0.91198663 0.12562785 0.39050995
vn -0.91198663 0.12562785 0.39050995
vn -0.91198663 0.12562785 0.39050995
vn -0.65322252 0.12562068 -0.74667247
vn -0.65322252 0.12562068 -0.74667247
vn -0.65322252 0.12562068 -0.74667247
vn 0.50828088 0.12561878 -0.85198032
vn 0.50828088 0.12561878 -0.85198032
vn 0.50828088 0.12561878 -0.85198032
vn 0.96734965 0.12562467 0.22012063
vn 0.96734965 0.12562467 0.22012063
vn 0.96734965 0.12562467 0.22012063
vn 0.08958210 0.12563934 0.98802318
vn 0.08958210 0.12563934 0.98802318
vn 0.08958210 0.12563934 0.98802318
vn -0.74919994 -0.66169865 0.02922925
vn -0.74919994 -0.66169865 0.02922925
vn -0.74919994 -0.66169865 0.02922925
vn -0.25930183 -0.66170097 -0.70350152
vn -0.25930183 -0.66170097 -0.70350152
vn -0.25930183 -0.66170097 -0.70350152
vn 0.58893669 -0.66169838 -0.46401384
vn 0.58893669 -0.66169838 -0.46401384
vn 0.58893669 -0.66169838 -0.46401384
vn 0.62330244 -0.66168871 0.41672786
vn 0.62330244 -0.66168871 0.41672786
vn 0.62330244 -0.66168871 0.41672786
vn -0.20371041 -0.66170427 0.72156048
vn -0.20371041 -0.66170427 0.72156048
vn -0.20371041 -0.66170427 0.72156048
vn 0.02991018 -0.94352110 0.32995956
vn 0.02991018 -0.94352110 0.32995956
vn 0.02991018 -0.94352110 0.32995956
vn 0.05480706 -0.79465836 0.60457776
vn 0.05480706 -0.79465836 0.60457776
vn 0.05480706 -0.79465836 0.60457776
vn 0.33017129 -0.66169010 0.67316649
vn 0.33017129 -0.66169010 0.67316649
vn 0.33017129 -0.66169010 0.67316649
vn 0.32304591 -0.94352442 0.07350514
vn 0.32304591 -0.94352442 0.07350514
vn 0.32304591 -0.94352442 0.07350514
vn 0.59192903 -0.79465696 0.13468604
vn 0.59192903 -0.79465696 0.13468604
vn 0.59192903 -0.79465696 0.13468604
vn 0.74224009 -0.66169868 -0.10599298
vn 0.74224009 -0.66169868 -0.10599298
vn 0.74224009 -0.66169868 -0.10599298
vn 0.16973654 -0.94352554 -0.28451548
vn 0.16973654 -0.94352554 -0.28451548
vn 0.16973654 -0.94352554 -0.28451548
vn 0.31101492 -0.79466077 -0.52132905
vn 0.31101492 -0.79466077 -0.52132905
vn 0.31101492 -0.79466077 -0.52132905
vn 0.12855203 -0.66170071 -0.73866539
vn 0.12855203 -0.66170071 -0.73866539
vn 0.12855203 -0.66170071 -0.73866539
vn -0.21813711 -0.94352481 -0.24935344
vn -0.21813711 -0.94352481 -0.24935344
vn -0.21813711 -0.94352481 -0.24935344
vn -0.39969733 -0.79466234 -0.45689584
vn -0.39969733 -0.79466234 -0.45689584
vn -0.39969733 -0.79466234 -0.45689584
vn -0.66278250 -0.66169994 -0.35053181
vn -0.66278250 -0.66169994 -0.35053181
vn -0.66278250 -0.66169994 -0.35053181
vn -0.30456066 -0.94352244 0.13041554
vn -0.30456066 -0.94352244 0.13041554
vn -0.30456066 -0.94352244 0.13041554
vn -0.55804525 -0.79466059 0.23895616
vn -0.55804525 -0.79466059 0.23895616
vn -0.55804525 -0.79466059 0.23895616
vn -0.53818166 -0.66170374 0.52202363
vn -0.53818166 -0.66170374 0.52202363
vn -0.53818166 -0.66170374 0.52202363
vn -0.18521871 -0.33039279 0.92549156
vn -0.18521871 -0.33039279 0.92549156
vn -0.18521871 -0.33039279 0.92549156
vn 0.08869438 -0.18760238 0.97823241
vn 0.08869438 -0.18760238 0.97823241
vn 0.08869438 -0.18760238 0.97823241
vn 0.34866201 -0.33039546 0.87708246
vn 0.34866201 -0.33039546 0.87708246
vn 0.34866201 -0.33039546 0.87708246
vn 0.82295429 -0.33038493 0.46216019
vn 0.82295429 -0.33038493 0.46216019
vn 0.82295429 -0.33038493 0.46216019
vn 0.95776452 -0.18758854 0.21793958
vn 0.95776452 -0.18758854 0.21793958
vn 0.95776452 -0.18758854 0.21793958
vn 0.94190149 -0.33038450 -0.06056131
vn 0.94190149 -0.33038450 -0.06056131
vn 0.94190149 -0.33038450 -0.06056131
vn 0.69384882 -0.33038098 -0.63986110
vn 0.69384882 -0.33038098 -0.63986110
vn 0.69384882 -0.33038098 -0.63986110
vn 0.50324452 -0.18758479 -0.84353832
vn 0.50324452 -0.18758479 -0.84353832
vn 0.50324452 -0.18758479 -0.84353832
vn 0.23345872 -0.33037927 -0.91451985
vn 0.23345872 -0.33037927 -0.91451985
vn 0.23345872 -0.33037927 -0.91451985
vn -0.39412188 -0.33039151 -0.85761844
vn -0.39412188 -0.33039151 -0.85761844
vn -0.39412188 -0.33039151 -0.85761844
vn -0.64674929 -0.18759153 -0.73927313
vn -0.64674929 -0.18759153 -0.73927313
vn -0.64674929 -0.18759153 -0.73927313
vn -0.79760793 -0.33038327 -0.50464689
vn -0.79760793 -0.33038327 -0.50464689
vn -0.79760793 -0.33038327 -0.50464689
vn -0.93743473 -0.33038468 0.10982754
vn -0.93743473 -0.33038468 0.10982754
vn -0.93743473 -0.33038468 0.10982754
vn -0.90295005 -0.18759074 0.38664057
vn -0.90295005 -0.18759074 0.38664057
vn -0.90295005 -0.18759074 0.38664057
vn -0.72642012 -0.33038814 0.60262549
vn -0.72642012 -0.33038814 0.60262549
vn -0.72642012 -0.33038814 0.60262549
vn 0.65322077 -0.12564095 0.74667060
vn 0.65322077 -0.12564095 0.74667060
vn 0.65322077 -0.12564095 0.74667060
vn 0.64674826 0.18759924 0.73927208
vn 0.64674826 0.18759924 0.73927208
vn 0.64674826 0.18759924 0.73927208
vn 0.79760458 0.33038507 0.50465100
vn 0.79760458 0.33038507 0.50465100
vn 0.79760458 0.33038507 0.50465100
vn 0.91198349 -0.12563301 -0.39051564
vn 0.91198349 -0.12563301 -0.39051564
vn 0.91198349 -0.12563301 -0.39051564
vn 0.90294731 0.18759197 -0.38664635
vn 0.90294731 0.18759197 -0.38664635
vn 0.90294731 0.18759197 -0.38664635
vn 0.72642872 0.33037588 -0.60262185
vn 0.72642872 0.33037588 -0.60262185
vn 0.72642872 0.33037588 -0.60262185
vn -0.08956772 -0.12563511 -0.98802502
vn -0.08956772 -0.12563511 -0.98802502
vn -0.08956772 -0.12563511 -0.98802502
vn -0.08868018 0.18759827 -0.97823449
vn -0.08868018 0.18759827 -0.97823449
vn -0.08868018 0.18759827 -0.97823449
vn -0.34864308 0.33039040 -0.87709189
vn -0.34864308 0.33039040 -0.87709189
vn -0.34864308 0.33039040 -0.87709189
vn -0.96734950 -0.12562960 -0.22011848
vn -0.96734950 -0.12562960 -0.22011848
vn -0.96734950 -0.12562960 -0.22011848
vn -0.95776438 0.18759175 -0.21793746
vn -0.95776438 0.18759175 -0.21793746
vn -0.95776438 0.18759175 -0.21793746
vn -0.94190237 0.33038171 0.06056280
vn -0.94190237 0.33038171 0.06056280
vn -0.94190237 0.33038171 0.06056280
vn -0.50827141 -0.12563502 0.85198357
vn -0.50827141 -0.12563502 0.85198357
vn -0.50827141 -0.12563502 0.85198357
vn -0.50323279 0.18761950 0.84353760
vn -0.50323279 0.18761950 0.84353760
vn -0.50323279 0.18761950 0.84353760
vn -0.23348066 0.33040303 0.91450567
vn -0.23348066 0.33040303 0.91450567
vn -0.23348066 0.33040303 0.91450567
vn 0.25931642 0.66169029 0.70350618
vn 0.25931642 0.66169029 0.70350618
vn 0.25931642 0.66169029 0.70350618
vn 0.39971587 0.79465601 0.45689064
vn 0.39971587 0.79465601 0.45689064
vn 0.39971587 0.79465601 0.45689064
vn 0.66277871 0.66170239 0.35053435
vn 0.66277871 0.66170239 0.35053435
vn 0.66277871 0.66170239 0.35053435
vn 0.74919691 0.66170211 -0.02922847
vn 0.74919691 0.66170211 -0.02922847
vn 0.74919691 0.66170211 -0.02922847
vn 0.55804562 0.79466085 -0.23895443
vn 0.55804562 0.79466085 -0.23895443
vn 0.55804562 0.79466085 -0.23895443
vn 0.53818587 0.66170232 -0.52202108
vn 0.53818587 0.66170232 -0.52202108
vn 0.53818587 0.66170232 -0.52202108
vn 0.20371214 0.66169671 -0.72156692
vn 0.20371214 0.66169671 -0.72156692
vn 0.20371214 0.66169671 -0.72156692
vn -0.05481468 0.79465566 -0.60458063
vn -0.05481468 0.79465566 -0.60458063
vn -0.05481468 0.79465566 -0.60458063
vn -0.33015473 0.66169975 -0.67316513
vn -0.33015473 0.66169975 -0.67316513
vn -0.33015473 0.66169975 -0.67316513
vn -0.12857967 0.66169184 0.73866852
vn -0.12857967 0.66169184 0.73866852
vn -0.12857967 0.66169184 0.73866852
vn -0.31102151 0.79465179 0.52133881
vn -0.31102151 0.79465179 0.52133881
vn -0.31102151 0.79465179 0.52133881
vn -0.69579087 0.66170603 -0.27932097
vn -0.69579087 0.66170603 -0.27932097
vn -0.69579087 0.66170603 -0.27932097
vn -0.44528117 0.79466159 -0.41259865
vn -0.44528117 0.79466159 -0.41259865
vn -0.44528117 0.79466159 -0.41259865
vn -0.33143650 0.66169925 -0.67253547
vn -0.33143650 0.66169925 -0.67253547
vn -0.33143650 0.66169925 -0.67253547
vn -0.28926004 0.94352313 0.16153246
vn -0.28926004 0.94352313 0.16153246
vn -0.28926004 0.94352313 0.16153246
vn -0.00000000 -1.00000000 0.00000017
vn -0.00000000 -1.00000000 0.00000017
vn -0.00000000 -1.00000000 0.00000017
vn 0.00000000 -1.00000000 0.00000017
vn -0.24301579 0.94352408 -0.22517912
vn -0.24301579 0.94352408 -0.22517912
vn -0.24301579 0.94352408 -0.22517912
vn -0.74203606 0.66170205 0.10739130
vn -0.74203606 0.66170205 0.10739130
vn -0.74203606 0.66170205 0.10739130
vn 0.13906916 0.94352492 -0.30070001
vn 0.13906916 0.94352492 -0.30070001
vn 0.13906916 0.94352492 -0.30070001
vn 0.32896311 0.94352314 0.03933636
vn 0.32896311 0.94352314 0.03933636
vn 0.32896311 0.94352314 0.03933636
vn 0.06424533 0.94352322 0.32501766
vn 0.06424533 0.94352322 0.32501766
vn 0.06424533 0.94352322 0.32501766
vn -0.92081192 0.33039663 0.20722808
vn -0.92081192 0.33039663 0.20722808
vn -0.92081192 0.33039663 0.20722808
vn -0.48163281 0.33038216 -0.81171268
vn -0.48163281 0.33038216 -0.81171268
vn -0.48163281 0.33038216 -0.81171268
vn 0.62315147 0.33038543 -0.70889190
vn 0.62315147 0.33038543 -0.70889190
vn 0.62315147 0.33038543 -0.70889190
vn 0.86675657 0.33038361 0.37360368
vn 0.86675657 0.33038361 0.37360368
vn 0.86675657 0.33038361 0.37360368
vn -0.08747908 0.33039329 0.93978066
vn -0.08747908 0.33039329 0.93978066
vn -0.08747908 0.33039329 0.93978066
vn -0.98505861 0.12562588 -0.11780354
vn -0.98505861 0.12562588 -0.11780354
vn -0.98505861 0.12562588 -0.11780354
vn -0.19237189 0.12562408 -0.97324799
vn -0.19237189 0.12562408 -0.97324799
vn -0.19237189 0.12562408 -0.97324799
vn 0.86617447 0.12561890 -0.48369585
vn 0.86617447 0.12561890 -0.48369585
vn 0.86617447 0.12561890 -0.48369585
vn 0.72769008 0.12562661 0.67430342
vn 0.72769008 0.12562661 0.67430342
vn 0.72769008 0.12562661 0.67430342
vn -0.41643100 0.12564357 0.90044373
vn -0.41643100 0.12564357 0.90044373
vn -0.41643100 0.12564357 0.90044373
vn -0.66343953 -0.66169897 -0.34928851
vn -0.66343953 -0.66169897 -0.34928851
vn -0.66343953 -0.66169897 -0.34928851
vn 0.12718607 -0.66170128 -0.73890129
vn 0.12718607 -0.66170128 -0.73890129
vn 0.12718607 -0.66170128 -0.73890129
vn 0.74204098 -0.66169850 -0.10737912
vn 0.74204098 -0.66169850 -0.10737912
vn 0.74204098 -0.66169850 -0.10737912
vn 0.33143004 -0.66169017 0.67254758
vn 0.33143004 -0.66169017 0.67254758
vn 0.33143004 -0.66169017 0.67254758
vn -0.53720242 -0.66170227 0.52303314
vn -0.53720242 -0.66170227 0.52303314
vn -0.53720242 -0.66170227 0.52303314
vn -0.13907641 -0.94352060 0.30071019
vn -0.13907641 -0.94352060 0.30071019
vn -0.13907641 -0.94352060 0.30071019
vn -0.25482198 -0.79465994 0.55098216
vn -0.25482198 -0.79465994 0.55098216
vn -0.25482198 -0.79465994 0.55098216
vn -0.05064363 -0.66169178 0.74806364
vn -0.05064363 -0.66169178 0.74806364
vn -0.05064363 -0.66169178 0.74806364
vn 0.24301545 -0.94352334 0.22518260
vn 0.24301545 -0.94352334 0.22518260
vn 0.24301545 -0.94352334 0.22518260
vn 0.44528106 -0.79465809 0.41260550
vn 0.44528106 -0.79465809 0.41260550
vn 0.44528106 -0.79465809 0.41260550
vn 0.69579471 -0.66169940 0.27932709
vn 0.69579471 -0.66169940 0.27932709
vn 0.69579471 -0.66169940 0.27932709
vn 0.28925669 -0.94352435 -0.16153130
vn 0.28925669 -0.94352435 -0.16153130
vn 0.28925669 -0.94352435 -0.16153130
vn 0.53001031 -0.79466140 -0.29597691
vn 0.53001031 -0.79466140 -0.29597691
vn 0.53001031 -0.79466140 -0.29597691
vn 0.48066178 -0.66170189 -0.57542581
vn 0.48066178 -0.66170189 -0.57542581
vn 0.48066178 -0.66170189 -0.57542581
vn -0.06423670 -0.94352396 -0.32501719
vn -0.06423670 -0.94352396 -0.32501719
vn -0.06423670 -0.94352396 -0.32501719
vn -0.11770146 -0.79466217 -0.59553203
vn -0.11770146 -0.79466217 -0.59553203
vn -0.11770146 -0.79466217 -0.59553203
vn -0.39871924 -0.66170127 -0.63496015
vn -0.39871924 -0.66170127 -0.63496015
vn -0.39871924 -0.66170127 -0.63496015
vn -0.32896592 -0.94352210 -0.03933805
vn -0.32896592 -0.94352210 -0.03933805
vn -0.32896592 -0.94352210 -0.03933805
vn -0.60275813 -0.79466147 -0.07208181
vn -0.60275813 -0.79466147 -0.07208181
vn -0.60275813 -0.79466147 -0.07208181
vn -0.72709191 -0.66170154 0.18299842
vn -0.72709191 -0.66170154 0.18299842
vn -0.72709191 -0.66170154 0.18299842
vn -0.62315259 -0.33039682 0.70888560
vn -0.62315259 -0.33039682 0.70888560
vn -0.62315259 -0.33039682 0.70888560
vn -0.41230443 -0.18760451 0.89152095
vn -0.41230443 -0.18760451 0.89152095
vn -0.41230443 -0.18760451 0.89152095
vn -0.13658870 -0.33039758 0.93390630
vn -0.13658870 -0.33039758 0.93390630
vn -0.13658870 -0.33039758 0.93390630
vn 0.48161896 -0.33038533 0.81171960
vn 0.48161896 -0.33038533 0.81171960
vn 0.48161896 -0.33038533 0.81171960
vn 0.72047975 -0.18758895 0.66762213
vn 0.72047975 -0.18758895 0.66762213
vn 0.72047975 -0.18758895 0.66762213
vn 0.84599110 -0.33038312 0.41850455
vn 0.84599110 -0.33038312 0.41850455
vn 0.84599110 -0.33038312 0.41850455
vn 0.92082120 -0.33038071 -0.20721221
vn 0.92082120 -0.33038071 -0.20721221
vn 0.92082120 -0.33038071 -0.20721221
vn 0.85759180 -0.18758522 -0.47890300
vn 0.85759180 -0.18758522 -0.47890300
vn 0.85759180 -0.18758522 -0.47890300
vn 0.65944249 -0.33037957 -0.67526657
vn 0.65944249 -0.33037957 -0.67526657
vn 0.65944249 -0.33037957 -0.67526657
vn 0.08748547 -0.33039309 -0.93978013
vn 0.08748547 -0.33039309 -0.93978013
vn 0.08748547 -0.33039309 -0.93978013
vn -0.19046551 -0.18759476 -0.96360318
vn -0.19046551 -0.18759476 -0.96360318
vn -0.19046551 -0.18759476 -0.96360318
vn -0.43842265 -0.33038326 -0.83584238
vn -0.43842265 -0.33038326 -0.83584238
vn -0.43842265 -0.33038326 -0.83584238
vn -0.86675595 -0.33038289 -0.37360576
vn -0.86675595 -0.33038289 -0.37360576
vn -0.86675595 -0.33038289 -0.37360576
vn -0.97529830 -0.18758787 -0.11663625
vn -0.97529830 -0.18758787 -0.11663625
vn -0.97529830 -0.18758787 -0.11663625
vn -0.93041052 -0.33038792 0.15868236
vn -0.93041052 -0.33038792 0.15868236
vn -0.93041052 -0.33038792 0.15868236
vn 0.19237243 -0.12564216 0.97324555
vn 0.19237243 -0.12564216 0.97324555
vn 0.19237243 -0.12564216 0.97324555
vn 0.19046634 0.18759876 0.96360224
vn 0.19046634 0.18759876 0.96360224
vn 0.19046634 0.18759876 0.96360224
vn 0.43842328 0.33038607 0.83584094
vn 0.43842328 0.33038607 0.83584094
vn 0.43842328 0.33038607 0.83584094
vn 0.98505880 -0.12563144 0.11779601
vn 0.98505880 -0.12563144 0.11779601
vn 0.98505880 -0.12563144 0.11779601
vn 0.97529852 0.18759136 0.11662880
vn 0.97529852 0.18759136 0.11662880
vn 0.97529852 0.18759136 0.11662880
vn 0.93041630 0.33037659 -0.15867203
vn 0.93041630 0.33037659 -0.15867203
vn 0.93041630 0.33037659 -0.15867203
vn 0.41644352 -0.12563485 -0.90043916
vn 0.41644352 -0.12563485 -0.90043916
vn 0.41644352 -0.12563485 -0.90043916
vn 0.41231657 0.18760203 -0.89151586
vn 0.41231657 0.18760203 -0.89151586
vn 0.41231657 0.18760203 -0.89151586
vn 0.13661216 0.33039358 -0.93390428
vn 0.13661216 0.33039358 -0.93390428
vn 0.13661216 0.33039358 -0.93390428
vn -0.72769037 -0.12562889 -0.67430268
vn -0.72769037 -0.12562889 -0.67430268
vn -0.72769037 -0.12562889 -0.67430268
vn -0.72047974 0.18759260 -0.66762112
vn -0.72047974 0.18759260 -0.66762112
vn -0.72047974 0.18759260 -0.66762112
vn -0.84599301 0.33038134 -0.41850208
vn -0.84599301 0.33038134 -0.41850208
vn -0.84599301 0.33038134 -0.41850208
vn -0.86616891 -0.12564028 0.48370027
vn -0.86616891 -0.12564028 0.48370027
vn -0.86616891 -0.12564028 0.48370027
vn -0.85758222 0.18762371 0.47890509
vn -0.85758222 0.18762371 0.47890509
vn -0.85758222 0.18762371 0.47890509
vn -0.65945238 0.33040814 0.67524294
vn -0.65945238 0.33040814 0.67524294
vn -0.65945238 0.33040814 0.67524294
vn -0.12718071 0.66169167 0.73891082
vn -0.12718071 0.66169167 0.73891082
vn -0.12718071 0.66169167 0.73891082
vn 0.11771764 0.79465782 0.59553465
vn 0.11771764 0.79465782 0.59553465
vn 0.11771764 0.79465782 0.59553465
vn 0.39871817 0.66170205 0.63496002
vn 0.39871817 0.66170205 0.63496002
vn 0.39871817 0.66170205 0.63496002
vn 0.66343819 0.66170168 0.34928592
vn 0.66343819 0.66170168 0.34928592
vn 0.66343819 0.66170168 0.34928592
vn 0.60275938 0.79466059 0.07208112
vn 0.60275938 0.79466059 0.07208112
vn 0.60275938 0.79466059 0.07208112
vn 0.72709392 0.66170146 -0.18299076
vn 0.72709392 0.66170146 -0.18299076
vn 0.72709392 0.66170146 -0.18299076
vn 0.53720301 0.66169556 -0.52304102
vn 0.53720301 0.66169556 -0.52304102
vn 0.53720301 0.66169556 -0.52304102
vn 0.25481980 0.79465422 -0.55099141
vn 0.25481980 0.79465422 -0.55099141
vn 0.25481980 0.79465422 -0.55099141
vn 0.05066164 0.66169906 -0.74805598
vn 0.05066164 0.66169906 -0.74805598
vn 0.05066164 0.66169906 -0.74805598
vn -0.48068772 0.66169215 0.57541534
vn -0.48068772 0.66169215 0.57541534
vn -0.48068772 0.66169215 0.57541534
vn -0.53002198 0.79465167 0.29598213
vn -0.53002198 0.79465167 0.29598213
vn -0.53002198 0.79465167 0.29598213
vn -0.10599485 0.66170388 -0.74223519
vn -0.10599485 0.66170388 -0.74223519
vn -0.10599485 0.66170388 -0.74223519
vn 0.13468248 0.79466032 -0.59192533
vn 0.13468248 0.79466032 -0.59192533
vn 0.13468248 0.79466032 -0.59192533
vn 0.41671696 0.66169764 -0.62330026
vn 0.41671696 0.66169764 -0.62330026
vn 0.41671696 0.66169764 -0.62330026
vn -0.28452194 0.94352276 -0.16974121
vn -0.28452194 0.94352276 -0.16974121
vn -0.28452194 0.94352276 -0.16974121
vn 0.00000000 -1.00000000 0.00000017
vn 0.00000000 -1.00000000 0.00000017
vn 0.00000000 -1.00000000 0.00000017
vn 0.00000000 -1.00000000 0.00000017
vn 0.07350382 0.94352412 -0.32304710
vn 0.07350382 0.94352412 -0.32304710
vn 0.07350382 0.94352412 -0.32304710
vn -0.46402270 0.66170048 -0.58892734
vn -0.46402270 0.66170048 -0.58892734
vn -0.46402270 0.66170048 -0.58892734
vn 0.32994773 0.94352520 -0.02991133
vn 0.32994773 0.94352520 -0.02991133
vn 0.32994773 0.94352520 -0.02991133
vn 0.13041422 0.94352344 0.30455813
vn 0.13041422 0.94352344 0.30455813
vn 0.13041422 0.94352344 0.30455813
vn -0.24935106 0.94352286 0.21814823
vn -0.24935106 0.94352286 0.21814823
vn -0.24935106 0.94352286 0.21814823
vn -0.63986983 0.33039618 -0.69383353
vn -0.63986983 0.33039618 -0.69383353
vn -0.63986983 0.33039618 -0.69383353
vn 0.46214966 0.33038234 -0.82296124
vn 0.46214966 0.33038234 -0.82296124
vn 0.46214966 0.33038234 -0.82296124
vn 0.92549481 0.33038669 0.18521337
vn 0.92549481 0.33038669 0.18521337
vn 0.92549481 0.33038669 0.18521337
vn 0.10982575 0.33038365 0.93743530
vn 0.10982575 0.33038365 0.93743530
vn 0.10982575 0.33038365 0.93743530
vn -0.85761286 0.33039402 0.39413192
vn -0.85761286 0.33039402 0.39413192
vn -0.85761286 0.33039402 0.39413192
vn -0.39050897 0.12562685 -0.91198719
vn -0.39050897 0.12562685 -0.91198719
vn -0.39050897 0.12562685 -0.91198719
vn 0.74667242 0.12562716 -0.65322133
vn 0.74667242 0.12562716 -0.65322133
vn 0.74667242 0.12562716 -0.65322133
vn 0.85198063 0.12561810 0.50828054
vn 0.85198063 0.12561810 0.50828054
vn 0.85198063 0.12561810 0.50828054
vn -0.22012219 0.12562589 0.96734914
vn -0.22012219 0.12562589 0.96734914
vn -0.22012219 0.12562589 0.96734914
vn -0.98802322 0.12564148 0.08957870
vn -0.98802322 0.12564148 0.08957870
vn -0.98802322 0.12564148 0.08957870
vn -0.02922937 -0.66169819 -0.74920034
vn -0.02922937 -0.66169819 -0.74920034
vn -0.02922937 -0.66169819 -0.74920034
vn 0.70350097 -0.66170109 -0.25930301
vn 0.70350097 -0.66170109 -0.25930301
vn 0.70350097 -0.66170109 -0.25930301
vn 0.46401477 -0.66169767 0.58893675
vn 0.46401477 -0.66169767 0.58893675
vn 0.46401477 -0.66169767 0.58893675
vn -0.41672895 -0.66169025 0.62330009
vn -0.41672895 -0.66169025 0.62330009
vn -0.41672895 -0.66169025 0.62330009
vn -0.72156157 -0.66170227 -0.20371307
vn -0.72156157 -0.66170227 -0.20371307
vn -0.72156157 -0.66170227 -0.20371307
vn -0.32996008 -0.94352079 0.02991439
vn -0.32996008 -0.94352079 0.02991439
vn -0.32996008 -0.94352079 0.02991439
vn -0.60457445 -0.79466050 0.05481257
vn -0.60457445 -0.79466050 0.05481257
vn -0.60457445 -0.79466050 0.05481257
vn -0.67316164 -0.66169295 0.33017549
vn -0.67316164 -0.66169295 0.33017549
vn -0.67316164 -0.66169295 0.33017549
vn -0.07350552 -0.94352351 0.32304847
vn -0.07350552 -0.94352351 0.32304847
vn -0.07350552 -0.94352351 0.32304847
vn -0.13468542 -0.79465855 0.59192705
vn -0.13468542 -0.79465855 0.59192705
vn -0.13468542 -0.79465855 0.59192705
vn 0.10599543 -0.66169829 0.74224009
vn 0.10599543 -0.66169829 0.74224009
vn 0.10599543 -0.66169829 0.74224009
vn 0.28451711 -0.94352501 0.16973676
vn 0.28451711 -0.94352501 0.16973676
vn 0.28451711 -0.94352501 0.16973676
vn 0.52132989 -0.79466058 0.31101399
vn 0.52132989 -0.79466058 0.31101399
vn 0.52132989 -0.79466058 0.31101399
vn 0.73866573 -0.66170052 0.12855097
vn 0.73866573 -0.66170052 0.12855097
vn 0.73866573 -0.66170052 0.12855097
vn 0.24935575 -0.94352412 -0.21813743
vn 0.24935575 -0.94352412 -0.21813743
vn 0.24935575 -0.94352412 -0.21813743
vn 0.45689759 -0.79466199 -0.39969603
vn 0.45689759 -0.79466199 -0.39969603
vn 0.45689759 -0.79466199 -0.39969603
vn 0.35053240 -0.66169946 -0.66278267
vn 0.35053240 -0.66169946 -0.66278267
vn 0.35053240 -0.66169946 -0.66278267
vn -0.13041359 -0.94352202 -0.30456280
vn -0.13041359 -0.94352202 -0.30456280
vn -0.13041359 -0.94352202 -0.30456280
vn -0.23895350 -0.79466018 -0.55804697
vn -0.23895350 -0.79466018 -0.55804697
vn -0.23895350 -0.79466018 -0.55804697
vn -0.52202421 -0.66170138 -0.53818399
vn -0.52202421 -0.66170138 -0.53818399
vn -0.52202421 -0.66170138 -0.53818399
vn -0.92549140 -0.33039132 -0.18522212
vn -0.92549140 -0.33039132 -0.18522212
vn -0.92549140 -0.33039132 -0.18522212
vn -0.97823307 -0.18760047 0.08869113
vn -0.97823307 -0.18760047 0.08869113
vn -0.97823307 -0.18760047 0.08869113
vn -0.87707977 -0.33039741 0.34866694
vn -0.87707977 -0.33039741 0.34866694
vn -0.87707977 -0.33039741 0.34866694
vn -0.46216146 -0.33038377 0.82295404
vn -0.46216146 -0.33038377 0.82295404
vn -0.46216146 -0.33038377 0.82295404
vn -0.21794111 -0.18758846 0.95776419
vn -0.21794111 -0.18758846 0.95776419
vn -0.21794111 -0.18758846 0.95776419
vn 0.06056395 -0.33038638 0.94190066
vn 0.06056395 -0.33038638 0.94190066
vn 0.06056395 -0.33038638 0.94190066
vn 0.63986174 -0.33038303 0.69384725
vn 0.63986174 -0.33038303 0.69384725
vn 0.63986174 -0.33038303 0.69384725
vn 0.84353799 -0.18758815 0.50324382
vn 0.84353799 -0.18758815 0.50324382
vn 0.84353799 -0.18758815 0.50324382
vn 0.91451887 -0.33038290 0.23345742
vn 0.91451887 -0.33038290 0.23345742
vn 0.91451887 -0.33038290 0.23345742
vn 0.85761674 -0.33039385 -0.39412362
vn 0.85761674 -0.33039385 -0.39412362
vn 0.85761674 -0.33039385 -0.39412362
vn 0.73927317 -0.18759558 -0.64674808
vn 0.73927317 -0.18759558 -0.64674808
vn 0.73927317 -0.18759558 -0.64674808
vn 0.50464794 -0.33038486 -0.79760661
vn 0.50464794 -0.33038486 -0.79760661
vn 0.50464794 -0.33038486 -0.79760661
vn -0.10982775 -0.33038731 -0.93743378
vn -0.10982775 -0.33038731 -0.93743378
vn -0.10982775 -0.33038731 -0.93743378
vn -0.38663942 -0.18759211 -0.90295025
vn -0.38663942 -0.18759211 -0.90295025
vn -0.38663942 -0.18759211 -0.90295025
vn -0.60262477 -0.33038944 -0.72642013
vn -0.60262477 -0.33038944 -0.72642013
vn -0.60262477 -0.33038944 -0.72642013
vn -0.74666704 -0.12564203 0.65322462
vn -0.74666704 -0.12564203 0.65322462
vn -0.74666704 -0.12564203 0.65322462
vn -0.73926890 0.18759795 0.64675227
vn -0.73926890 0.18759795 0.64675227
vn -0.73926890 0.18759795 0.64675227
vn -0.50464860 0.33038333 0.79760683
vn -0.50464860 0.33038333 0.79760683
vn -0.50464860 0.33038333 0.79760683
vn 0.39051579 -0.12563432 0.91198324
vn 0.39051579 -0.12563432 0.91198324
vn 0.39051579 -0.12563432 0.91198324
vn 0.38664663 0.18759091 0.90294742
vn 0.38664663 0.18759091 0.90294742
vn 0.38664663 0.18759091 0.90294742
vn 0.60262030 0.33037634 0.72642979
vn 0.60262030 0.33037634 0.72642979
vn 0.60262030 0.33037634 0.72642979
vn 0.98802438 -0.12563771 -0.08957110
vn 0.98802438 -0.12563771 -0.08957110
vn 0.98802438 -0.12563771 -0.08957110
vn 0.97823303 0.18760431 -0.08868350
vn 0.97823303 0.18760431 -0.08868350
vn 0.97823303 0.18760431 -0.08868350
vn 0.87708998 0.33039463 -0.34864387
vn 0.87708998 0.33039463 -0.34864387
vn 0.87708998 0.33039463 -0.34864387
vn 0.22012084 -0.12563170 -0.96734869
vn 0.22012084 -0.12563170 -0.96734869
vn 0.22012084 -0.12563170 -0.96734869
vn 0.21793973 0.18759300 -0.95776361
vn 0.21793973 0.18759300 -0.95776361
vn 0.21793973 0.18759300 -0.95776361
vn -0.06056282 0.33038304 -0.94190190
vn -0.06056282 0.33038304 -0.94190190
vn -0.06056282 0.33038304 -0.94190190
vn -0.85198349 -0.12563585 -0.50827135
vn -0.85198349 -0.12563585 -0.50827135
vn -0.85198349 -0.12563585 -0.50827135
vn -0.84353755 0.18761977 -0.50323278
vn -0.84353755 0.18761977 -0.50323278
vn -0.84353755 0.18761977 -0.50323278
vn -0.91450563 0.33040295 -0.23348091
vn -0.91450563 0.33040295 -0.23348091
vn -0.91450563 0.33040295 -0.23348091
vn -0.70350576 0.66169106 0.25931560
vn -0.70350576 0.66169106 0.25931560
vn -0.70350576 0.66169106 0.25931560
vn -0.45688832 0.79465765 0.39971524
vn -0.45688832 0.79465765 0.39971524
vn -0.45688832 0.79465765 0.39971524
vn -0.35053114 0.66170385 0.66277895
vn -0.35053114 0.66170385 0.66277895
vn -0.35053114 0.66170385 0.66277895
vn 0.02922513 0.66170379 0.74919556
vn 0.02922513 0.66170379 0.74919556
vn 0.02922513 0.66170379 0.74919556
vn 0.23895374 0.79466182 0.55804454
vn 0.23895374 0.79466182 0.55804454
vn 0.23895374 0.79466182 0.55804454
vn 0.52201894 0.66170384 0.53818608
vn 0.52201894 0.66170384 0.53818608
vn 0.52201894 0.66170384 0.53818608
vn 0.72156714 0.66169828 0.20370626
vn 0.72156714 0.66169828 0.20370626
vn 0.72156714 0.66169828 0.20370626
vn 0.60458345 0.79465362 -0.05481311
vn 0.60458345 0.79465362 -0.05481311
vn 0.60458345 0.79465362 -0.05481311
vn 0.67316798 0.66169623 -0.33015599
vn 0.67316798 0.66169623 -0.33015599
vn 0.67316798 0.66169623 -0.33015599
vn -0.73866895 0.66169128 -0.12858008
vn -0.73866895 0.66169128 -0.12858008
vn -0.73866895 0.66169128 -0.12858008
vn -0.52133952 0.79465089 -0.31102262
vn -0.52133952 0.79465089 -0.31102262
vn -0.52133952 0.79465089 -0.31102262
f 2598//2598 2599//2599 2600//2600
f 2601//2601 2602//2602 2603//2603
f 2604//2604 2605//2605 2606//2606
f 2607//2607 2608//2608 2609//2609
f 2610//2610 2611//2611 2612//2612
f 2611//2611 2610//2610 2613//2613
f 2614//2614 2615//2615 2616//2616
f 2617//2617 2618//2618 2619//2619
f 2620//2620 2621//2621 2622//2622
f 2623//2623 2624//2624 2625//2625
f 2626//2626 2627//2627 2628//2628
f 2629//2629 2630//2630 2631//2631
f 2632//2632 2633//2633 2634//2634
f 2635//2635 2636//2636 2637//2637
f 2638//2638 2639//2639 2640//2640
f 2641//2641 2642//2642 2643//2643
f 2644//2644 2645//2645 2646//2646
f 2647//2647 2648//2648 2649//2649
f 2650//2650 2651//2651 2652//2652
f 2653//2653 2654//2654 2655//2655
f 2656//2656 2657//2657 2658//2658
f 2659//2659 2660//2660 2661//2661
f 2662//2662 2663//2663 2664//2664
f 2665//2665 2666//2666 2667//2667
f 2668//2668 2669//2669 2670//2670
f 2671//2671 2672//2672 2673//2673
f 2674//2674 2675//2675 2676//2676
f 2677//2677 2678//2678 2679//2679
f 2680//2680 2681//2681 2682//2682
f 2683//2683 2684//2684 2685//2685
f 2686//2686 2687//2687 2688//2688
f 2689//2689 2690//2690 2691//2691
f 2692//2692 2693//2693 2694//2694
f 2695//2695 2696//2696 2697//2697
f 2698//2698 2699//2699 2700//2700
f 2701//2701 2702//2702 2703//2703
f 2704//2704 2705//2705 2706//2706
f 2707//2707 2708//2708 2709//2709
f 2710//2710 2711//2711 2712//2712
f 2713//2713 2714//2714 2715//2715
f 2716//2716 2717//2717 2718//2718
f 2719//2719 2720//2720 2721//2721
f 2722//2722 2723//2723 2724//2724
f 2725//2725 2726//2726 2727//2727
f 2728//2728 2729//2729 2730//2730
f 2731//2731 2732//2732 2733//2733
f 2734//2734 2735//2735 2736//2736
f 2737//2737 2738//2738 2739//2739
f 2740//2740 2741//2741 2742//2742
f 2743//2743 2744//2744 2745//2745
f 2746//2746 2747//2747 2748//2748
f 2749//2749 2750//2750 2751//2751
f 2752//2752 2753//2753 2754//2754
f 2755//2755 2756//2756 2757//2757
f 2758//2758 2759//2759 2760//2760
f 2761//2761 2762//2762 2763//2763
f 2764//2764 2765//2765 2766//2766
f 2767//2767 2768//2768 2769//2769
f 2770//2770 2771//2771 2772//2772
f 2773//2773 2774//2774 2775//2775
f 2776//2776 2777//2777 2778//2778
f 2779//2779 2780//2780 2781//2781
f 2782//2782 2783//2783 2784//2784
f 2785//2785 2786//2786 2787//2787
f 2788//2788 2789//2789 2790//2790
f 2791//2791 2792//2792 2793//2793
f 2794//2794 2795//2795 2796//2796
f 2797//2797 2798//2798 2799//2799
f 2800//2800 2801//2801 2802//2802
f 2803//2803 2804//2804 2805//2805
f 2806//2806 2807//2807 2808//2808
f 2809//2809 2810//2810 2811//2811
f 2812//2812 2813//2813 2814//2814
f 2815//2815 2816//2816 2817//2817
f 2818//2818 2819//2819 2820//2820
f 2821//2821 2822//2822 2823//2823
f 2824//2824 2825//2825 2826//2826
f 2827//2827 2828//2828 2829//2829
f 2830//2830 2831//2831 2832//2832
f 2833//2833 2834//2834 2835//2835
f 2836//2836 2837//2837 2838//2838
f 2839//2839 2840//2840 2841//2841
f 2842//2842 2843//2843 2844//2844
f 2845//2845 2846//2846 2847//2847
f 2848//2848 2849//2849 2850//2850
f 2851//2851 2852//2852 2853//2853
f 2854//2854 2855//2855 2856//2856
f 2854//2854 2857//2857 2855//2855
f 2858//2858 2859//2859 2860//2860
f 2861//2861 2862//2862 2863//2863
f 2864//2864 2865//2865 2866//2866
f 2867//2867 2868//2868 2869//2869
f 2870//2870 2871//2871 2872//2872
f 2873//2873 2874//2874 2875//2875
f 2876//2876 2877//2877 2878//2878
f 2879//2879 2880//2880 2881//2881
f 2882//2882 2883//2883 2884//2884
f 2885//2885 2886//2886 2887//2887
f 2888//2888 2889//2889 2890//2890
f 2891//2891 2892//2892 2893//2893
f 2894//2894 2895//2895 2896//2896
f 2897//2897 2898//2898 2899//2899
f 2900//2900 2901//2901 2902//2902
f 2903//2903 2904//2904 2905//2905
f 2906//2906 2907//2907 2908//2908
f 2909//2909 2910//2910 2911//2911
f 2912//2912 2913//2913 2914//2914
f 2915//2915 2916//2916 2917//2917
f 2918//2918 2919//2919 2920//2920
f 2921//2921 2922//2922 2923//2923
f 2924//2924 2925//2925 2926//2926
f 2927//2927 2928//2928 2929//2929
f 2930//2930 2931//2931 2932//2932
f 2933//2933 2934//2934 2935//2935
f 2936//2936 2937//2937 2938//2938
f 2939//2939 2940//2940 2941//2941
f 2942//2942 2943//2943 2944//2944
f 2945//2945 2946//2946 2947//2947
f 2948//2948 2949//2949 2950//2950
f 2951//2951 2952//2952 2953//2953
f 2954//2954 2955//2955 2956//2956
f 2957//2957 2958//2958 2959//2959
f 2960//2960 2961//2961 2962//2962
f 2963//2963 2964//2964 2965//2965
f 2966//2966 2967//2967 2968//2968
f 2969//2969 2970//2970 2971//2971
f 2972//2972 2973//2973 2974//2974
f 2975//2975 2976//2976 2977//2977
f 2978//2978 2979//2979 2980//2980
f 2981//2981 2982//2982 2983//2983
f 2984//2984 2985//2985 2986//2986
f 2987//2987 2988//2988 2989//2989
f 2990//2990 2991//2991 2992//2992
f 2993//2993 2994//2994 2995//2995
f 2996//2996 2997//2997 2998//2998
f 2999//2999 3000//3000 3001//3001
f 3002//3002 3003//3003 3004//3004
f 3005//3005 3006//3006 3007//3007
f 3008//3008 3009//3009 3010//3010
f 3011//3011 3012//3012 3013//3013
f 3014//3014 3015//3015 3016//3016
f 3017//3017 3018//3018 3019//3019
f 3020//3020 3021//3021 3022//3022
f 3023//3023 3024//3024 3025//3025
f 3026//3026 3027//3027 3028//3028
f 3029//3029 3030//3030 3031//3031
f 3032//3032 3033//3033 3034//3034
f 3035//3035 3036//3036 3037//3037
f 3038//3038 3039//3039 3040//3040
f 3041//3041 3042//3042 3043//3043
f 3044//3044 3045//3045 3046//3046
f 3047//3047 3048//3048 3049//3049
f 3050//3050 3051//3051 3052//3052
f 3053//3053 3054//3054 3055//3055
f 3056//3056 3057//3057 3058//3058
f 3059//3059 3060//3060 3061//3061
f 3062//3062 3063//3063 3064//3064
f 3065//3065 3066//3066 3067//3067
f 3068//3068 3069//3069 3070//3070
f 3071//3071 3072//3072 3073//3073
f 3074//3074 3075//3075 3076//3076
f 3077//3077 3078//3078 3079//3079
f 3080//3080 3081//3081 3082//3082
f 3083//3083 3084//3084 3085//3085
f 3086//3086 3087//3087 3088//3088
f 3089//3089 3090//3090 3091//3091
f 3092//3092 3093//3093 3094//3094
f 3095//3095 3096//3096 3097//3097
f 3098//3098 3099//3099 3100//3100
f 3101//3101 3098//3098 3100//3100
f 3102//3102 3103//3103 3104//3104
f 3105//3105 3106//3106 3107//3107
f 3108//3108 3109//3109 3110//3110
f 3111//3111 3112//3112 3113//3113
f 3114//3114 3115//3115 3116//3116
f 3117//3117 3118//3118 3119//3119
f 3120//3120 3121//3121 3122//3122
f 3123//3123 3124//3124 3125//3125
f 3126//3126 3127//3127 3128//3128
f 3129//3129 3130//3130 3131//3131
f 3132//3132 3133//3133 3134//3134
f 3135//3135 3136//3136 3137//3137
f 3138//3138 3139//3139 3140//3140
f 3141//3141 3142//3142 3143//3143
f 3144//3144 3145//3145 3146//3146
f 3147//3147 3148//3148 3149//3149
f 3150//3150 3151//3151 3152//3152
f 3153//3153 3154//3154 3155//3155
f 3156//3156 3157//3157 3158//3158
f 3159//3159 3160//3160 3161//3161
f 3162//3162 3163//3163 3164//3164
f 3165//3165 3166//3166 3167//3167
f 3168//3168 3169//3169 3170//3170
f 3171//3171 3172//3172 3173//3173
f 3174//3174 3175//3175 3176//3176
f 3177//3177 3178//3178 3179//3179
f 3180//3180 3181//3181 3182//3182
f 3183//3183 3184//3184 3185//3185
f 3186//3186 3187//3187 3188//3188
f 3189//3189 3190//3190 3191//3191
f 3192//3192 3193//3193 3194//3194
f 3195//3195 3196//3196 3197//3197
f 3198//3198 3199//3199 3200//3200
f 3201//3201 3202//3202 3203//3203
f 3204//3204 3205//3205 3206//3206
f 3207//3207 3208//3208 3209//3209
f 3210//3210 3211//3211 3212//3212
f 3213//3213 3214//3214 3215//3215
f 3216//3216 3217//3217 3218//3218
f 3219//3219 3220//3220 3221//3221
f 3222//3222 3223//3223 3224//3224
f 3225//3225 3226//3226 3227//3227
f 3228//3228 3229//3229 3230//3230
f 3231//3231 3232//3232 3233//3233
f 3234//3234 3235//3235 3236//3236
f 3237//3237 3238//3238 3239//3239
f 3240//3240 3241//3241 3242//3242
f 3243//3243 3244//3244 3245//3245
f 3246//3246 3247//3247 3248//3248
f 3249//3249 3250//3250 3251//3251
f 3252//3252 3253//3253 3254//3254
f 3255//3255 3256//3256 3257//3257
f 3258//3258 3259//3259 3260//3260
f 3261//3261 3262//3262 3263//3263
f 3264//3264 3265//3265 3266//3266
f 3267//3267 3268//3268 3269//3269
f 3270//3270 3271//3271 3272//3272
f 3273//3273 3274//3274 3275//3275
f 3276//3276 3277//3277 3278//3278
f 3279//3279 3280//3280 3281//3281
f 3282//3282 3283//3283 3284//3284
f 3285//3285 3286//3286 3287//3287
f 3288//3288 3289//3289 3290//3290
f 3291//3291 3292//3292 3293//3293
f 3294//3294 3295//3295 3296//3296
f 3297//3297 3298//3298 3299//3299
f 3300//3300 3301//3301 3302//3302
f 3303//3303 3304//3304 3305//3305
f 3306//3306 3307//3307 3308//3308
f 3309//3309 3310//3310 3311//3311
f 3312//3312 3313//3313 3314//3314
f 3315//3315 3316//3316 3317//3317
f 3318//3318 3319//3319 3320//3320
f 3321//3321 3322//3322 3323//3323
f 3324//3324 3325//3325 3326//3326
f 3327//3327 3328//3328 3329//3329
f 3330//3330 3331//3331 3332//3332
f 3333//3333 3334//3334 3335//3335
f 3336//3336 3337//3337 3338//3338
f 3339//3339 3340//3340 3341//3341
f 3342//3342 3343//3343 3344//3344
f 3343//3343 3342//3342 3345//3345
f 3346//3346 3347//3347 3348//3348
f 3349//3349 3350//3350 3351//3351
f 3352//3352 3353//3353 3354//3354
f 3355//3355 3356//3356 3357//3357
f 3358//3358 3359//3359 3360//3360
f 3361//3361 3362//3362 3363//3363
f 3364//3364 3365//3365 3366//3366
f 3367//3367 3368//3368 3369//3369
f 3370//3370 3371//3371 3372//3372
f 3373//3373 3374//3374 3375//3375
f 3376//3376 3377//3377 3378//3378
f 3379//3379 3380//3380 3381//3381
f 3382//3382 3383//3383 3384//3384
f 3385//3385 3386//3386 3387//3387
f 3388//3388 3389//3389 3390//3390
f 3391//3391 3392//3392 3393//3393
f 3394//3394 3395//3395 3396//3396
f 3397//3397 3398//3398 3399//3399
f 3400//3400 3401//3401 3402//3402
f 3403//3403 3404//3404 3405//3405
f 3406//3406 3407//3407 3408//3408
f 3409//3409 3410//3410 3411//3411
f 3412//3412 3413//3413 3414//3414
f 3415//3415 3416//3416 3417//3417
f 3418//3418 3419//3419 3420//3420
f 3421//3421 3422//3422 3423//3423
f 3424//3424 3425//3425 3426//3426
f 3427//3427 3428//3428 3429//3429
f 3430//3430 3431//3431 3432//3432
f 3433//3433 3434//3434 3435//3435
f 3436//3436 3437//3437 3438//3438
f 3439//3439 3440//3440 3441//3441
f 3442//3442 3443//3443 3444//3444
f 3445//3445 3446//3446 3447//3447
f 3448//3448 3449//3449 3450//3450
f 3451//3451 3452//3452 3453//3453
f 3454//3454 3455//3455 3456//3456
f 3457//3457 3458//3458 3459//3459
f 3460//3460 3461//3461 3462//3462
f 3463//3463 3464//3464 3465//3465
f 3466//3466 3467//3467 3468//3468
f 3469//3469 3470//3470 3471//3471
f 3472//3472 3473//3473 3474//3474
f 3475//3475 3476//3476 3477//3477
f 3478//3478 3479//3479 3480//3480
f 3481//3481 3482//3482 3483//3483
f 3484//3484 3485//3485 3486//3486
f 3487//3487 3488//3488 3489//3489
f 3490//3490 3491//3491 3492//3492
f 3493//3493 3494//3494 3495//3495
f 3496//3496 3497//3497 3498//3498
f 3499//3499 3500//3500 3501//3501
f 3502//3502 3503//3503 3504//3504
f 3505//3505 3506//3506 3507//3507
f 3508//3508 3509//3509 3510//3510
f 3511//3511 3512//3512 3513//3513
f 3514//3514 3515//3515 3516//3516
f 3517//3517 3518//3518 3519//3519
f 3520//3520 3521//3521 3522//3522
f 3523//3523 3524//3524 3525//3525
f 3526//3526 3527//3527 3528//3528
f 3529//3529 3530//3530 3531//3531
f 3532//3532 3533//3533 3534//3534
f 3535//3535 3536//3536 3537//3537
f 3538//3538 3539//3539 3540//3540
f 3541//3541 3542//3542 3543//3543
f 3544//3544 3545//3545 3546//3546
f 3547//3547 3548//3548 3549//3549
f 3550//3550 3551//3551 3552//3552
f 3553//3553 3554//3554 3555//3555
f 3556//3556 3557//3557 3558//3558
f 3559//3559 3560//3560 3561//3561
f 3562//3562 3563//3563 3564//3564
f 3565//3565 3566//3566 3567//3567
f 3568//3568 3569//3569 3570//3570
f 3571//3571 3572//3572 3573//3573
f 3574//3574 3575//3575 3576//3576
f 3577//3577 3578//3578 3579//3579
f 3580//3580 3581//3581 3582//3582
f 3583//3583 3584//3584 3585//3585
f 3586//3586 3587//3587 3588//3588
f 3587//3587 3586//3586 3589//3589
f 3590//3590 3591//3591 3592//3592
f 3593//3593 3594//3594 3595//3595
f 3596//3596 3597//3597 3598//3598
f 3599//3599 3600//3600 3601//3601
f 3602//3602 3603//3603 3604//3604
f 3605//3605 3606//3606 3607//3607
f 3608//3608 3609//3609 3610//3610
f 3611//3611 3612//3612 3613//3613
f 3614//3614 3615//3615 3616//3616
f 3617//3617 3618//3618 3619//3619
f 3620//3620 3621//3621 3622//3622
f 3623//3623 3624//3624 3625//3625
f 3626//3626 3627//3627 3628//3628
f 3629//3629 3630//3630 3631//3631
f 3632//3632 3633//3633 3634//3634
f 3635//3635 3636//3636 3637//3637
f 3638//3638 3639//3639 3640//3640
f 3641//3641 3642//3642 3643//3643
f 3644//3644 3645//3645 3646//3646
f 3647//3647 3648//3648 3649//3649
f 3650//3650 3651//3651 3652//3652
f 3653//3653 3654//3654 3655//3655
f 3656//3656 3657//3657 3658//3658
f 3659//3659 3660//3660 3661//3661
f 3662//3662 3663//3663 3664//3664
f 3665//3665 3666//3666 3667//3667
f 3668//3668 3669//3669 3670//3670
f 3671//3671 3672//3672 3673//3673
f 3674//3674 3675//3675 3676//3676
f 3677//3677 3678//3678 3679//3679
f 3680//3680 3681//3681 3682//3682
f 3683//3683 3684//3684 3685//3685
f 3686//3686 3687//3687 3688//3688
f 3689//3689 3690//3690 3691//3691
f 3692//3692 3693//3693 3694//3694
f 3695//3695 3696//3696 3697//3697
f 3698//3698 3699//3699 3700//3700
f 3701//3701 3702//3702 3703//3703
f 3704//3704 3705//3705 3706//3706
f 3707//3707 3708//3708 3709//3709
f 3710//3710 3711//3711 3712//3712
f 3713//3713 3714//3714 3715//3715
f 3716//3716 3717//3717 3718//3718
f 3719//3719 3720//3720 3721//3721
f 3722//3722 3723//3723 3724//3724
f 3725//3725 3726//3726 3727//3727
f 3728//3728 3729//3729 3730//3730
f 3731//3731 3732//3732 3733//3733
f 3734//3734 3735//3735 3736//3736
f 3737//3737 3738//3738 3739//3739
f 3740//3740 3741//3741 3742//3742
f 3743//3743 3744//3744 3745//3745
f 3746//3746 3747//3747 3748//3748
f 3749//3749 3750//3750 3751//3751
f 3752//3752 3753//3753 3754//3754
f 3755//3755 3756//3756 3757//3757
f 3758//3758 3759//3759 3760//3760
f 3761//3761 3762//3762 3763//3763
f 3764//3764 3765//3765 3766//3766
f 3767//3767 3768//3768 3769//3769
f 3770//3770 3771//3771 3772//3772
f 3773//3773 3774//3774 3775//3775
f 3776//3776 3777//3777 3778//3778
f 3779//3779 3780//3780 3781//3781
f 3782//3782 3783//3783 3784//3784
f 3785//3785 3786//3786 3787//3787
f 3788//3788 3789//3789 3790//3790
f 3791//3791 3792//3792 3793//3793
f 3794//3794 3795//3795 3796//3796
f 3797//3797 3798//3798 3799//3799
f 3800//3800 3801//3801 3802//3802
f 3803//3803 3804//3804 3805//3805
f 3806//3806 3807//3807 3808//3808
f 3809//3809 3810//3810 3811//3811
f 3812//3812 3813//3813 3814//3814
f 3815//3815 3816//3816 3817//3817
f 3818//3818 3819//3819 3820//3820
f 3821//3821 3822//3822 3823//3823
f 3824//3824 3825//3825 3826//3826
f 3827//3827 3828//3828 3829//3829
f 3830//3830 3831//3831 3832//3832
f 3830//3830 3832//3832 3833//3833
f 3834//3834 3835//3835 3836//3836
f 3837//3837 3838//3838 3839//3839
f 3840//3840 3841//3841 3842//3842
f 3843//3843 3844//3844 3845//3845
f 3846//3846 3847//3847 3848//3848
f 3849//3849 3850//3850 3851//3851
f 3852//3852 3853//3853 3854//3854
f 3855//3855 3856//3856 3857//3857
f 3858//3858 3859//3859 3860//3860
f 3861//3861 3862//3862 3863//3863
f 3864//3864 3865//3865 3866//3866
f 3867//3867 3868//3868 3869//3869
f 3870//3870 3871//3871 3872//3872
f 3873//3873 3874//3874 3875//3875
f 3876//3876 3877//3877 3878//3878
f 3879//3879 3880//3880 3881//3881
f 3882//3882 3883//3883 3884//3884
f 3885//3885 3886//3886 3887//3887
f 3888//3888 3889//3889 3890//3890
f 3891//3891 3892//3892 3893//3893
f 3894//3894 3895//3895 3896//3896
f 3897//3897 3898//3898 3899//3899
f 3900//3900 3901//3901 3902//3902
f 3903//3903 3904//3904 3905//3905
f 3906//3906 3907//3907 3908//3908
f 3909//3909 3910//3910 3911//3911
f 3912//3912 3913//3913 3914//3914
f 3915//3915 3916//3916 3917//3917
f 3918//3918 3919//3919 3920//3920
f 3921//3921 3922//3922 3923//3923
f 3924//3924 3925//3925 3926//3926
f 3927//3927 3928//3928 3929//3929
f 3930//3930 3931//3931 3932//3932
f 3933//3933 3934//3934 3935//3935
f 3936//3936 3937//3937 3938//3938
f 3939//3939 3940//3940 3941//3941
f 3942//3942 3943//3943 3944//3944
f 3945//3945 3946//3946 3947//3947
f 3948//3948 3949//3949 3950//3950
f 3951//3951 3952//3952 3953//3953
f 3954//3954 3955//3955 3956//3956
f 3957//3957 3958//3958 3959//3959
f 3960//3960 3961//3961 3962//3962
f 3963//3963 3964//3964 3965//3965
f 3966//3966 3967//3967 3968//3968
f 3969//3969 3970//3970 3971//3971
f 3972//3972 3973//3973 3974//3974
f 3975//3975 3976//3976 3977//3977
f 3978//3978 3979//3979 3980//3980
f 3981//3981 3982//3982 3983//3983
f 3984//3984 3985//3985 3986//3986
f 3987//3987 3988//3988 3989//3989
f 3990//3990 3991//3991 3992//3992
f 3993//3993 3994//3994 3995//3995
f 3996//3996 3997//3997 3998//3998
f 3999//3999 4000//4000 4001//4001
f 4002//4002 4003//4003 4004//4004
f 4005//4005 4006//4006 4007//4007
f 4008//4008 4009//4009 4010//4010
f 4011//4011 4012//4012 4013//4013
f 4014//4014 4015//4015 4016//4016
f 4017//4017 4018//4018 4019//4019
f 4020//4020 4021//4021 4022//4022
f 4023//4023 4024//4024 4025//4025
f 4026//4026 4027//4027 4028//4028
f 4029//4029 4030//4030 4031//4031
f 4032//4032 4033//4033 4034//4034
f 4035//4035 4036//4036 4037//4037
f 4038//4038 4039//4039 4040//4040
f 4041//4041 4042//4042 4043//4043
f 4044//4044 4045//4045 4046//4046
f 4047//4047 4048//4048 4049//4049
f 4050//4050 4051//4051 4052//4052
f 4053//4053 4054//4054 4055//4055
f 4056//4056 4057//4057 4058//4058
f 4059//4059 4060//4060 4061//4061
f 4062//4062 4063//4063 4064//4064
f 4065//4065 4066//4066 4067//4067
f 4068//4068 4069//4069 4070//4070
f 4071//4071 4072//4072 4073//4073
f 4074//4074 4075//4075 4076//4076
f 4077//4077 4074//4074 4076//4076
f 4078//4078 4079//4079 4080//4080
f 4081//4081 4082//4082 4083//4083
f 4084//4084 4085//4085 4086//4086
f 4087//4087 4088//4088 4089//4089
f 4090//4090 4091//4091 4092//4092
f 4093//4093 4094//4094 4095//4095
f 4096//4096 4097//4097 4098//4098
f 4099//4099 4100//4100 4101//4101
f 4102//4102 4103//4103 4104//4104
f 4105//4105 4106//4106 4107//4107
f 4108//4108 4109//4109 4110//4110
f 4111//4111 4112//4112 4113//4113
f 4114//4114 4115//4115 4116//4116
f 4117//4117 4118//4118 4119//4119
f 4120//4120 4121//4121 4122//4122
f 4123//4123 4124//4124 4125//4125
f 4126//4126 4127//4127 4128//4128
f 4129//4129 4130//4130 4131//4131
f 4132//4132 4133//4133 4134//4134
f 4135//4135 4136//4136 4137//4137
f 4138//4138 4139//4139 4140//4140
f 4141//4141 4142//4142 4143//4143
f 4144//4144 4145//4145 4146//4146
f 4147//4147 4148//4148 4149//4149
f 4150//4150 4151//4151 4152//4152
f 4153//4153 4154//4154 4155//4155
f 4156//4156 4157//4157 4158//4158
f 4159//4159 4160//4160 4161//4161
f 4162//4162 4163//4163 4164//4164
f 4165//4165 4166//4166 4167//4167
f 4168//4168 4169//4169 4170//4170
f 4171//4171 4172//4172 4173//4173
f 4174//4174 4175//4175 4176//4176
f 4177//4177 4178//4178 4179//4179
f 4180//4180 4181//4181 4182//4182
f 4183//4183 4184//4184 4185//4185
f 4186//4186 4187//4187 4188//4188
f 4189//4189 4190//4190 4191//4191
f 4192//4192 4193//4193 4194//4194
f 4195//4195 4196//4196 4197//4197
f 4198//4198 4199//4199 4200//4200
f 4201//4201 4202//4202 4203//4203
f 4204//4204 4205//4205 4206//4206
f 4207//4207 4208//4208 4209//4209
f 4210//4210 4211//4211 4212//4212
f 4213//4213 4214//4214 4215//4215
f 4216//4216 4217//4217 4218//4218
f 4219//4219 4220//4220 4221//4221
f 4222//4222 4223//4223 4224//4224
f 4225//4225 4226//4226 4227//4227
f 4228//4228 4229//4229 4230//4230
f 4231//4231 4232//4232 4233//4233
f 4234//4234 4235//4235 4236//4236
f 4237//4237 4238//4238 4239//4239
f 4240//4240 4241//4241 4242//4242
f 4243//4243 4244//4244 4245//4245
f 4246//4246 4247//4247 4248//4248
f 4249//4249 4250//4250 4251//4251
f 4252//4252 4253//4253 4254//4254
f 4255//4255 4256//4256 4257//4257
f 4258//4258 4259//4259 4260//4260
f 4261//4261 4262//4262 4263//4263
f 4264//4264 4265//4265 4266//4266
f 4267//4267 4268//4268 4269//4269
f 4270//4270 4271//4271 4272//4272
f 4273//4273 4274//4274 4275//4275
f 4276//4276 4277//4277 4278//4278
f 4279//4279 4280//4280 4281//4281
f 4282//4282 4283//4283 4284//4284
f 4285//4285 4286//4286 4287//4287
f 4288//4288 4289//4289 4290//4290
f 4291//4291 4292//4292 4293//4293
f 4294//4294 4295//4295 4296//4296
f 4297//4297 4298//4298 4299//4299
f 4300//4300 4301//4301 4302//4302
f 4303//4303 4304//4304 4305//4305
f 4306//4306 4307//4307 4308//4308
f 4309//4309 4310//4310 4311//4311
f 4312//4312 4313//4313 4314//4314
f 4315//4315 4316//4316 4317//4317
f 4318//4318 4319//4319 4320//4320
f 4319//4319 4318//4318 4321//4321
f 4322//4322 4323//4323 4324//4324
f 4325//4325 4326//4326 4327//4327
f 4328//4328 4329//4329 4330//4330
f 4331//4331 4332//4332 4333//4333
f 4334//4334 4335//4335 4336//4336
f 4337//4337 4338//4338 4339//4339
f 4340//4340 4341//4341 4342//4342
f 4343//4343 4344//4344 4345//4345
f 4346//4346 4347//4347 4348//4348
f 4349//4349 4350//4350 4351//4351
f 4352//4352 4353//4353 4354//4354
f 4355//4355 4356//4356 4357//4357
f 4358//4358 4359//4359 4360//4360
f 4361//4361 4362//4362 4363//4363
f 4364//4364 4365//4365 4366//4366
f 4367//4367 4368//4368 4369//4369
f 4370//4370 4371//4371 4372//4372
f 4373//4373 4374//4374 4375//4375
f 4376//4376 4377//4377 4378//4378
f 4379//4379 4380//4380 4381//4381
f 4382//4382 4383//4383 4384//4384
f 4385//4385 4386//4386 4387//4387
f 4388//4388 4389//4389 4390//4390
f 4391//4391 4392//4392 4393//4393
f 4394//4394 4395//4395 4396//4396
f 4397//4397 4398//4398 4399//4399
f 4400//4400 4401//4401 4402//4402
f 4403//4403 4404//4404 4405//4405
f 4406//4406 4407//4407 4408//4408
f 4409//4409 4410//4410 4411//4411
f 4412//4412 4413//4413 4414//4414
f 4415//4415 4416//4416 4417//4417
f 4418//4418 4419//4419 4420//4420
f 4421//4421 4422//4422 4423//4423
f 4424//4424 4425//4425 4426//4426
f 4427//4427 4428//4428 4429//4429
f 4430//4430 4431//4431 4432//4432
f 4433//4433 4434//4434 4435//4435
f 4436//4436 4437//4437 4438//4438
f 4439//4439 4440//4440 4441//4441
f 4442//4442 4443//4443 4444//4444
f 4445//4445 4446//4446 4447//4447
f 4448//4448 4449//4449 4450//4450
f 4451//4451 4452//4452 4453//4453
f 4454//4454 4455//4455 4456//4456
f 4457//4457 4458//4458 4459//4459
f 4460//4460 4461//4461 4462//4462
f 4463//4463 4464//4464 4465//4465
f 4466//4466 4467//4467 4468//4468
f 4469//4469 4470//4470 4471//4471
f 4472//4472 4473//4473 4474//4474
f 4475//4475 4476//4476 4477//4477
f 4478//4478 4479//4479 4480//4480
f 4481//4481 4482//4482 4483//4483
f 4484//4484 4485//4485 4486//4486
f 4487//4487 4488//4488 4489//4489
f 4490//4490 4491//4491 4492//4492
f 4493//4493 4494//4494 4495//4495
f 4496//4496 4497//4497 4498//4498
f 4499//4499 4500//4500 4501//4501
f 4502//4502 4503//4503 4504//4504
f 4505//4505 4506//4506 4507//4507
f 4508//4508 4509//4509 4510//4510
f 4511//4511 4512//4512 4513//4513
f 4514//4514 4515//4515 4516//4516
f 4517//4517 4518//4518 4519//4519
f 4520//4520 4521//4521 4522//4522
f 4523//4523 4524//4524 4525//4525
f 4526//4526 4527//4527 4528//4528
f 4529//4529 4530//4530 4531//4531
f 4532//4532 4533//4533 4534//4534
f 4535//4535 4536//4536 4537//4537
f 4538//4538 4539//4539 4540//4540
f 4541//4541 4542//4542 4543//4543
f 4544//4544 4545//4545 4546//4546
f 4547//4547 4548//4548 4549//4549
f 4550//4550 4551//4551 4552//4552
f 4553//4553 4554//4554 4555//4555
f 4556//4556 4557//4557 4558//4558
f 4559//4559 4560//4560 4561//4561
f 4562//4562 4563//4563 4564//4564
f 4563//4563 4562//4562 4565//4565
f 4566//4566 4567//4567 4568//4568
f 4569//4569 4570//4570 4571//4571
f 4572//4572 4573//4573 4574//4574
f 4575//4575 4576//4576 4577//4577
f 4578//4578 4579//4579 4580//4580
f 4581//4581 4582//4582 4583//4583
f 4584//4584 4585//4585 4586//4586
f 4587//4587 4588//4588 4589//4589
f 4590//4590 4591//4591 4592//4592
f 4593//4593 4594//4594 4595//4595
f 4596//4596 4597//4597 4598//4598
f 4599//4599 4600//4600 4601//4601
f 4602//4602 4603//4603 4604//4604
f 4605//4605 4606//4606 4607//4607
f 4608//4608 4609//4609 4610//4610
f 4611//4611 4612//4612 4613//4613
f 4614//4614 4615//4615 4616//4616
f 4617//4617 4618//4618 4619//4619
f 4620//4620 4621//4621 4622//4622
f 4623//4623 4624//4624 4625//4625
f 4626//4626 4627//4627 4628//4628
f 4629//4629 4630//4630 4631//4631
f 4632//4632 4633//4633 4634//4634
f 4635//4635 4636//4636 4637//4637
f 4638//4638 4639//4639 4640//4640
f 4641//4641 4642//4642 4643//4643
f 4644//4644 4645//4645 4646//4646
f 4647//4647 4648//4648 4649//4649
f 4650//4650 4651//4651 4652//4652
f 4653//4653 4654//4654 4655//4655
f 4656//4656 4657//4657 4658//4658
f 4659//4659 4660//4660 4661//4661
f 4662//4662 4663//4663 4664//4664
f 4665//4665 4666//4666 4667//4667
f 4668//4668 4669//4669 4670//4670
f 4671//4671 4672//4672 4673//4673
f 4674//4674 4675//4675 4676//4676
f 4677//4677 4678//4678 4679//4679
f 4680//4680 4681//4681 4682//4682
f 4683//4683 4684//4684 4685//4685
f 4686//4686 4687//4687 4688//4688
f 4689//4689 4690//4690 4691//4691
f 4692//4692 4693//4693 4694//4694
f 4695//4695 4696//4696 4697//4697
f 4698//4698 4699//4699 4700//4700
f 4701//4701 4702//4702 4703//4703
f 4704//4704 4705//4705 4706//4706
f 4707//4707 4708//4708 4709//4709
f 4710//4710 4711//4711 4712//4712
f 4713//4713 4714//4714 4715//4715
f 4716//4716 4717//4717 4718//4718
f 4719//4719 4720//4720 4721//4721
f 4722//4722 4723//4723 4724//4724
f 4725//4725 4726//4726 4727//4727
f 4728//4728 4729//4729 4730//4730
f 4731//4731 4732//4732 4733//4733
f 4734//4734 4735//4735 4736//4736
f 4737//4737 4738//4738 4739//4739
f 4740//4740 4741//4741 4742//4742
f 4743//4743 4744//4744 4745//4745
f 4746//4746 4747//4747 4748//4748
f 4749//4749 4750//4750 4751//4751
f 4752//4752 4753//4753 4754//4754
f 4755//4755 4756//4756 4757//4757
f 4758//4758 4759//4759 4760//4760
f 4761//4761 4762//4762 4763//4763
f 4764//4764 4765//4765 4766//4766
f 4767//4767 4768//4768 4769//4769
f 4770//4770 4771//4771 4772//4772
f 4773//4773 4774//4774 4775//4775
f 4776//4776 4777//4777 4778//4778
f 4779//4779 4780//4780 4781//4781
f 4782//4782 4783//4783 4784//4784
f 4785//4785 4786//4786 4787//4787
f 4788//4788 4789//4789 4790//4790
f 4791//4791 4792//4792 4793//4793
f 4794//4794 4795//4795 4796//4796
f 4794//4794 4795//4795 4796//4796
f 4797//4797 4798//4798 4799//4799
f 4797//4797 4798//4798 4799//4799
f 4800//4800 4801//4801 4802//4802
f 4800//4800 4801//4801 4802//4802
f 4803//4803 4804//4804 4805//4805
f 4803//4803 4804//4804 4805//4805
f 4806//4806 4807//4807 4808//4808
f 4806//4806 4807//4807 4808//4808
f 4806//4806 4808//4808 4809//4809
f 4806//4806 4808//4808 4809//4809
f 4810//4810 4811//4811 4812//4812
f 4810//4810 4811//4811 4812//4812
f 4813//4813 4814//4814 4815//4815
f 4813//4813 4814//4814 4815//4815
f 4816//4816 4817//4817 4818//4818
f 4816//4816 4817//4817 4818//4818
f 4819//4819 4820//4820 4821//4821
f 4819//4819 4820//4820 4821//4821
f 4822//4822 4823//4823 4824//4824
f 4822//4822 4823//4823 4824//4824
f 4825//4825 4826//4826 4827//4827
f 4825//4825 4826//4826 4827//4827
f 4828//4828 4829//4829 4830//4830
f 4828//4828 4829//4829 4830//4830
f 4831//4831 4832//4832 4833//4833
f 4831//4831 4832//4832 4833//4833
f 4834//4834 4835//4835 4836//4836
f 4834//4834 4835//4835 4836//4836
f 4837//4837 4838//4838 4839//4839
f 4837//4837 4838//4838 4839//4839
f 4840//4840 4841//4841 4842//4842
f 4840//4840 4841//4841 4842//4842
f 4843//4843 4844//4844 4845//4845
f 4843//4843 4844//4844 4845//4845
f 4846//4846 4847//4847 4848//4848
f 4846//4846 4847//4847 4848//4848
f 4849//4849 4850//4850 4851//4851
f 4849//4849 4850//4850 4851//4851
f 4852//4852 4853//4853 4854//4854
f 4852//4852 4853//4853 4854//4854
f 4855//4855 4856//4856 4857//4857
f 4855//4855 4856//4856 4857//4857
f 4858//4858 4859//4859 4860//4860
f 4858//4858 4859//4859 4860//4860
f 4861//4861 4862//4862 4863//4863
f 4861//4861 4862//4862 4863//4863
f 4864//4864 4865//4865 4866//4866
f 4864//4864 4865//4865 4866//4866
f 4867//4867 4868//4868 4869//4869
f 4867//4867 4868//4868 4869//4869
f 4870//4870 4871//4871 4872//4872
f 4870//4870 4871//4871 4872//4872
f 4873//4873 4874//4874 4875//4875
f 4873//4873 4874//4874 4875//4875
f 4876//4876 4877//4877 4878//4878
f 4876//4876 4877//4877 4878//4878
f 4879//4879 4880//4880 4881//4881
f 4879//4879 4880//4880 4881//4881
f 4882//4882 4883//4883 4884//4884
f 4882//4882 4883//4883 4884//4884
f 4885//4885 4886//4886 4887//4887
f 4885//4885 4886//4886 4887//4887
f 4888//4888 4889//4889 4890//4890
f 4888//4888 4889//4889 4890//4890
f 4891//4891 4892//4892 4893//4893
f 4891//4891 4892//4892 4893//4893
f 4894//4894 4895//4895 4896//4896
f 4894//4894 4895//4895 4896//4896
f 4897//4897 4898//4898 4899//4899
f 4897//4897 4898//4898 4899//4899
f 4900//4900 4901//4901 4902//4902
f 4900//4900 4901//4901 4902//4902
f 4903//4903 4904//4904 4905//4905
f 4903//4903 4904//4904 4905//4905
f 4906//4906 4907//4907 4908//4908
f 4906//4906 4907//4907 4908//4908
f 4909//4909 4910//4910 4911//4911
f 4909//4909 4910//4910 4911//4911
f 4912//4912 4913//4913 4914//4914
f 4912//4912 4913//4913 4914//4914
f 4915//4915 4916//4916 4917//4917
f 4915//4915 4916//4916 4917//4917
f 4918//4918 4919//4919 4920//4920
f 4918//4918 4919//4919 4920//4920
f 4921//4921 4922//4922 4923//4923
f 4921//4921 4922//4922 4923//4923
f 4924//4924 4925//4925 4926//4926
f 4924//4924 4925//4925 4926//4926
f 4927//4927 4928//4928 4929//4929
f 4927//4927 4928//4928 4929//4929
f 4930//4930 4931//4931 4932//4932
f 4930//4930 4931//4931 4932//4932
f 4933//4933 4934//4934 4935//4935
f 4933//4933 4934//4934 4935//4935
f 4936//4936 4937//4937 4938//4938
f 4936//4936 4937//4937 4938//4938
f 4939//4939 4940//4940 4941//4941
f 4939//4939 4940//4940 4941//4941
f 4942//4942 4943//4943 4944//4944
f 4942//4942 4943//4943 4944//4944
f 4945//4945 4946//4946 4947//4947
f 4945//4945 4946//4946 4947//4947
f 4948//4948 4949//4949 4950//4950
f 4948//4948 4949//4949 4950//4950
f 4951//4951 4952//4952 4953//4953
f 4951//4951 4952//4952 4953//4953
f 4954//4954 4955//4955 4956//4956
f 4954//4954 4955//4955 4956//4956
f 4957//4957 4958//4958 4959//4959
f 4957//4957 4958//4958 4959//4959
f 4960//4960 4961//4961 4962//4962
f 4960//4960 4961//4961 4962//4962
f 4963//4963 4964//4964 4965//4965
f 4963//4963 4964//4964 4965//4965
f 4966//4966 4967//4967 4968//4968
f 4966//4966 4967//4967 4968//4968
f 4969//4969 4970//4970 4971//4971
f 4969//4969 4970//4970 4971//4971
f 4972//4972 4973//4973 4974//4974
f 4972//4972 4973//4973 4974//4974
f 4975//4975 4976//4976 4977//4977
f 4975//4975 4976//4976 4977//4977
f 4978//4978 4979//4979 4980//4980
f 4978//4978 4979//4979 4980//4980
f 4981//4981 4982//4982 4983//4983
f 4981//4981 4982//4982 4983//4983
f 4984//4984 4985//4985 4986//4986
f 4984//4984 4985//4985 4986//4986
f 4987//4987 4988//4988 4989//4989
f 4987//4987 4988//4988 4989//4989
f 4990//4990 4991//4991 4992//4992
f 4990//4990 4991//4991 4992//4992
f 4993//4993 4994//4994 4995//4995
f 4993//4993 4994//4994 4995//4995
f 4996//4996 4997//4997 4998//4998
f 4996//4996 4997//4997 4998//4998
f 4999//4999 5000//5000 5001//5001
f 4999//4999 5000//5000 5001//5001
f 5002//5002 5003//5003 5004//5004
f 5002//5002 5003//5003 5004//5004
f 5005//5005 5006//5006 5007//5007
f 5005//5005 5006//5006 5007//5007
f 5008//5008 5009//5009 5010//5010
f 5008//5008 5009//5009 5010//5010
f 5011//5011 5012//5012 5013//5013
f 5011//5011 5012//5012 5013//5013
f 5014//5014 5015//5015 5016//5016
f 5014//5014 5015//5015 5016//5016
f 5017//5017 5018//5018 5019//5019
f 5017//5017 5018//5018 5019//5019
f 5020//5020 5021//5021 5022//5022
f 5020//5020 5021//5021 5022//5022
f 5023//5023 5024//5024 5025//5025
f 5023//5023 5024//5024 5025//5025
f 5026//5026 5027//5027 5028//5028
f 5026//5026 5027//5027 5028//5028
f 5029//5029 5030//5030 5031//5031
f 5029//5029 5030//5030 5031//5031
f 5032//5032 5033//5033 5034//5034
f 5032//5032 5033//5033 5034//5034
f 5035//5035 5036//5036 5037//5037
f 5035//5035 5036//5036 5037//5037
f 5038//5038 5039//5039 5040//5040
f 5041//5041 5042//5042 5043//5043
f 5044//5044 5045//5045 5046//5046
f 5047//5047 5048//5048 5049//5049
f 5050//5050 5051//5051 5052//5052
f 5051//5051 5050//5050 5053//5053
f 5054//5054 5055//5055 5056//5056
f 5057//5057 5058//5058 5059//5059
f 5060//5060 5061//5061 5062//5062
f 5063//5063 5064//5064 5065//5065
f 5066//5066 5067//5067 5068//5068
f 5069//5069 5070//5070 5071//5071
f 5072//5072 5073//5073 5074//5074
f 5075//5075 5076//5076 5077//5077
f 5078//5078 5079//5079 5080//5080
f 5081//5081 5082//5082 5083//5083
f 5084//5084 5085//5085 5086//5086
f 5087//5087 5088//5088 5089//5089
f 5090//5090 5091//5091 5092//5092
f 5093//5093 5094//5094 5095//5095
f 5096//5096 5097//5097 5098//5098
f 5099//5099 5100//5100 5101//5101
f 5102//5102 5103//5103 5104//5104
f 5105//5105 5106//5106 5107//5107
f 5108//5108 5109//5109 5110//5110
f 5111//5111 5112//5112 5113//5113
f 5114//5114 5115//5115 5116//5116
f 5117//5117 5118//5118 5119//5119
f 5120//5120 5121//5121 5122//5122
f 5123//5123 5124//5124 5125//5125
f 5126//5126 5127//5127 5128//5128
f 5129//5129 5130//5130 5131//5131
f 5132//5132 5133//5133 5134//5134
f 5135//5135 5136//5136 5137//5137
f 5138//5138 5139//5139 5140//5140
f 5141//5141 5142//5142 5143//5143
f 5144//5144 5145//5145 5146//5146
f 5147//5147 5148//5148 5149//5149
f 5150//5150 5151//5151 5152//5152
f 5153//5153 5154//5154 5155//5155
f 5156//5156 5157//5157 5158//5158
f 5159//5159 5160//5160 5161//5161
f 5162//5162 5163//5163 5164//5164
f 5165//5165 5166//5166 5167//5167
f 5168//5168 5169//5169 5170//5170
f 5171//5171 5172//5172 5173//5173
f 5174//5174 5175//5175 5176//5176
f 5177//5177 5178//5178 5179//5179
f 5180//5180 5181//5181 5182//5182
f 5183//5183 5184//5184 5185//5185
f 5186//5186 5187//5187 5188//5188
f 5189//5189 5190//5190 5191//5191
f 5192//5192 5193//5193 5194//5194
f 5195//5195 5196//5196 5197//5197
f 5198//5198 5199//5199 5200//5200
f 5201//5201 5202//5202 5203//5203
f 5204//5204 5205//5205 5206//5206
f 5207//5207 5208//5208 5209//5209
f 5210//5210 5211//5211 5212//5212
f 5213//5213 5214//5214 5215//5215
f 5216//5216 5217//5217 5218//5218
f 5219//5219 5220//5220 5221//5221
f 5222//5222 5223//5223 5224//5224
f 5225//5225 5226//5226 5227//5227
f 5228//5228 5229//5229 5230//5230
f 5231//5231 5232//5232 5233//5233
f 5234//5234 5235//5235 5236//5236
f 5237//5237 5238//5238 5239//5239
f 5240//5240 5241//5241 5242//5242
f 5243//5243 5244//5244 5245//5245
f 5246//5246 5247//5247 5248//5248
f 5249//5249 5250//5250 5251//5251
f 5252//5252 5253//5253 5254//5254
f 5255//5255 5256//5256 5257//5257
f 5258//5258 5259//5259 5260//5260
f 5261//5261 5262//5262 5263//5263
f 5264//5264 5265//5265 5266//5266
f 5267//5267 5268//5268 5269//5269
f 5270//5270 5271//5271 5272//5272
f 5273//5273 5274//5274 5275//5275
f 5276//5276 5277//5277 5278//5278
f 5279//5279 5280//5280 5281//5281

